{
"CPU": 18.966383,
"Starttime": 1714751364,
"Epoch": 1714855164,
"Version": "0.8",
"Throttled": 9,
"Utilization": 16.666668,
"Connections": 2,
"NodesCount": 12,
"TasksNew": 0,
"TasksCompleted": 19,
"TasksRunning": 2,
"TasksFailed": 0,
"TasksCount": 21,
"Tasks":[
{
"ID": 17382,
"Binary": "BTC_LOTTERY",
"State": 2,
"Progress": 0,
"Start": 1714854859,
"End": 0
}
,
{
"ID": 17384,
"Binary": "BTC_LOTTERY",
"State": 2,
"Progress": 0,
"Start": 1714854859,
"End": 0
}
,
{
"ID": 17389,
"Binary": "BTC_LOTTERY",
"State": 4,
"Progress": 100,
"Start": 1714854859,
"End": 1714855122
}
,
{
"ID": 17443,
"Binary": "DGLTC_LOTTERY",
"State": 4,
"Progress": 100,
"Start": 1714855099,
"End": 1714855105
}
,
{
"ID": 17444,
"Binary": "DGLTC_LOTTERY",
"State": 4,
"Progress": 100,
"Start": 1714855099,
"End": 1714855105
}
,
{
"ID": 17445,
"Binary": "DGLTC_LOTTERY",
"State": 4,
"Progress": 100,
"Start": 1714855099,
"End": 1714855107
}
,
{
"ID": 17446,
"Binary": "DGLTC_LOTTERY",
"State": 4,
"Progress": 100,
"Start": 1714855099,
"End": 1714855105
}
,
{
"ID": 17447,
"Binary": "DGLTC_LOTTERY",
"State": 4,
"Progress": 100,
"Start": 1714855099,
"End": 1714855106
}
,
{
"ID": 17448,
"Binary": "DGLTC_LOTTERY",
"State": 4,
"Progress": 100,
"Start": 1714855105,
"End": 1714855109
}
,
{
"ID": 17449,
"Binary": "DGLTC_LOTTERY",
"State": 4,
"Progress": 100,
"Start": 1714855103,
"End": 1714855108
}
,
{
"ID": 17450,
"Binary": "DGLTC_LOTTERY",
"State": 4,
"Progress": 100,
"Start": 1714855103,
"End": 1714855106
}
,
{
"ID": 17451,
"Binary": "DGLTC_LOTTERY",
"State": 4,
"Progress": 100,
"Start": 1714855116,
"End": 1714855123
}
,
{
"ID": 17452,
"Binary": "DGLTC_LOTTERY",
"State": 4,
"Progress": 100,
"Start": 1714855116,
"End": 1714855121
}
,
{
"ID": 17453,
"Binary": "DGLTC_LOTTERY",
"State": 4,
"Progress": 100,
"Start": 1714855116,
"End": 1714855118
}
,
{
"ID": 17454,
"Binary": "DGLTC_LOTTERY",
"State": 4,
"Progress": 100,
"Start": 1714855116,
"End": 1714855122
}
,
{
"ID": 17455,
"Binary": "DGLTC_LOTTERY",
"State": 4,
"Progress": 100,
"Start": 1714855116,
"End": 1714855122
}
,
{
"ID": 17456,
"Binary": "DGLTC_LOTTERY",
"State": 4,
"Progress": 100,
"Start": 1714855116,
"End": 1714855122
}
,
{
"ID": 17457,
"Binary": "DGLTC_LOTTERY",
"State": 4,
"Progress": 100,
"Start": 1714855116,
"End": 1714855122
}
,
{
"ID": 17458,
"Binary": "DGLTC_LOTTERY",
"State": 4,
"Progress": 100,
"Start": 1714855121,
"End": 1714855125
}
,
{
"ID": 17459,
"Binary": "DGLTC_LOTTERY",
"State": 4,
"Progress": 100,
"Start": 1714855118,
"End": 1714855121
}
,
{
"ID": 17460,
"Binary": "DGLTC_LOTTERY",
"State": 4,
"Progress": 100,
"Start": 1714855121,
"End": 1714855124
}
],
"Nodes":[
{
"ID": "ABLACK",
"Class": 1,
"Task": 0,
"CPUCount": 1,
"LoadAverage": 10.010000,
"TasksCompleted": 159,
"System": 6,
"Enabled": 1
}
,
{
"ID": "AWHITE",
"Class": 1,
"Task": 0,
"CPUCount": 8,
"LoadAverage": 0.000000,
"TasksCompleted": 169,
"System": 7,
"Enabled": 1
}
,
{
"ID": "PI_SOLAR",
"Class": 1,
"Task": 0,
"CPUCount": 4,
"LoadAverage": 0.170410,
"TasksCompleted": 152,
"System": 6,
"Enabled": 1
}
,
{
"ID": "DELL1",
"Class": 1,
"Task": 0,
"CPUCount": 8,
"LoadAverage": 1.249512,
"TasksCompleted": 3735,
"System": 5,
"Enabled": 1
}
,
{
"ID": "J_PROX",
"Class": 1,
"Task": 0,
"CPUCount": 2,
"LoadAverage": 0.549316,
"TasksCompleted": 410,
"System": 5,
"Enabled": 1
}
,
{
"ID": "J_PROX",
"Class": 1,
"Task": 0,
"CPUCount": 2,
"LoadAverage": 0.549316,
"TasksCompleted": 392,
"System": 5,
"Enabled": 1
}
,
{
"ID": "GS_EXPLORER",
"Class": 1,
"Task": 0,
"CPUCount": 1,
"LoadAverage": 0.240000,
"TasksCompleted": 334,
"System": 5,
"Enabled": 1
}
,
{
"ID": "PI_KNS",
"Class": 1,
"Task": 17382,
"CPUCount": 4,
"LoadAverage": 4.620000,
"TasksCompleted": 50,
"System": 6,
"Enabled": 1
}
,
{
"ID": "PI_KNS",
"Class": 1,
"Task": 17384,
"CPUCount": 4,
"LoadAverage": 4.620000,
"TasksCompleted": 52,
"System": 6,
"Enabled": 1
}
,
{
"ID": "LibClient",
"Class": 2,
"Task": 0,
"CPUCount": 1,
"LoadAverage": 0.724609,
"TasksCompleted": 0,
"System": 5,
"Enabled": 1
}
,
{
"ID": "P_PROX",
"Class": 1,
"Task": 0,
"CPUCount": 2,
"LoadAverage": 0.724609,
"TasksCompleted": 355,
"System": 5,
"Enabled": 1
}
,
{
"ID": "P_PROX",
"Class": 1,
"Task": 0,
"CPUCount": 2,
"LoadAverage": 0.666504,
"TasksCompleted": 344,
"System": 5,
"Enabled": 1
}
,
{
"ID": "GS_WORK",
"Class": 1,
"Task": 0,
"CPUCount": 1,
"LoadAverage": 0.320000,
"TasksCompleted": 243,
"System": 5,
"Enabled": 1
}
,
{
"ID": "LibClient",
"Class": 2,
"Task": 0,
"CPUCount": 1,
"LoadAverage": 0.724609,
"TasksCompleted": 0,
"System": 5,
"Enabled": 1
}
]}