{
"CPU": 1.416368,
"Starttime": 1714648137,
"Epoch": 1714714742,
"Version": "0.8",
"Utilization": 12.500000,
"Connections": 2,
"NodesCount": 16,
"TasksNew": 0,
"TasksCompleted": 10,
"TasksRunning": 2,
"TasksFailed": 10,
"TasksCount": 22,
"Tasks":[
{
"ID": 9835,
"Binary": "BTC_LOTTERY",
"State": 2,
"Progress": 0,
"Start": 1714714285,
"End": 0
}
,
{
"ID": 9840,
"Binary": "BTC_LOTTERY",
"State": 2,
"Progress": 0,
"Start": 1714714285,
"End": 0
}
,
{
"ID": 9881,
"Binary": "DGLTC_LOTTERY",
"State": 3,
"Progress": 100,
"Start": 1714714687,
"End": 1714714692
}
,
{
"ID": 9882,
"Binary": "DGLTC_LOTTERY",
"State": 3,
"Progress": 100,
"Start": 1714714687,
"End": 1714714697
}
,
{
"ID": 9883,
"Binary": "DGLTC_LOTTERY",
"State": 3,
"Progress": 100,
"Start": 1714714687,
"End": 1714714697
}
,
{
"ID": 9884,
"Binary": "DGLTC_LOTTERY",
"State": 3,
"Progress": 100,
"Start": 1714714687,
"End": 1714714691
}
,
{
"ID": 9885,
"Binary": "DGLTC_LOTTERY",
"State": 3,
"Progress": 100,
"Start": 1714714687,
"End": 1714714692
}
,
{
"ID": 9886,
"Binary": "DGLTC_LOTTERY",
"State": 3,
"Progress": 100,
"Start": 1714714687,
"End": 1714714703
}
,
{
"ID": 9887,
"Binary": "DGLTC_LOTTERY",
"State": 3,
"Progress": 100,
"Start": 1714714687,
"End": 1714714699
}
,
{
"ID": 9888,
"Binary": "DGLTC_LOTTERY",
"State": 3,
"Progress": 100,
"Start": 1714714692,
"End": 1714714697
}
,
{
"ID": 9889,
"Binary": "DGLTC_LOTTERY",
"State": 3,
"Progress": 100,
"Start": 1714714691,
"End": 1714714696
}
,
{
"ID": 9890,
"Binary": "DGLTC_LOTTERY",
"State": 3,
"Progress": 100,
"Start": 1714714692,
"End": 1714714696
}
,
{
"ID": 9891,
"Binary": "DGLTC_LOTTERY",
"State": 4,
"Progress": 100,
"Start": 1714714703,
"End": 1714714707
}
,
{
"ID": 9892,
"Binary": "DGLTC_LOTTERY",
"State": 4,
"Progress": 100,
"Start": 1714714703,
"End": 1714714713
}
,
{
"ID": 9893,
"Binary": "DGLTC_LOTTERY",
"State": 4,
"Progress": 100,
"Start": 1714714703,
"End": 1714714714
}
,
{
"ID": 9894,
"Binary": "DGLTC_LOTTERY",
"State": 4,
"Progress": 100,
"Start": 1714714703,
"End": 1714714708
}
,
{
"ID": 9895,
"Binary": "DGLTC_LOTTERY",
"State": 4,
"Progress": 100,
"Start": 1714714703,
"End": 1714714708
}
,
{
"ID": 9896,
"Binary": "DGLTC_LOTTERY",
"State": 4,
"Progress": 100,
"Start": 1714714703,
"End": 1714714721
}
,
{
"ID": 9897,
"Binary": "DGLTC_LOTTERY",
"State": 4,
"Progress": 100,
"Start": 1714714703,
"End": 1714714715
}
,
{
"ID": 9898,
"Binary": "DGLTC_LOTTERY",
"State": 4,
"Progress": 100,
"Start": 1714714707,
"End": 1714714712
}
,
{
"ID": 9899,
"Binary": "DGLTC_LOTTERY",
"State": 4,
"Progress": 100,
"Start": 1714714708,
"End": 1714714713
}
,
{
"ID": 9900,
"Binary": "DGLTC_LOTTERY",
"State": 4,
"Progress": 100,
"Start": 1714714708,
"End": 1714714713
}
],
"Nodes":[
{
"ID": "PI_GRIDMAN",
"Class": 1,
"Task": 0,
"CPUCount": 4,
"LoadAverage": 0.500977,
"TasksCompleted": 167,
"System": 6,
"Enabled": 1
}
,
{
"ID": "DELL2",
"Class": 1,
"Task": 0,
"CPUCount": 8,
"LoadAverage": 0.516602,
"TasksCompleted": 1766,
"System": 5,
"Enabled": 1
}
,
{
"ID": "J_PROX",
"Class": 1,
"Task": 0,
"CPUCount": 2,
"LoadAverage": 0.582520,
"TasksCompleted": 894,
"System": 5,
"Enabled": 1
}
,
{
"ID": "J_PROX",
"Class": 1,
"Task": 0,
"CPUCount": 2,
"LoadAverage": 0.582520,
"TasksCompleted": 890,
"System": 5,
"Enabled": 1
}
,
{
"ID": "PI_SOLAR",
"Class": 1,
"Task": 9835,
"CPUCount": 4,
"LoadAverage": 2.147461,
"TasksCompleted": 157,
"System": 6,
"Enabled": 1
}
,
{
"ID": "DELL1",
"Class": 1,
"Task": 0,
"CPUCount": 8,
"LoadAverage": 0.516602,
"TasksCompleted": 1729,
"System": 5,
"Enabled": 1
}
,
{
"ID": "DELL",
"Class": 1,
"Task": 0,
"CPUCount": 8,
"LoadAverage": 0.516602,
"TasksCompleted": 1723,
"System": 5,
"Enabled": 1
}
,
{
"ID": "GS_WORK",
"Class": 1,
"Task": 0,
"CPUCount": 1,
"LoadAverage": 0.580000,
"TasksCompleted": 826,
"System": 5,
"Enabled": 1
}
,
{
"ID": "GS_EXPLORER",
"Class": 1,
"Task": 0,
"CPUCount": 1,
"LoadAverage": 0.380000,
"TasksCompleted": 868,
"System": 5,
"Enabled": 1
}
,
{
"ID": "PI_KNS",
"Class": 1,
"Task": 9840,
"CPUCount": 4,
"LoadAverage": 2.460000,
"TasksCompleted": 164,
"System": 6,
"Enabled": 1
}
,
{
"ID": "PI_KNS",
"Class": 1,
"Task": 0,
"CPUCount": 4,
"LoadAverage": 2.460000,
"TasksCompleted": 55,
"System": 6,
"Enabled": 1
}
,
{
"ID": "PI_WIFI",
"Class": 1,
"Task": 0,
"CPUCount": 4,
"LoadAverage": 0.150000,
"TasksCompleted": 52,
"System": 6,
"Enabled": 1
}
,
{
"ID": "AWHITE",
"Class": 1,
"Task": 0,
"CPUCount": 8,
"LoadAverage": 0.000000,
"TasksCompleted": 48,
"System": 7,
"Enabled": 1
}
,
{
"ID": "PI_WIFI",
"Class": 1,
"Task": 0,
"CPUCount": 4,
"LoadAverage": 0.150000,
"TasksCompleted": 45,
"System": 6,
"Enabled": 1
}
,
{
"ID": "PI_WIFI",
"Class": 1,
"Task": 0,
"CPUCount": 4,
"LoadAverage": 0.150000,
"TasksCompleted": 39,
"System": 6,
"Enabled": 1
}
,
{
"ID": "ABLACK",
"Class": 1,
"Task": 0,
"CPUCount": 1,
"LoadAverage": 9.210000,
"TasksCompleted": 37,
"System": 6,
"Enabled": 1
}
,
{
"ID": "LibClient",
"Class": 2,
"Task": 0,
"CPUCount": 4,
"LoadAverage": 0.541016,
"TasksCompleted": 0,
"System": 6,
"Enabled": 1
}
,
{
"ID": "LibClient",
"Class": 2,
"Task": 0,
"CPUCount": 8,
"LoadAverage": 0.516602,
"TasksCompleted": 0,
"System": 5,
"Enabled": 1
}
]}