{
"CPU": 1.572695,
"Starttime": 1714888439,
"Epoch": 1714979399,
"Version": "0.8",
"Throttled": 20,
"Utilization": 87.500000,
"Connections": 2,
"NodesCount": 8,
"TasksNew": 0,
"TasksCompleted": 10,
"TasksRunning": 7,
"TasksFailed": 3,
"TasksCount": 20,
"Tasks":[
{
"ID": 39111,
"Binary": "DGLTC_LOTTERY",
"State": 4,
"Progress": 100,
"Start": 1714979341,
"End": 1714979343
}
,
{
"ID": 39112,
"Binary": "DGLTC_LOTTERY",
"State": 4,
"Progress": 100,
"Start": 1714979341,
"End": 1714979343
}
,
{
"ID": 39113,
"Binary": "DGLTC_LOTTERY",
"State": 4,
"Progress": 100,
"Start": 1714979341,
"End": 1714979343
}
,
{
"ID": 39114,
"Binary": "DGLTC_LOTTERY",
"State": 4,
"Progress": 100,
"Start": 1714979341,
"End": 1714979343
}
,
{
"ID": 39115,
"Binary": "DGLTC_LOTTERY",
"State": 4,
"Progress": 100,
"Start": 1714979345,
"End": 1714979347
}
,
{
"ID": 39116,
"Binary": "DGLTC_LOTTERY",
"State": 4,
"Progress": 100,
"Start": 1714979343,
"End": 1714979345
}
,
{
"ID": 39117,
"Binary": "DGLTC_LOTTERY",
"State": 4,
"Progress": 100,
"Start": 1714979345,
"End": 1714979347
}
,
{
"ID": 39118,
"Binary": "DGLTC_LOTTERY",
"State": 4,
"Progress": 100,
"Start": 1714979343,
"End": 1714979345
}
,
{
"ID": 39119,
"Binary": "DGLTC_LOTTERY",
"State": 4,
"Progress": 100,
"Start": 1714979343,
"End": 1714979346
}
,
{
"ID": 39120,
"Binary": "DGLTC_LOTTERY",
"State": 4,
"Progress": 100,
"Start": 1714979343,
"End": 1714979346
}
,
{
"ID": 39121,
"Binary": "BTC_LOTTERY",
"State": 2,
"Progress": 0,
"Start": 1714979378,
"End": 0
}
,
{
"ID": 39122,
"Binary": "BTC_LOTTERY",
"State": 2,
"Progress": 0,
"Start": 1714979378,
"End": 0
}
,
{
"ID": 39123,
"Binary": "BTC_LOTTERY",
"State": 2,
"Progress": 0,
"Start": 1714979378,
"End": 0
}
,
{
"ID": 39124,
"Binary": "BTC_LOTTERY",
"State": 2,
"Progress": 0,
"Start": 1714979378,
"End": 0
}
,
{
"ID": 39125,
"Binary": "BTC_LOTTERY",
"State": 3,
"Progress": 100,
"Start": 1714979378,
"End": 1714979379
}
,
{
"ID": 39126,
"Binary": "BTC_LOTTERY",
"State": 2,
"Progress": 0,
"Start": 1714979378,
"End": 0
}
,
{
"ID": 39127,
"Binary": "BTC_LOTTERY",
"State": 2,
"Progress": 0,
"Start": 1714979378,
"End": 0
}
,
{
"ID": 39128,
"Binary": "BTC_LOTTERY",
"State": 2,
"Progress": 0,
"Start": 1714979378,
"End": 0
}
,
{
"ID": 39129,
"Binary": "BTC_LOTTERY",
"State": 3,
"Progress": 100,
"Start": 1714979380,
"End": 1714979381
}
,
{
"ID": 39130,
"Binary": "BTC_LOTTERY",
"State": 3,
"Progress": 100,
"Start": 1714979379,
"End": 1714979380
}
],
"Nodes":[
{
"ID": "PI_SOLAR",
"Class": 1,
"Task": 0,
"CPUCount": 4,
"LoadAverage": 0.136230,
"TasksCompleted": 192,
"System": 6,
"Enabled": 1
}
,
{
"ID": "LibClient",
"Class": 2,
"Task": 0,
"CPUCount": 1,
"LoadAverage": 0.111328,
"TasksCompleted": 0,
"System": 5,
"Enabled": 1
}
,
{
"ID": "GS_EXPLORER",
"Class": 1,
"Task": 39128,
"CPUCount": 1,
"LoadAverage": 0.510000,
"TasksCompleted": 3087,
"System": 5,
"Enabled": 1
}
,
{
"ID": "GS_WORK",
"Class": 1,
"Task": 39122,
"CPUCount": 1,
"LoadAverage": 0.640000,
"TasksCompleted": 2724,
"System": 5,
"Enabled": 1
}
,
{
"ID": "LibClient",
"Class": 2,
"Task": 0,
"CPUCount": 1,
"LoadAverage": 0.111328,
"TasksCompleted": 0,
"System": 5,
"Enabled": 1
}
,
{
"ID": "J_PROX",
"Class": 1,
"Task": 39123,
"CPUCount": 2,
"LoadAverage": 0.902832,
"TasksCompleted": 3864,
"System": 5,
"Enabled": 1
}
,
{
"ID": "J_PROX",
"Class": 1,
"Task": 39127,
"CPUCount": 2,
"LoadAverage": 0.902832,
"TasksCompleted": 3859,
"System": 5,
"Enabled": 1
}
,
{
"ID": "PI_KNS",
"Class": 1,
"Task": 39121,
"CPUCount": 4,
"LoadAverage": 1.630000,
"TasksCompleted": 39,
"System": 6,
"Enabled": 1
}
,
{
"ID": "PI_KNS",
"Class": 1,
"Task": 39126,
"CPUCount": 4,
"LoadAverage": 1.630000,
"TasksCompleted": 39,
"System": 6,
"Enabled": 1
}
,
{
"ID": "ABLACK",
"Class": 1,
"Task": 39124,
"CPUCount": 3,
"LoadAverage": 9.610000,
"TasksCompleted": 1,
"System": 6,
"Enabled": 1
}
]}