{
"CPU": 1.355875,
"Starttime": 1715001162,
"Epoch": 1715058582,
"Version": "0.8",
"Throttled": 16,
"Utilization": 18.181818,
"Connections": 2,
"NodesCount": 11,
"TasksNew": 0,
"TasksCompleted": 13,
"TasksRunning": 2,
"TasksFailed": 2,
"TasksCount": 17,
"Tasks":[
{
"ID": 48091,
"Binary": "BTC_LOTTERY",
"State": 2,
"Progress": 0,
"Start": 1715058191,
"End": 0
}
,
{
"ID": 48093,
"Binary": "BTC_LOTTERY",
"State": 2,
"Progress": 0,
"Start": 1715058191,
"End": 0
}
,
{
"ID": 48116,
"Binary": "DGLTC_LOTTERY",
"State": 4,
"Progress": 100,
"Start": 1715058525,
"End": 1715058527
}
,
{
"ID": 48117,
"Binary": "DGLTC_LOTTERY",
"State": 4,
"Progress": 100,
"Start": 1715058525,
"End": 1715058527
}
,
{
"ID": 48118,
"Binary": "DGLTC_LOTTERY",
"State": 3,
"Progress": 100,
"Start": 1715058525,
"End": 1715058526
}
,
{
"ID": 48119,
"Binary": "DGLTC_LOTTERY",
"State": 4,
"Progress": 100,
"Start": 1715058525,
"End": 1715058527
}
,
{
"ID": 48120,
"Binary": "DGLTC_LOTTERY",
"State": 4,
"Progress": 100,
"Start": 1715058525,
"End": 1715058528
}
,
{
"ID": 48121,
"Binary": "DGLTC_LOTTERY",
"State": 4,
"Progress": 100,
"Start": 1715058547,
"End": 1715058549
}
,
{
"ID": 48122,
"Binary": "DGLTC_LOTTERY",
"State": 3,
"Progress": 100,
"Start": 1715058547,
"End": 1715058548
}
,
{
"ID": 48123,
"Binary": "DGLTC_LOTTERY",
"State": 4,
"Progress": 100,
"Start": 1715058547,
"End": 1715058548
}
,
{
"ID": 48124,
"Binary": "DGLTC_LOTTERY",
"State": 4,
"Progress": 100,
"Start": 1715058547,
"End": 1715058548
}
,
{
"ID": 48125,
"Binary": "DGLTC_LOTTERY",
"State": 4,
"Progress": 100,
"Start": 1715058547,
"End": 1715058549
}
,
{
"ID": 48126,
"Binary": "DGLTC_LOTTERY",
"State": 4,
"Progress": 100,
"Start": 1715058574,
"End": 1715058577
}
,
{
"ID": 48127,
"Binary": "DGLTC_LOTTERY",
"State": 4,
"Progress": 100,
"Start": 1715058574,
"End": 1715058577
}
,
{
"ID": 48128,
"Binary": "DGLTC_LOTTERY",
"State": 4,
"Progress": 100,
"Start": 1715058574,
"End": 1715058577
}
,
{
"ID": 48129,
"Binary": "DGLTC_LOTTERY",
"State": 4,
"Progress": 100,
"Start": 1715058574,
"End": 1715058576
}
,
{
"ID": 48130,
"Binary": "DGLTC_LOTTERY",
"State": 4,
"Progress": 100,
"Start": 1715058574,
"End": 1715058577
}
],
"Nodes":[
{
"ID": "GS_WORK",
"Class": 1,
"Task": 0,
"CPUCount": 1,
"LoadAverage": 0.180000,
"TasksCompleted": 823,
"System": 5,
"Enabled": 1
}
,
{
"ID": "GS_EXPLORER",
"Class": 1,
"Task": 0,
"CPUCount": 1,
"LoadAverage": 0.010000,
"TasksCompleted": 835,
"System": 5,
"Enabled": 1
}
,
{
"ID": "J_PROX",
"Class": 1,
"Task": 0,
"CPUCount": 2,
"LoadAverage": 0.015137,
"TasksCompleted": 1028,
"System": 5,
"Enabled": 1
}
,
{
"ID": "J_PROX",
"Class": 1,
"Task": 0,
"CPUCount": 2,
"LoadAverage": 0.015137,
"TasksCompleted": 1001,
"System": 5,
"Enabled": 1
}
,
{
"ID": "LibClient",
"Class": 2,
"Task": 0,
"CPUCount": 1,
"LoadAverage": 0.000000,
"TasksCompleted": 0,
"System": 5,
"Enabled": 1
}
,
{
"ID": "ABLACK",
"Class": 1,
"Task": 0,
"CPUCount": 1,
"LoadAverage": 9.660000,
"TasksCompleted": 50,
"System": 6,
"Enabled": 1
}
,
{
"ID": "AWHITE",
"Class": 1,
"Task": 0,
"CPUCount": 8,
"LoadAverage": 0.000000,
"TasksCompleted": 48,
"System": 7,
"Enabled": 1
}
,
{
"ID": "GS_API",
"Class": 1,
"Task": 0,
"CPUCount": 1,
"LoadAverage": 0.010000,
"TasksCompleted": 506,
"System": 5,
"Enabled": 1
}
,
{
"ID": "L2_PROD",
"Class": 1,
"Task": 0,
"CPUCount": 2,
"LoadAverage": 0.100000,
"TasksCompleted": 622,
"System": 5,
"Enabled": 1
}
,
{
"ID": "LibClient",
"Class": 2,
"Task": 0,
"CPUCount": 1,
"LoadAverage": 0.000000,
"TasksCompleted": 0,
"System": 5,
"Enabled": 1
}
,
{
"ID": "PI_KNS",
"Class": 1,
"Task": 48093,
"CPUCount": 4,
"LoadAverage": 4.580000,
"TasksCompleted": 13,
"System": 6,
"Enabled": 1
}
,
{
"ID": "PI_KNS",
"Class": 1,
"Task": 48091,
"CPUCount": 4,
"LoadAverage": 4.580000,
"TasksCompleted": 15,
"System": 6,
"Enabled": 1
}
,
{
"ID": "IMAC1",
"Class": 1,
"Task": 0,
"CPUCount": 8,
"LoadAverage": 1.335449,
"TasksCompleted": 2,
"System": 3,
"Enabled": 1
}
]}