{
"CPU": 69.906479,
"Starttime": 1714745749,
"Epoch": 1714749589,
"Version": "0.8",
"Utilization": 100.000000,
"Connections": 3,
"NodesCount": 12,
"TasksNew": 3,
"TasksCompleted": 18,
"TasksRunning": 12,
"TasksFailed": 0,
"TasksCount": 33,
"Tasks":[
{
"ID": 994,
"Binary": "BTC_LOTTERY",
"State": 2,
"Progress": 0,
"Start": 1714749251,
"End": 0
}
,
{
"ID": 996,
"Binary": "BTC_LOTTERY",
"State": 2,
"Progress": 0,
"Start": 1714749251,
"End": 0
}
,
{
"ID": 1062,
"Binary": "HELIUM_MNEMONICS",
"State": 4,
"Progress": 100,
"Start": 1714749485,
"End": 1714749532
}
,
{
"ID": 1064,
"Binary": "HELIUM_MNEMONICS",
"State": 2,
"Progress": 0,
"Start": 1714749485,
"End": 0
}
,
{
"ID": 1068,
"Binary": "HELIUM_MNEMONICS",
"State": 2,
"Progress": 0,
"Start": 1714749491,
"End": 0
}
,
{
"ID": 1069,
"Binary": "HELIUM_MNEMONICS",
"State": 4,
"Progress": 100,
"Start": 1714749491,
"End": 1714749545
}
,
{
"ID": 1070,
"Binary": "HELIUM_MNEMONICS",
"State": 4,
"Progress": 100,
"Start": 1714749488,
"End": 1714749536
}
,
{
"ID": 1081,
"Binary": "DGLTC_LOTTERY",
"State": 4,
"Progress": 100,
"Start": 1714749525,
"End": 1714749531
}
,
{
"ID": 1083,
"Binary": "DGLTC_LOTTERY",
"State": 4,
"Progress": 100,
"Start": 1714749528,
"End": 1714749533
}
,
{
"ID": 1084,
"Binary": "DGLTC_LOTTERY",
"State": 4,
"Progress": 100,
"Start": 1714749531,
"End": 1714749537
}
,
{
"ID": 1086,
"Binary": "DGLTC_LOTTERY",
"State": 4,
"Progress": 100,
"Start": 1714749525,
"End": 1714749531
}
,
{
"ID": 1089,
"Binary": "DGLTC_LOTTERY",
"State": 4,
"Progress": 100,
"Start": 1714749531,
"End": 1714749537
}
,
{
"ID": 1090,
"Binary": "DGLTC_LOTTERY",
"State": 4,
"Progress": 100,
"Start": 1714749527,
"End": 1714749533
}
,
{
"ID": 1091,
"Binary": "HELIUM_MNEMONICS",
"State": 4,
"Progress": 100,
"Start": 1714749536,
"End": 1714749543
}
,
{
"ID": 1092,
"Binary": "HELIUM_MNEMONICS",
"State": 4,
"Progress": 100,
"Start": 1714749536,
"End": 1714749571
}
,
{
"ID": 1093,
"Binary": "HELIUM_MNEMONICS",
"State": 4,
"Progress": 100,
"Start": 1714749536,
"End": 1714749584
}
,
{
"ID": 1094,
"Binary": "HELIUM_MNEMONICS",
"State": 4,
"Progress": 100,
"Start": 1714749536,
"End": 1714749583
}
,
{
"ID": 1095,
"Binary": "HELIUM_MNEMONICS",
"State": 4,
"Progress": 100,
"Start": 1714749536,
"End": 1714749571
}
,
{
"ID": 1096,
"Binary": "HELIUM_MNEMONICS",
"State": 2,
"Progress": 0,
"Start": 1714749545,
"End": 0
}
,
{
"ID": 1097,
"Binary": "HELIUM_MNEMONICS",
"State": 4,
"Progress": 100,
"Start": 1714749550,
"End": 1714749556
}
,
{
"ID": 1098,
"Binary": "HELIUM_MNEMONICS",
"State": 4,
"Progress": 100,
"Start": 1714749537,
"End": 1714749570
}
,
{
"ID": 1099,
"Binary": "HELIUM_MNEMONICS",
"State": 4,
"Progress": 100,
"Start": 1714749537,
"End": 1714749570
}
,
{
"ID": 1100,
"Binary": "HELIUM_MNEMONICS",
"State": 4,
"Progress": 100,
"Start": 1714749543,
"End": 1714749550
}
,
{
"ID": 1101,
"Binary": "HELIUM_MNEMONICS",
"State": 2,
"Progress": 0,
"Start": 1714749584,
"End": 0
}
,
{
"ID": 1102,
"Binary": "HELIUM_MNEMONICS",
"State": 2,
"Progress": 0,
"Start": 1714749584,
"End": 0
}
,
{
"ID": 1103,
"Binary": "HELIUM_MNEMONICS",
"State": 2,
"Progress": 0,
"Start": 1714749584,
"End": 0
}
,
{
"ID": 1104,
"Binary": "HELIUM_MNEMONICS",
"State": 2,
"Progress": 0,
"Start": 1714749584,
"End": 0
}
,
{
"ID": 1105,
"Binary": "HELIUM_MNEMONICS",
"State": 2,
"Progress": 0,
"Start": 1714749584,
"End": 0
}
,
{
"ID": 1106,
"Binary": "HELIUM_MNEMONICS",
"State": 2,
"Progress": 0,
"Start": 1714749584,
"End": 0
}
,
{
"ID": 1107,
"Binary": "HELIUM_MNEMONICS",
"State": 2,
"Progress": 0,
"Start": 1714749584,
"End": 0
}
,
{
"ID": 1108,
"Binary": "HELIUM_MNEMONICS",
"State": 1,
"Progress": 0,
"Start": 0,
"End": 0
}
,
{
"ID": 1109,
"Binary": "HELIUM_MNEMONICS",
"State": 1,
"Progress": 0,
"Start": 0,
"End": 0
}
,
{
"ID": 1110,
"Binary": "HELIUM_MNEMONICS",
"State": 1,
"Progress": 0,
"Start": 0,
"End": 0
}
],
"Nodes":[
{
"ID": "PI_KNS",
"Class": 1,
"Task": 1064,
"CPUCount": 4,
"LoadAverage": 4.510000,
"TasksCompleted": 37,
"System": 6,
"Enabled": 1
}
,
{
"ID": "PI_KNS",
"Class": 1,
"Task": 1068,
"CPUCount": 4,
"LoadAverage": 4.510000,
"TasksCompleted": 34,
"System": 6,
"Enabled": 1
}
,
{
"ID": "GS_WORK",
"Class": 1,
"Task": 1096,
"CPUCount": 1,
"LoadAverage": 1.940000,
"TasksCompleted": 82,
"System": 5,
"Enabled": 1
}
,
{
"ID": "J_PROX",
"Class": 1,
"Task": 1103,
"CPUCount": 2,
"LoadAverage": 2.659180,
"TasksCompleted": 140,
"System": 5,
"Enabled": 1
}
,
{
"ID": "GS_EXPLORER",
"Class": 1,
"Task": 1104,
"CPUCount": 1,
"LoadAverage": 1.870000,
"TasksCompleted": 102,
"System": 5,
"Enabled": 1
}
,
{
"ID": "J_PROX",
"Class": 1,
"Task": 1101,
"CPUCount": 2,
"LoadAverage": 2.659180,
"TasksCompleted": 133,
"System": 5,
"Enabled": 1
}
,
{
"ID": "PI_SOLAR",
"Class": 1,
"Task": 996,
"CPUCount": 4,
"LoadAverage": 2.242676,
"TasksCompleted": 35,
"System": 6,
"Enabled": 1
}
,
{
"ID": "ABLACK",
"Class": 1,
"Task": 994,
"CPUCount": 3,
"LoadAverage": 10.960000,
"TasksCompleted": 43,
"System": 6,
"Enabled": 1
}
,
{
"ID": "AWHITE",
"Class": 1,
"Task": 1106,
"CPUCount": 8,
"LoadAverage": 0.000000,
"TasksCompleted": 65,
"System": 7,
"Enabled": 1
}
,
{
"ID": "LibClient",
"Class": 2,
"Task": 0,
"CPUCount": 1,
"LoadAverage": 2.945801,
"TasksCompleted": 0,
"System": 5,
"Enabled": 1
}
,
{
"ID": "LibClient",
"Class": 2,
"Task": 0,
"CPUCount": 1,
"LoadAverage": 2.945801,
"TasksCompleted": 0,
"System": 5,
"Enabled": 1
}
,
{
"ID": "LibClient",
"Class": 2,
"Task": 0,
"CPUCount": 1,
"LoadAverage": 3.202637,
"TasksCompleted": 0,
"System": 5,
"Enabled": 1
}
,
{
"ID": "P_PROX",
"Class": 1,
"Task": 1107,
"CPUCount": 2,
"LoadAverage": 2.945801,
"TasksCompleted": 33,
"System": 5,
"Enabled": 1
}
,
{
"ID": "P_PROX",
"Class": 1,
"Task": 1105,
"CPUCount": 2,
"LoadAverage": 2.945801,
"TasksCompleted": 42,
"System": 5,
"Enabled": 1
}
,
{
"ID": "IMAC1",
"Class": 1,
"Task": 1102,
"CPUCount": 8,
"LoadAverage": 1.941895,
"TasksCompleted": 49,
"System": 3,
"Enabled": 1
}
]}