{
"CPU": 19.866220,
"Starttime": 1714751364,
"Epoch": 1714843164,
"Version": "0.8",
"Throttled": 8,
"Utilization": 33.333336,
"Connections": 2,
"NodesCount": 12,
"TasksNew": 0,
"TasksCompleted": 40,
"TasksRunning": 4,
"TasksFailed": 0,
"TasksCount": 44,
"Tasks":[
{
"ID": 14872,
"Binary": "BTC_LOTTERY",
"State": 2,
"Progress": 0,
"Start": 1714842938,
"End": 0
}
,
{
"ID": 14877,
"Binary": "BTC_LOTTERY",
"State": 2,
"Progress": 0,
"Start": 1714842938,
"End": 0
}
,
{
"ID": 14879,
"Binary": "BTC_LOTTERY",
"State": 2,
"Progress": 0,
"Start": 1714842938,
"End": 0
}
,
{
"ID": 14880,
"Binary": "BTC_LOTTERY",
"State": 2,
"Progress": 0,
"Start": 1714842938,
"End": 0
}
,
{
"ID": 14891,
"Binary": "DGLTC_LOTTERY",
"State": 4,
"Progress": 100,
"Start": 1714843107,
"End": 1714843109
}
,
{
"ID": 14892,
"Binary": "DGLTC_LOTTERY",
"State": 4,
"Progress": 100,
"Start": 1714843107,
"End": 1714843109
}
,
{
"ID": 14893,
"Binary": "DGLTC_LOTTERY",
"State": 4,
"Progress": 100,
"Start": 1714843107,
"End": 1714843110
}
,
{
"ID": 14894,
"Binary": "DGLTC_LOTTERY",
"State": 4,
"Progress": 100,
"Start": 1714843107,
"End": 1714843110
}
,
{
"ID": 14895,
"Binary": "DGLTC_LOTTERY",
"State": 4,
"Progress": 100,
"Start": 1714843107,
"End": 1714843111
}
,
{
"ID": 14896,
"Binary": "DGLTC_LOTTERY",
"State": 4,
"Progress": 100,
"Start": 1714843107,
"End": 1714843110
}
,
{
"ID": 14897,
"Binary": "DGLTC_LOTTERY",
"State": 4,
"Progress": 100,
"Start": 1714843107,
"End": 1714843110
}
,
{
"ID": 14898,
"Binary": "DGLTC_LOTTERY",
"State": 4,
"Progress": 100,
"Start": 1714843109,
"End": 1714843112
}
,
{
"ID": 14899,
"Binary": "DGLTC_LOTTERY",
"State": 4,
"Progress": 100,
"Start": 1714843110,
"End": 1714843112
}
,
{
"ID": 14900,
"Binary": "DGLTC_LOTTERY",
"State": 4,
"Progress": 100,
"Start": 1714843109,
"End": 1714843111
}
,
{
"ID": 14901,
"Binary": "DGLTC_LOTTERY",
"State": 4,
"Progress": 100,
"Start": 1714843113,
"End": 1714843116
}
,
{
"ID": 14902,
"Binary": "DGLTC_LOTTERY",
"State": 4,
"Progress": 100,
"Start": 1714843113,
"End": 1714843116
}
,
{
"ID": 14903,
"Binary": "DGLTC_LOTTERY",
"State": 4,
"Progress": 100,
"Start": 1714843113,
"End": 1714843117
}
,
{
"ID": 14904,
"Binary": "DGLTC_LOTTERY",
"State": 4,
"Progress": 100,
"Start": 1714843113,
"End": 1714843115
}
,
{
"ID": 14905,
"Binary": "DGLTC_LOTTERY",
"State": 4,
"Progress": 100,
"Start": 1714843113,
"End": 1714843117
}
,
{
"ID": 14906,
"Binary": "DGLTC_LOTTERY",
"State": 4,
"Progress": 100,
"Start": 1714843113,
"End": 1714843117
}
,
{
"ID": 14907,
"Binary": "DGLTC_LOTTERY",
"State": 4,
"Progress": 100,
"Start": 1714843113,
"End": 1714843117
}
,
{
"ID": 14908,
"Binary": "DGLTC_LOTTERY",
"State": 4,
"Progress": 100,
"Start": 1714843116,
"End": 1714843119
}
,
{
"ID": 14909,
"Binary": "DGLTC_LOTTERY",
"State": 4,
"Progress": 100,
"Start": 1714843115,
"End": 1714843117
}
,
{
"ID": 14910,
"Binary": "DGLTC_LOTTERY",
"State": 4,
"Progress": 100,
"Start": 1714843116,
"End": 1714843119
}
,
{
"ID": 14911,
"Binary": "DGLTC_LOTTERY",
"State": 4,
"Progress": 100,
"Start": 1714843132,
"End": 1714843135
}
,
{
"ID": 14912,
"Binary": "DGLTC_LOTTERY",
"State": 4,
"Progress": 100,
"Start": 1714843132,
"End": 1714843136
}
,
{
"ID": 14913,
"Binary": "DGLTC_LOTTERY",
"State": 4,
"Progress": 100,
"Start": 1714843132,
"End": 1714843135
}
,
{
"ID": 14914,
"Binary": "DGLTC_LOTTERY",
"State": 4,
"Progress": 100,
"Start": 1714843132,
"End": 1714843135
}
,
{
"ID": 14915,
"Binary": "DGLTC_LOTTERY",
"State": 4,
"Progress": 100,
"Start": 1714843132,
"End": 1714843134
}
,
{
"ID": 14916,
"Binary": "DGLTC_LOTTERY",
"State": 4,
"Progress": 100,
"Start": 1714843132,
"End": 1714843135
}
,
{
"ID": 14917,
"Binary": "DGLTC_LOTTERY",
"State": 4,
"Progress": 100,
"Start": 1714843132,
"End": 1714843137
}
,
{
"ID": 14918,
"Binary": "DGLTC_LOTTERY",
"State": 4,
"Progress": 100,
"Start": 1714843135,
"End": 1714843138
}
,
{
"ID": 14919,
"Binary": "DGLTC_LOTTERY",
"State": 4,
"Progress": 100,
"Start": 1714843134,
"End": 1714843136
}
,
{
"ID": 14920,
"Binary": "DGLTC_LOTTERY",
"State": 4,
"Progress": 100,
"Start": 1714843135,
"End": 1714843138
}
,
{
"ID": 14921,
"Binary": "DGLTC_LOTTERY",
"State": 4,
"Progress": 100,
"Start": 1714843146,
"End": 1714843148
}
,
{
"ID": 14922,
"Binary": "DGLTC_LOTTERY",
"State": 4,
"Progress": 100,
"Start": 1714843146,
"End": 1714843148
}
,
{
"ID": 14923,
"Binary": "DGLTC_LOTTERY",
"State": 4,
"Progress": 100,
"Start": 1714843146,
"End": 1714843149
}
,
{
"ID": 14924,
"Binary": "DGLTC_LOTTERY",
"State": 4,
"Progress": 100,
"Start": 1714843146,
"End": 1714843149
}
,
{
"ID": 14925,
"Binary": "DGLTC_LOTTERY",
"State": 4,
"Progress": 100,
"Start": 1714843146,
"End": 1714843149
}
,
{
"ID": 14926,
"Binary": "DGLTC_LOTTERY",
"State": 4,
"Progress": 100,
"Start": 1714843146,
"End": 1714843150
}
,
{
"ID": 14927,
"Binary": "DGLTC_LOTTERY",
"State": 4,
"Progress": 100,
"Start": 1714843146,
"End": 1714843148
}
,
{
"ID": 14928,
"Binary": "DGLTC_LOTTERY",
"State": 4,
"Progress": 100,
"Start": 1714843148,
"End": 1714843151
}
,
{
"ID": 14929,
"Binary": "DGLTC_LOTTERY",
"State": 4,
"Progress": 100,
"Start": 1714843148,
"End": 1714843150
}
,
{
"ID": 14930,
"Binary": "DGLTC_LOTTERY",
"State": 4,
"Progress": 100,
"Start": 1714843148,
"End": 1714843150
}
],
"Nodes":[
{
"ID": "ABLACK",
"Class": 1,
"Task": 14877,
"CPUCount": 3,
"LoadAverage": 11.090000,
"TasksCompleted": 117,
"System": 6,
"Enabled": 1
}
,
{
"ID": "AWHITE",
"Class": 1,
"Task": 0,
"CPUCount": 8,
"LoadAverage": 0.000000,
"TasksCompleted": 122,
"System": 7,
"Enabled": 1
}
,
{
"ID": "PI_SOLAR",
"Class": 1,
"Task": 14879,
"CPUCount": 4,
"LoadAverage": 2.127441,
"TasksCompleted": 113,
"System": 6,
"Enabled": 1
}
,
{
"ID": "DELL1",
"Class": 1,
"Task": 0,
"CPUCount": 8,
"LoadAverage": 1.204590,
"TasksCompleted": 3181,
"System": 5,
"Enabled": 1
}
,
{
"ID": "J_PROX",
"Class": 1,
"Task": 0,
"CPUCount": 2,
"LoadAverage": 0.487793,
"TasksCompleted": 123,
"System": 5,
"Enabled": 1
}
,
{
"ID": "J_PROX",
"Class": 1,
"Task": 0,
"CPUCount": 2,
"LoadAverage": 0.487793,
"TasksCompleted": 120,
"System": 5,
"Enabled": 1
}
,
{
"ID": "GS_EXPLORER",
"Class": 1,
"Task": 0,
"CPUCount": 1,
"LoadAverage": 0.390000,
"TasksCompleted": 105,
"System": 5,
"Enabled": 1
}
,
{
"ID": "PI_KNS",
"Class": 1,
"Task": 14872,
"CPUCount": 4,
"LoadAverage": 4.370000,
"TasksCompleted": 8,
"System": 6,
"Enabled": 1
}
,
{
"ID": "PI_KNS",
"Class": 1,
"Task": 14880,
"CPUCount": 4,
"LoadAverage": 4.370000,
"TasksCompleted": 8,
"System": 6,
"Enabled": 1
}
,
{
"ID": "LibClient",
"Class": 2,
"Task": 0,
"CPUCount": 1,
"LoadAverage": 0.448730,
"TasksCompleted": 0,
"System": 5,
"Enabled": 1
}
,
{
"ID": "LibClient",
"Class": 2,
"Task": 0,
"CPUCount": 1,
"LoadAverage": 0.487793,
"TasksCompleted": 0,
"System": 5,
"Enabled": 1
}
,
{
"ID": "P_PROX",
"Class": 1,
"Task": 0,
"CPUCount": 2,
"LoadAverage": 0.448730,
"TasksCompleted": 49,
"System": 5,
"Enabled": 1
}
,
{
"ID": "P_PROX",
"Class": 1,
"Task": 0,
"CPUCount": 2,
"LoadAverage": 0.448730,
"TasksCompleted": 46,
"System": 5,
"Enabled": 1
}
,
{
"ID": "GS_WORK",
"Class": 1,
"Task": 0,
"CPUCount": 1,
"LoadAverage": 0.540000,
"TasksCompleted": 25,
"System": 5,
"Enabled": 1
}
]}