{
"CPU": 1.690377,
"Starttime": 1714888439,
"Epoch": 1714991399,
"Version": "0.8",
"Throttled": 22,
"Utilization": 0.000000,
"Connections": 2,
"NodesCount": 7,
"TasksNew": 0,
"TasksCompleted": 30,
"TasksRunning": 0,
"TasksFailed": 0,
"TasksCount": 30,
"Tasks":[
{
"ID": 41171,
"Binary": "DGLTC_LOTTERY",
"State": 4,
"Progress": 100,
"Start": 1714991341,
"End": 1714991343
}
,
{
"ID": 41172,
"Binary": "DGLTC_LOTTERY",
"State": 4,
"Progress": 100,
"Start": 1714991341,
"End": 1714991343
}
,
{
"ID": 41173,
"Binary": "DGLTC_LOTTERY",
"State": 4,
"Progress": 100,
"Start": 1714991341,
"End": 1714991344
}
,
{
"ID": 41174,
"Binary": "DGLTC_LOTTERY",
"State": 4,
"Progress": 100,
"Start": 1714991341,
"End": 1714991343
}
,
{
"ID": 41175,
"Binary": "DGLTC_LOTTERY",
"State": 4,
"Progress": 100,
"Start": 1714991343,
"End": 1714991346
}
,
{
"ID": 41176,
"Binary": "DGLTC_LOTTERY",
"State": 4,
"Progress": 100,
"Start": 1714991343,
"End": 1714991345
}
,
{
"ID": 41177,
"Binary": "DGLTC_LOTTERY",
"State": 4,
"Progress": 100,
"Start": 1714991345,
"End": 1714991348
}
,
{
"ID": 41178,
"Binary": "DGLTC_LOTTERY",
"State": 4,
"Progress": 100,
"Start": 1714991346,
"End": 1714991348
}
,
{
"ID": 41179,
"Binary": "DGLTC_LOTTERY",
"State": 4,
"Progress": 100,
"Start": 1714991343,
"End": 1714991346
}
,
{
"ID": 41180,
"Binary": "DGLTC_LOTTERY",
"State": 4,
"Progress": 100,
"Start": 1714991344,
"End": 1714991346
}
,
{
"ID": 41181,
"Binary": "DGLTC_LOTTERY",
"State": 4,
"Progress": 100,
"Start": 1714991354,
"End": 1714991357
}
,
{
"ID": 41182,
"Binary": "DGLTC_LOTTERY",
"State": 4,
"Progress": 100,
"Start": 1714991354,
"End": 1714991356
}
,
{
"ID": 41183,
"Binary": "DGLTC_LOTTERY",
"State": 4,
"Progress": 100,
"Start": 1714991354,
"End": 1714991356
}
,
{
"ID": 41184,
"Binary": "DGLTC_LOTTERY",
"State": 4,
"Progress": 100,
"Start": 1714991354,
"End": 1714991356
}
,
{
"ID": 41185,
"Binary": "DGLTC_LOTTERY",
"State": 4,
"Progress": 100,
"Start": 1714991356,
"End": 1714991358
}
,
{
"ID": 41186,
"Binary": "DGLTC_LOTTERY",
"State": 4,
"Progress": 100,
"Start": 1714991356,
"End": 1714991359
}
,
{
"ID": 41187,
"Binary": "DGLTC_LOTTERY",
"State": 4,
"Progress": 100,
"Start": 1714991358,
"End": 1714991361
}
,
{
"ID": 41188,
"Binary": "DGLTC_LOTTERY",
"State": 4,
"Progress": 100,
"Start": 1714991359,
"End": 1714991361
}
,
{
"ID": 41189,
"Binary": "DGLTC_LOTTERY",
"State": 4,
"Progress": 100,
"Start": 1714991356,
"End": 1714991359
}
,
{
"ID": 41190,
"Binary": "DGLTC_LOTTERY",
"State": 4,
"Progress": 100,
"Start": 1714991357,
"End": 1714991359
}
,
{
"ID": 41191,
"Binary": "DGLTC_LOTTERY",
"State": 4,
"Progress": 100,
"Start": 1714991372,
"End": 1714991375
}
,
{
"ID": 41192,
"Binary": "DGLTC_LOTTERY",
"State": 4,
"Progress": 100,
"Start": 1714991372,
"End": 1714991375
}
,
{
"ID": 41193,
"Binary": "DGLTC_LOTTERY",
"State": 4,
"Progress": 100,
"Start": 1714991372,
"End": 1714991374
}
,
{
"ID": 41194,
"Binary": "DGLTC_LOTTERY",
"State": 4,
"Progress": 100,
"Start": 1714991372,
"End": 1714991375
}
,
{
"ID": 41195,
"Binary": "DGLTC_LOTTERY",
"State": 4,
"Progress": 100,
"Start": 1714991377,
"End": 1714991379
}
,
{
"ID": 41196,
"Binary": "DGLTC_LOTTERY",
"State": 4,
"Progress": 100,
"Start": 1714991375,
"End": 1714991377
}
,
{
"ID": 41197,
"Binary": "DGLTC_LOTTERY",
"State": 4,
"Progress": 100,
"Start": 1714991377,
"End": 1714991379
}
,
{
"ID": 41198,
"Binary": "DGLTC_LOTTERY",
"State": 4,
"Progress": 100,
"Start": 1714991375,
"End": 1714991377
}
,
{
"ID": 41199,
"Binary": "DGLTC_LOTTERY",
"State": 4,
"Progress": 100,
"Start": 1714991375,
"End": 1714991378
}
,
{
"ID": 41200,
"Binary": "DGLTC_LOTTERY",
"State": 4,
"Progress": 100,
"Start": 1714991374,
"End": 1714991377
}
],
"Nodes":[
{
"ID": "PI_SOLAR",
"Class": 1,
"Task": 0,
"CPUCount": 4,
"LoadAverage": 0.208008,
"TasksCompleted": 242,
"System": 6,
"Enabled": 1
}
,
{
"ID": "LibClient",
"Class": 2,
"Task": 0,
"CPUCount": 1,
"LoadAverage": 0.000000,
"TasksCompleted": 0,
"System": 5,
"Enabled": 1
}
,
{
"ID": "GS_EXPLORER",
"Class": 1,
"Task": 0,
"CPUCount": 1,
"LoadAverage": 0.120000,
"TasksCompleted": 3447,
"System": 5,
"Enabled": 1
}
,
{
"ID": "GS_WORK",
"Class": 1,
"Task": 0,
"CPUCount": 1,
"LoadAverage": 0.160000,
"TasksCompleted": 3062,
"System": 5,
"Enabled": 1
}
,
{
"ID": "LibClient",
"Class": 2,
"Task": 0,
"CPUCount": 1,
"LoadAverage": 0.000000,
"TasksCompleted": 0,
"System": 5,
"Enabled": 1
}
,
{
"ID": "J_PROX",
"Class": 1,
"Task": 0,
"CPUCount": 2,
"LoadAverage": 0.555176,
"TasksCompleted": 4425,
"System": 5,
"Enabled": 1
}
,
{
"ID": "J_PROX",
"Class": 1,
"Task": 0,
"CPUCount": 2,
"LoadAverage": 0.555176,
"TasksCompleted": 4422,
"System": 5,
"Enabled": 1
}
,
{
"ID": "PI_KNS",
"Class": 1,
"Task": 0,
"CPUCount": 4,
"LoadAverage": 0.390000,
"TasksCompleted": 53,
"System": 6,
"Enabled": 1
}
,
{
"ID": "PI_KNS",
"Class": 1,
"Task": 0,
"CPUCount": 4,
"LoadAverage": 0.390000,
"TasksCompleted": 53,
"System": 6,
"Enabled": 1
}
]}