{
"CPU": 64.625397,
"Starttime": 1714751364,
"Epoch": 1714871364,
"Version": "0.8",
"Throttled": 11,
"Utilization": 90.909096,
"Connections": 2,
"NodesCount": 11,
"TasksNew": 0,
"TasksCompleted": 20,
"TasksRunning": 10,
"TasksFailed": 3,
"TasksCount": 33,
"Tasks":[
{
"ID": 20093,
"Binary": "BTC_LOTTERY",
"State": 3,
"Progress": 100,
"Start": 1714870906,
"End": 1714871334
}
,
{
"ID": 20094,
"Binary": "BTC_LOTTERY",
"State": 3,
"Progress": 100,
"Start": 1714870906,
"End": 1714871334
}
,
{
"ID": 20095,
"Binary": "BTC_LOTTERY",
"State": 3,
"Progress": 100,
"Start": 1714870906,
"End": 1714871334
}
,
{
"ID": 20171,
"Binary": "DGLTC_LOTTERY",
"State": 4,
"Progress": 100,
"Start": 1714871300,
"End": 1714871306
}
,
{
"ID": 20172,
"Binary": "DGLTC_LOTTERY",
"State": 4,
"Progress": 100,
"Start": 1714871300,
"End": 1714871307
}
,
{
"ID": 20173,
"Binary": "DGLTC_LOTTERY",
"State": 4,
"Progress": 100,
"Start": 1714871300,
"End": 1714871309
}
,
{
"ID": 20174,
"Binary": "DGLTC_LOTTERY",
"State": 4,
"Progress": 100,
"Start": 1714871300,
"End": 1714871306
}
,
{
"ID": 20175,
"Binary": "DGLTC_LOTTERY",
"State": 4,
"Progress": 100,
"Start": 1714871300,
"End": 1714871306
}
,
{
"ID": 20176,
"Binary": "DGLTC_LOTTERY",
"State": 4,
"Progress": 100,
"Start": 1714871300,
"End": 1714871306
}
,
{
"ID": 20177,
"Binary": "DGLTC_LOTTERY",
"State": 4,
"Progress": 100,
"Start": 1714871306,
"End": 1714871312
}
,
{
"ID": 20178,
"Binary": "DGLTC_LOTTERY",
"State": 4,
"Progress": 100,
"Start": 1714871306,
"End": 1714871312
}
,
{
"ID": 20179,
"Binary": "DGLTC_LOTTERY",
"State": 4,
"Progress": 100,
"Start": 1714871306,
"End": 1714871312
}
,
{
"ID": 20180,
"Binary": "DGLTC_LOTTERY",
"State": 4,
"Progress": 100,
"Start": 1714871306,
"End": 1714871312
}
,
{
"ID": 20181,
"Binary": "DGLTC_LOTTERY",
"State": 4,
"Progress": 100,
"Start": 1714871331,
"End": 1714871337
}
,
{
"ID": 20182,
"Binary": "DGLTC_LOTTERY",
"State": 4,
"Progress": 100,
"Start": 1714871332,
"End": 1714871335
}
,
{
"ID": 20183,
"Binary": "DGLTC_LOTTERY",
"State": 4,
"Progress": 100,
"Start": 1714871332,
"End": 1714871338
}
,
{
"ID": 20184,
"Binary": "DGLTC_LOTTERY",
"State": 4,
"Progress": 100,
"Start": 1714871332,
"End": 1714871337
}
,
{
"ID": 20185,
"Binary": "DGLTC_LOTTERY",
"State": 4,
"Progress": 100,
"Start": 1714871332,
"End": 1714871337
}
,
{
"ID": 20186,
"Binary": "DGLTC_LOTTERY",
"State": 4,
"Progress": 100,
"Start": 1714871332,
"End": 1714871340
}
,
{
"ID": 20187,
"Binary": "DGLTC_LOTTERY",
"State": 4,
"Progress": 100,
"Start": 1714871349,
"End": 1714871355
}
,
{
"ID": 20188,
"Binary": "DGLTC_LOTTERY",
"State": 4,
"Progress": 100,
"Start": 1714871343,
"End": 1714871349
}
,
{
"ID": 20189,
"Binary": "DGLTC_LOTTERY",
"State": 4,
"Progress": 100,
"Start": 1714871337,
"End": 1714871343
}
,
{
"ID": 20190,
"Binary": "DGLTC_LOTTERY",
"State": 4,
"Progress": 100,
"Start": 1714871337,
"End": 1714871343
}
,
{
"ID": 20191,
"Binary": "BTC_LOTTERY",
"State": 2,
"Progress": 0,
"Start": 1714871334,
"End": 0
}
,
{
"ID": 20192,
"Binary": "BTC_LOTTERY",
"State": 2,
"Progress": 0,
"Start": 1714871334,
"End": 0
}
,
{
"ID": 20193,
"Binary": "BTC_LOTTERY",
"State": 2,
"Progress": 0,
"Start": 1714871334,
"End": 0
}
,
{
"ID": 20194,
"Binary": "BTC_LOTTERY",
"State": 2,
"Progress": 0,
"Start": 1714871334,
"End": 0
}
,
{
"ID": 20195,
"Binary": "BTC_LOTTERY",
"State": 2,
"Progress": 0,
"Start": 1714871340,
"End": 0
}
,
{
"ID": 20196,
"Binary": "BTC_LOTTERY",
"State": 2,
"Progress": 0,
"Start": 1714871334,
"End": 0
}
,
{
"ID": 20197,
"Binary": "BTC_LOTTERY",
"State": 2,
"Progress": 0,
"Start": 1714871337,
"End": 0
}
,
{
"ID": 20198,
"Binary": "BTC_LOTTERY",
"State": 2,
"Progress": 0,
"Start": 1714871343,
"End": 0
}
,
{
"ID": 20199,
"Binary": "BTC_LOTTERY",
"State": 2,
"Progress": 0,
"Start": 1714871335,
"End": 0
}
,
{
"ID": 20200,
"Binary": "BTC_LOTTERY",
"State": 2,
"Progress": 0,
"Start": 1714871338,
"End": 0
}
],
"Nodes":[
{
"ID": "ABLACK",
"Class": 1,
"Task": 20193,
"CPUCount": 3,
"LoadAverage": 9.840000,
"TasksCompleted": 172,
"System": 6,
"Enabled": 1
}
,
{
"ID": "AWHITE",
"Class": 1,
"Task": 20191,
"CPUCount": 8,
"LoadAverage": 0.000000,
"TasksCompleted": 184,
"System": 7,
"Enabled": 1
}
,
{
"ID": "PI_SOLAR",
"Class": 1,
"Task": 20196,
"CPUCount": 4,
"LoadAverage": 2.198730,
"TasksCompleted": 167,
"System": 6,
"Enabled": 1
}
,
{
"ID": "J_PROX",
"Class": 1,
"Task": 20198,
"CPUCount": 2,
"LoadAverage": 2.039551,
"TasksCompleted": 859,
"System": 5,
"Enabled": 1
}
,
{
"ID": "J_PROX",
"Class": 1,
"Task": 20197,
"CPUCount": 2,
"LoadAverage": 2.039551,
"TasksCompleted": 819,
"System": 5,
"Enabled": 1
}
,
{
"ID": "GS_EXPLORER",
"Class": 1,
"Task": 20200,
"CPUCount": 1,
"LoadAverage": 0.920000,
"TasksCompleted": 611,
"System": 5,
"Enabled": 1
}
,
{
"ID": "PI_KNS",
"Class": 1,
"Task": 20194,
"CPUCount": 4,
"LoadAverage": 4.780000,
"TasksCompleted": 68,
"System": 6,
"Enabled": 1
}
,
{
"ID": "PI_KNS",
"Class": 1,
"Task": 20192,
"CPUCount": 4,
"LoadAverage": 4.780000,
"TasksCompleted": 68,
"System": 6,
"Enabled": 1
}
,
{
"ID": "LibClient",
"Class": 2,
"Task": 0,
"CPUCount": 1,
"LoadAverage": 1.805176,
"TasksCompleted": 0,
"System": 5,
"Enabled": 1
}
,
{
"ID": "P_PROX",
"Class": 1,
"Task": 20199,
"CPUCount": 2,
"LoadAverage": 1.820801,
"TasksCompleted": 794,
"System": 5,
"Enabled": 1
}
,
{
"ID": "P_PROX",
"Class": 1,
"Task": 0,
"CPUCount": 2,
"LoadAverage": 1.820801,
"TasksCompleted": 805,
"System": 5,
"Enabled": 1
}
,
{
"ID": "GS_WORK",
"Class": 1,
"Task": 20195,
"CPUCount": 1,
"LoadAverage": 1.010000,
"TasksCompleted": 491,
"System": 5,
"Enabled": 1
}
,
{
"ID": "LibClient",
"Class": 2,
"Task": 0,
"CPUCount": 1,
"LoadAverage": 1.805176,
"TasksCompleted": 0,
"System": 5,
"Enabled": 1
}
]}