{
"CPU": 1.872910,
"Starttime": 1714751364,
"Epoch": 1714830564,
"Version": "0.8",
"Throttled": 7,
"Utilization": 45.454548,
"Connections": 2,
"NodesCount": 11,
"TasksNew": 0,
"TasksCompleted": 23,
"TasksRunning": 5,
"TasksFailed": 0,
"TasksCount": 28,
"Tasks":[
{
"ID": 12821,
"Binary": "BTC_LOTTERY",
"State": 2,
"Progress": 0,
"Start": 1714830465,
"End": 0
}
,
{
"ID": 12822,
"Binary": "BTC_LOTTERY",
"State": 4,
"Progress": 100,
"Start": 1714830465,
"End": 1714830534
}
,
{
"ID": 12823,
"Binary": "BTC_LOTTERY",
"State": 2,
"Progress": 0,
"Start": 1714830465,
"End": 0
}
,
{
"ID": 12825,
"Binary": "BTC_LOTTERY",
"State": 2,
"Progress": 0,
"Start": 1714830465,
"End": 0
}
,
{
"ID": 12826,
"Binary": "BTC_LOTTERY",
"State": 2,
"Progress": 0,
"Start": 1714830465,
"End": 0
}
,
{
"ID": 12828,
"Binary": "BTC_LOTTERY",
"State": 2,
"Progress": 0,
"Start": 1714830465,
"End": 0
}
,
{
"ID": 12829,
"Binary": "BTC_LOTTERY",
"State": 4,
"Progress": 100,
"Start": 1714830465,
"End": 1714830534
}
,
{
"ID": 12830,
"Binary": "BTC_LOTTERY",
"State": 4,
"Progress": 100,
"Start": 1714830465,
"End": 1714830555
}
,
{
"ID": 12831,
"Binary": "DGLTC_LOTTERY",
"State": 4,
"Progress": 100,
"Start": 1714830539,
"End": 1714830543
}
,
{
"ID": 12832,
"Binary": "DGLTC_LOTTERY",
"State": 4,
"Progress": 100,
"Start": 1714830539,
"End": 1714830543
}
,
{
"ID": 12833,
"Binary": "DGLTC_LOTTERY",
"State": 4,
"Progress": 100,
"Start": 1714830539,
"End": 1714830541
}
,
{
"ID": 12834,
"Binary": "DGLTC_LOTTERY",
"State": 4,
"Progress": 100,
"Start": 1714830543,
"End": 1714830546
}
,
{
"ID": 12835,
"Binary": "DGLTC_LOTTERY",
"State": 4,
"Progress": 100,
"Start": 1714830543,
"End": 1714830546
}
,
{
"ID": 12836,
"Binary": "DGLTC_LOTTERY",
"State": 4,
"Progress": 100,
"Start": 1714830546,
"End": 1714830549
}
,
{
"ID": 12837,
"Binary": "DGLTC_LOTTERY",
"State": 4,
"Progress": 100,
"Start": 1714830546,
"End": 1714830549
}
,
{
"ID": 12838,
"Binary": "DGLTC_LOTTERY",
"State": 4,
"Progress": 100,
"Start": 1714830541,
"End": 1714830543
}
,
{
"ID": 12839,
"Binary": "DGLTC_LOTTERY",
"State": 4,
"Progress": 100,
"Start": 1714830543,
"End": 1714830546
}
,
{
"ID": 12840,
"Binary": "DGLTC_LOTTERY",
"State": 4,
"Progress": 100,
"Start": 1714830546,
"End": 1714830548
}
,
{
"ID": 12841,
"Binary": "DGLTC_LOTTERY",
"State": 4,
"Progress": 100,
"Start": 1714830552,
"End": 1714830555
}
,
{
"ID": 12842,
"Binary": "DGLTC_LOTTERY",
"State": 4,
"Progress": 100,
"Start": 1714830552,
"End": 1714830554
}
,
{
"ID": 12843,
"Binary": "DGLTC_LOTTERY",
"State": 4,
"Progress": 100,
"Start": 1714830552,
"End": 1714830555
}
,
{
"ID": 12844,
"Binary": "DGLTC_LOTTERY",
"State": 4,
"Progress": 100,
"Start": 1714830555,
"End": 1714830559
}
,
{
"ID": 12845,
"Binary": "DGLTC_LOTTERY",
"State": 4,
"Progress": 100,
"Start": 1714830556,
"End": 1714830558
}
,
{
"ID": 12846,
"Binary": "DGLTC_LOTTERY",
"State": 4,
"Progress": 100,
"Start": 1714830555,
"End": 1714830558
}
,
{
"ID": 12847,
"Binary": "DGLTC_LOTTERY",
"State": 4,
"Progress": 100,
"Start": 1714830555,
"End": 1714830558
}
,
{
"ID": 12848,
"Binary": "DGLTC_LOTTERY",
"State": 4,
"Progress": 100,
"Start": 1714830554,
"End": 1714830556
}
,
{
"ID": 12849,
"Binary": "DGLTC_LOTTERY",
"State": 4,
"Progress": 100,
"Start": 1714830558,
"End": 1714830561
}
,
{
"ID": 12850,
"Binary": "DGLTC_LOTTERY",
"State": 4,
"Progress": 100,
"Start": 1714830558,
"End": 1714830560
}
],
"Nodes":[
{
"ID": "ABLACK",
"Class": 1,
"Task": 12826,
"CPUCount": 3,
"LoadAverage": 10.440000,
"TasksCompleted": 97,
"System": 6,
"Enabled": 1
}
,
{
"ID": "AWHITE",
"Class": 1,
"Task": 12821,
"CPUCount": 8,
"LoadAverage": 0.000000,
"TasksCompleted": 100,
"System": 7,
"Enabled": 1
}
,
{
"ID": "PI_SOLAR",
"Class": 1,
"Task": 12823,
"CPUCount": 4,
"LoadAverage": 1.759277,
"TasksCompleted": 92,
"System": 6,
"Enabled": 1
}
,
{
"ID": "LibClient",
"Class": 2,
"Task": 0,
"CPUCount": 1,
"LoadAverage": 0.107910,
"TasksCompleted": 0,
"System": 5,
"Enabled": 1
}
,
{
"ID": "LibClient",
"Class": 2,
"Task": 0,
"CPUCount": 1,
"LoadAverage": 0.107910,
"TasksCompleted": 0,
"System": 5,
"Enabled": 1
}
,
{
"ID": "DELL1",
"Class": 1,
"Task": 0,
"CPUCount": 8,
"LoadAverage": 1.502441,
"TasksCompleted": 2568,
"System": 5,
"Enabled": 1
}
,
{
"ID": "J_PROX",
"Class": 1,
"Task": 0,
"CPUCount": 2,
"LoadAverage": 2.022461,
"TasksCompleted": 27,
"System": 5,
"Enabled": 1
}
,
{
"ID": "J_PROX",
"Class": 1,
"Task": 0,
"CPUCount": 2,
"LoadAverage": 2.022461,
"TasksCompleted": 26,
"System": 5,
"Enabled": 1
}
,
{
"ID": "GS_WORK",
"Class": 1,
"Task": 12825,
"CPUCount": 1,
"LoadAverage": 1.590000,
"TasksCompleted": 9,
"System": 5,
"Enabled": 1
}
,
{
"ID": "GS_EXPLORER",
"Class": 1,
"Task": 0,
"CPUCount": 1,
"LoadAverage": 1.590000,
"TasksCompleted": 18,
"System": 5,
"Enabled": 1
}
,
{
"ID": "PI_KNS",
"Class": 1,
"Task": 12828,
"CPUCount": 4,
"LoadAverage": 2.010000,
"TasksCompleted": 2,
"System": 6,
"Enabled": 1
}
,
{
"ID": "PI_KNS",
"Class": 1,
"Task": 0,
"CPUCount": 4,
"LoadAverage": 2.010000,
"TasksCompleted": 2,
"System": 6,
"Enabled": 1
}
,
{
"ID": "IMAC1",
"Class": 1,
"Task": 0,
"CPUCount": 8,
"LoadAverage": 1.055664,
"TasksCompleted": 1,
"System": 3,
"Enabled": 1
}
]}