{
"CPU": 1.588894,
"Starttime": 1714751364,
"Epoch": 1714831164,
"Version": "0.8",
"Throttled": 7,
"Utilization": 30.000002,
"Connections": 2,
"NodesCount": 10,
"TasksNew": 0,
"TasksCompleted": 20,
"TasksRunning": 3,
"TasksFailed": 0,
"TasksCount": 23,
"Tasks":[
{
"ID": 12875,
"Binary": "BTC_LOTTERY",
"State": 2,
"Progress": 0,
"Start": 1714830805,
"End": 0
}
,
{
"ID": 12877,
"Binary": "BTC_LOTTERY",
"State": 2,
"Progress": 0,
"Start": 1714830805,
"End": 0
}
,
{
"ID": 12880,
"Binary": "BTC_LOTTERY",
"State": 2,
"Progress": 0,
"Start": 1714830805,
"End": 0
}
,
{
"ID": 12971,
"Binary": "DGLTC_LOTTERY",
"State": 4,
"Progress": 100,
"Start": 1714831134,
"End": 1714831137
}
,
{
"ID": 12972,
"Binary": "DGLTC_LOTTERY",
"State": 4,
"Progress": 100,
"Start": 1714831134,
"End": 1714831136
}
,
{
"ID": 12973,
"Binary": "DGLTC_LOTTERY",
"State": 4,
"Progress": 100,
"Start": 1714831134,
"End": 1714831137
}
,
{
"ID": 12974,
"Binary": "DGLTC_LOTTERY",
"State": 4,
"Progress": 100,
"Start": 1714831134,
"End": 1714831138
}
,
{
"ID": 12975,
"Binary": "DGLTC_LOTTERY",
"State": 4,
"Progress": 100,
"Start": 1714831134,
"End": 1714831137
}
,
{
"ID": 12976,
"Binary": "DGLTC_LOTTERY",
"State": 4,
"Progress": 100,
"Start": 1714831137,
"End": 1714831141
}
,
{
"ID": 12977,
"Binary": "DGLTC_LOTTERY",
"State": 4,
"Progress": 100,
"Start": 1714831137,
"End": 1714831140
}
,
{
"ID": 12978,
"Binary": "DGLTC_LOTTERY",
"State": 4,
"Progress": 100,
"Start": 1714831136,
"End": 1714831138
}
,
{
"ID": 12979,
"Binary": "DGLTC_LOTTERY",
"State": 4,
"Progress": 100,
"Start": 1714831138,
"End": 1714831140
}
,
{
"ID": 12980,
"Binary": "DGLTC_LOTTERY",
"State": 4,
"Progress": 100,
"Start": 1714831137,
"End": 1714831140
}
,
{
"ID": 12981,
"Binary": "DGLTC_LOTTERY",
"State": 4,
"Progress": 100,
"Start": 1714831154,
"End": 1714831158
}
,
{
"ID": 12982,
"Binary": "DGLTC_LOTTERY",
"State": 4,
"Progress": 100,
"Start": 1714831154,
"End": 1714831157
}
,
{
"ID": 12983,
"Binary": "DGLTC_LOTTERY",
"State": 4,
"Progress": 100,
"Start": 1714831154,
"End": 1714831157
}
,
{
"ID": 12984,
"Binary": "DGLTC_LOTTERY",
"State": 4,
"Progress": 100,
"Start": 1714831154,
"End": 1714831156
}
,
{
"ID": 12985,
"Binary": "DGLTC_LOTTERY",
"State": 4,
"Progress": 100,
"Start": 1714831154,
"End": 1714831157
}
,
{
"ID": 12986,
"Binary": "DGLTC_LOTTERY",
"State": 4,
"Progress": 100,
"Start": 1714831157,
"End": 1714831160
}
,
{
"ID": 12987,
"Binary": "DGLTC_LOTTERY",
"State": 4,
"Progress": 100,
"Start": 1714831158,
"End": 1714831162
}
,
{
"ID": 12988,
"Binary": "DGLTC_LOTTERY",
"State": 4,
"Progress": 100,
"Start": 1714831156,
"End": 1714831158
}
,
{
"ID": 12989,
"Binary": "DGLTC_LOTTERY",
"State": 4,
"Progress": 100,
"Start": 1714831157,
"End": 1714831161
}
,
{
"ID": 12990,
"Binary": "DGLTC_LOTTERY",
"State": 4,
"Progress": 100,
"Start": 1714831157,
"End": 1714831160
}
],
"Nodes":[
{
"ID": "ABLACK",
"Class": 1,
"Task": 0,
"CPUCount": 1,
"LoadAverage": 9.380000,
"TasksCompleted": 99,
"System": 6,
"Enabled": 1
}
,
{
"ID": "AWHITE",
"Class": 1,
"Task": 0,
"CPUCount": 8,
"LoadAverage": 0.000000,
"TasksCompleted": 102,
"System": 7,
"Enabled": 1
}
,
{
"ID": "PI_SOLAR",
"Class": 1,
"Task": 12880,
"CPUCount": 4,
"LoadAverage": 2.175781,
"TasksCompleted": 93,
"System": 6,
"Enabled": 1
}
,
{
"ID": "LibClient",
"Class": 2,
"Task": 0,
"CPUCount": 1,
"LoadAverage": 0.134277,
"TasksCompleted": 0,
"System": 5,
"Enabled": 1
}
,
{
"ID": "LibClient",
"Class": 2,
"Task": 0,
"CPUCount": 1,
"LoadAverage": 0.134277,
"TasksCompleted": 0,
"System": 5,
"Enabled": 1
}
,
{
"ID": "DELL1",
"Class": 1,
"Task": 0,
"CPUCount": 8,
"LoadAverage": 1.298340,
"TasksCompleted": 2619,
"System": 5,
"Enabled": 1
}
,
{
"ID": "J_PROX",
"Class": 1,
"Task": 0,
"CPUCount": 2,
"LoadAverage": 0.640625,
"TasksCompleted": 49,
"System": 5,
"Enabled": 1
}
,
{
"ID": "J_PROX",
"Class": 1,
"Task": 0,
"CPUCount": 2,
"LoadAverage": 0.640625,
"TasksCompleted": 48,
"System": 5,
"Enabled": 1
}
,
{
"ID": "GS_WORK",
"Class": 1,
"Task": 0,
"CPUCount": 1,
"LoadAverage": 0.330000,
"TasksCompleted": 21,
"System": 5,
"Enabled": 1
}
,
{
"ID": "GS_EXPLORER",
"Class": 1,
"Task": 0,
"CPUCount": 1,
"LoadAverage": 0.220000,
"TasksCompleted": 37,
"System": 5,
"Enabled": 1
}
,
{
"ID": "PI_KNS",
"Class": 1,
"Task": 12875,
"CPUCount": 4,
"LoadAverage": 4.500000,
"TasksCompleted": 3,
"System": 6,
"Enabled": 1
}
,
{
"ID": "PI_KNS",
"Class": 1,
"Task": 12877,
"CPUCount": 4,
"LoadAverage": 4.500000,
"TasksCompleted": 2,
"System": 6,
"Enabled": 1
}
]}