{
"CPU": 1.523268,
"Starttime": 1714888439,
"Epoch": 1714900199,
"Version": "0.8",
"Throttled": 0,
"Utilization": 11.111112,
"Connections": 2,
"NodesCount": 9,
"TasksNew": 0,
"TasksCompleted": 20,
"TasksRunning": 1,
"TasksFailed": 0,
"TasksCount": 21,
"Tasks":[
{
"ID": 24924,
"Binary": "BTC_LOTTERY",
"State": 2,
"Progress": 0,
"Start": 1714899484,
"End": 0
}
,
{
"ID": 25021,
"Binary": "DGLTC_LOTTERY",
"State": 4,
"Progress": 100,
"Start": 1714900155,
"End": 1714900158
}
,
{
"ID": 25022,
"Binary": "DGLTC_LOTTERY",
"State": 4,
"Progress": 100,
"Start": 1714900155,
"End": 1714900158
}
,
{
"ID": 25023,
"Binary": "DGLTC_LOTTERY",
"State": 4,
"Progress": 100,
"Start": 1714900155,
"End": 1714900158
}
,
{
"ID": 25024,
"Binary": "DGLTC_LOTTERY",
"State": 4,
"Progress": 100,
"Start": 1714900155,
"End": 1714900158
}
,
{
"ID": 25025,
"Binary": "DGLTC_LOTTERY",
"State": 4,
"Progress": 100,
"Start": 1714900155,
"End": 1714900158
}
,
{
"ID": 25026,
"Binary": "DGLTC_LOTTERY",
"State": 4,
"Progress": 100,
"Start": 1714900158,
"End": 1714900160
}
,
{
"ID": 25027,
"Binary": "DGLTC_LOTTERY",
"State": 4,
"Progress": 100,
"Start": 1714900158,
"End": 1714900160
}
,
{
"ID": 25028,
"Binary": "DGLTC_LOTTERY",
"State": 4,
"Progress": 100,
"Start": 1714900158,
"End": 1714900160
}
,
{
"ID": 25029,
"Binary": "DGLTC_LOTTERY",
"State": 4,
"Progress": 100,
"Start": 1714900158,
"End": 1714900161
}
,
{
"ID": 25030,
"Binary": "DGLTC_LOTTERY",
"State": 4,
"Progress": 100,
"Start": 1714900158,
"End": 1714900160
}
,
{
"ID": 25031,
"Binary": "DGLTC_LOTTERY",
"State": 4,
"Progress": 100,
"Start": 1714900176,
"End": 1714900178
}
,
{
"ID": 25032,
"Binary": "DGLTC_LOTTERY",
"State": 4,
"Progress": 100,
"Start": 1714900176,
"End": 1714900178
}
,
{
"ID": 25033,
"Binary": "DGLTC_LOTTERY",
"State": 4,
"Progress": 100,
"Start": 1714900176,
"End": 1714900178
}
,
{
"ID": 25034,
"Binary": "DGLTC_LOTTERY",
"State": 4,
"Progress": 100,
"Start": 1714900176,
"End": 1714900179
}
,
{
"ID": 25035,
"Binary": "DGLTC_LOTTERY",
"State": 4,
"Progress": 100,
"Start": 1714900176,
"End": 1714900178
}
,
{
"ID": 25036,
"Binary": "DGLTC_LOTTERY",
"State": 4,
"Progress": 100,
"Start": 1714900178,
"End": 1714900180
}
,
{
"ID": 25037,
"Binary": "DGLTC_LOTTERY",
"State": 4,
"Progress": 100,
"Start": 1714900179,
"End": 1714900182
}
,
{
"ID": 25038,
"Binary": "DGLTC_LOTTERY",
"State": 4,
"Progress": 100,
"Start": 1714900178,
"End": 1714900181
}
,
{
"ID": 25039,
"Binary": "DGLTC_LOTTERY",
"State": 4,
"Progress": 100,
"Start": 1714900178,
"End": 1714900181
}
,
{
"ID": 25040,
"Binary": "DGLTC_LOTTERY",
"State": 4,
"Progress": 100,
"Start": 1714900178,
"End": 1714900180
}
],
"Nodes":[
{
"ID": "PI_SOLAR",
"Class": 1,
"Task": 0,
"CPUCount": 4,
"LoadAverage": 0.170898,
"TasksCompleted": 28,
"System": 6,
"Enabled": 1
}
,
{
"ID": "LibClient",
"Class": 2,
"Task": 0,
"CPUCount": 1,
"LoadAverage": 0.039062,
"TasksCompleted": 0,
"System": 5,
"Enabled": 1
}
,
{
"ID": "PI_KNS",
"Class": 1,
"Task": 0,
"CPUCount": 4,
"LoadAverage": 0.460000,
"TasksCompleted": 18,
"System": 6,
"Enabled": 1
}
,
{
"ID": "PI_KNS",
"Class": 1,
"Task": 0,
"CPUCount": 4,
"LoadAverage": 0.460000,
"TasksCompleted": 18,
"System": 6,
"Enabled": 1
}
,
{
"ID": "GS_EXPLORER",
"Class": 1,
"Task": 0,
"CPUCount": 1,
"LoadAverage": 0.010000,
"TasksCompleted": 395,
"System": 5,
"Enabled": 1
}
,
{
"ID": "GS_WORK",
"Class": 1,
"Task": 0,
"CPUCount": 1,
"LoadAverage": 0.260000,
"TasksCompleted": 327,
"System": 5,
"Enabled": 1
}
,
{
"ID": "LibClient",
"Class": 2,
"Task": 0,
"CPUCount": 1,
"LoadAverage": 0.042969,
"TasksCompleted": 0,
"System": 5,
"Enabled": 1
}
,
{
"ID": "J_PROX",
"Class": 1,
"Task": 0,
"CPUCount": 2,
"LoadAverage": 0.000000,
"TasksCompleted": 523,
"System": 5,
"Enabled": 1
}
,
{
"ID": "J_PROX",
"Class": 1,
"Task": 0,
"CPUCount": 2,
"LoadAverage": 0.000000,
"TasksCompleted": 477,
"System": 5,
"Enabled": 1
}
,
{
"ID": "ABLACK",
"Class": 1,
"Task": 24924,
"CPUCount": 4,
"LoadAverage": 12.020000,
"TasksCompleted": 12,
"System": 6,
"Enabled": 1
}
,
{
"ID": "IMAC1",
"Class": 1,
"Task": 0,
"CPUCount": 8,
"LoadAverage": 1.694336,
"TasksCompleted": 7,
"System": 3,
"Enabled": 1
}
]}