{
"CPU": 1.827939,
"Starttime": 1714751364,
"Epoch": 1714794564,
"Version": "0.8",
"Throttled": 3,
"Utilization": 16.666668,
"Connections": 2,
"NodesCount": 12,
"TasksNew": 0,
"TasksCompleted": 20,
"TasksRunning": 2,
"TasksFailed": 0,
"TasksCount": 22,
"Tasks":[
{
"ID": 6513,
"Binary": "BTC_LOTTERY",
"State": 2,
"Progress": 0,
"Start": 1714794168,
"End": 0
}
,
{
"ID": 6515,
"Binary": "BTC_LOTTERY",
"State": 2,
"Progress": 0,
"Start": 1714794168,
"End": 0
}
,
{
"ID": 6551,
"Binary": "DGLTC_LOTTERY",
"State": 4,
"Progress": 100,
"Start": 1714794526,
"End": 1714794530
}
,
{
"ID": 6552,
"Binary": "DGLTC_LOTTERY",
"State": 4,
"Progress": 100,
"Start": 1714794526,
"End": 1714794530
}
,
{
"ID": 6553,
"Binary": "DGLTC_LOTTERY",
"State": 4,
"Progress": 100,
"Start": 1714794526,
"End": 1714794529
}
,
{
"ID": 6554,
"Binary": "DGLTC_LOTTERY",
"State": 4,
"Progress": 100,
"Start": 1714794526,
"End": 1714794528
}
,
{
"ID": 6555,
"Binary": "DGLTC_LOTTERY",
"State": 4,
"Progress": 100,
"Start": 1714794526,
"End": 1714794530
}
,
{
"ID": 6556,
"Binary": "DGLTC_LOTTERY",
"State": 4,
"Progress": 100,
"Start": 1714794526,
"End": 1714794529
}
,
{
"ID": 6557,
"Binary": "DGLTC_LOTTERY",
"State": 4,
"Progress": 100,
"Start": 1714794526,
"End": 1714794529
}
,
{
"ID": 6558,
"Binary": "DGLTC_LOTTERY",
"State": 4,
"Progress": 100,
"Start": 1714794528,
"End": 1714794530
}
,
{
"ID": 6559,
"Binary": "DGLTC_LOTTERY",
"State": 4,
"Progress": 100,
"Start": 1714794529,
"End": 1714794531
}
,
{
"ID": 6560,
"Binary": "DGLTC_LOTTERY",
"State": 4,
"Progress": 100,
"Start": 1714794529,
"End": 1714794532
}
,
{
"ID": 6561,
"Binary": "DGLTC_LOTTERY",
"State": 4,
"Progress": 100,
"Start": 1714794551,
"End": 1714794554
}
,
{
"ID": 6562,
"Binary": "DGLTC_LOTTERY",
"State": 4,
"Progress": 100,
"Start": 1714794551,
"End": 1714794554
}
,
{
"ID": 6563,
"Binary": "DGLTC_LOTTERY",
"State": 4,
"Progress": 100,
"Start": 1714794551,
"End": 1714794553
}
,
{
"ID": 6564,
"Binary": "DGLTC_LOTTERY",
"State": 4,
"Progress": 100,
"Start": 1714794551,
"End": 1714794554
}
,
{
"ID": 6565,
"Binary": "DGLTC_LOTTERY",
"State": 4,
"Progress": 100,
"Start": 1714794551,
"End": 1714794554
}
,
{
"ID": 6566,
"Binary": "DGLTC_LOTTERY",
"State": 4,
"Progress": 100,
"Start": 1714794551,
"End": 1714794553
}
,
{
"ID": 6567,
"Binary": "DGLTC_LOTTERY",
"State": 4,
"Progress": 100,
"Start": 1714794551,
"End": 1714794554
}
,
{
"ID": 6568,
"Binary": "DGLTC_LOTTERY",
"State": 4,
"Progress": 100,
"Start": 1714794554,
"End": 1714794556
}
,
{
"ID": 6569,
"Binary": "DGLTC_LOTTERY",
"State": 4,
"Progress": 100,
"Start": 1714794553,
"End": 1714794556
}
,
{
"ID": 6570,
"Binary": "DGLTC_LOTTERY",
"State": 4,
"Progress": 100,
"Start": 1714794553,
"End": 1714794555
}
],
"Nodes":[
{
"ID": "ABLACK",
"Class": 1,
"Task": 0,
"CPUCount": 1,
"LoadAverage": 9.060000,
"TasksCompleted": 44,
"System": 6,
"Enabled": 1
}
,
{
"ID": "AWHITE",
"Class": 1,
"Task": 0,
"CPUCount": 8,
"LoadAverage": 0.000000,
"TasksCompleted": 52,
"System": 7,
"Enabled": 1
}
,
{
"ID": "J_PROX",
"Class": 1,
"Task": 0,
"CPUCount": 2,
"LoadAverage": 0.046875,
"TasksCompleted": 750,
"System": 5,
"Enabled": 1
}
,
{
"ID": "J_PROX",
"Class": 1,
"Task": 0,
"CPUCount": 2,
"LoadAverage": 0.046875,
"TasksCompleted": 749,
"System": 5,
"Enabled": 1
}
,
{
"ID": "GS_WORK",
"Class": 1,
"Task": 0,
"CPUCount": 1,
"LoadAverage": 0.270000,
"TasksCompleted": 518,
"System": 5,
"Enabled": 1
}
,
{
"ID": "GS_EXPLORER",
"Class": 1,
"Task": 0,
"CPUCount": 1,
"LoadAverage": 0.150000,
"TasksCompleted": 514,
"System": 5,
"Enabled": 1
}
,
{
"ID": "PI_KNS",
"Class": 1,
"Task": 0,
"CPUCount": 4,
"LoadAverage": 2.860000,
"TasksCompleted": 51,
"System": 6,
"Enabled": 1
}
,
{
"ID": "PI_KNS",
"Class": 1,
"Task": 6515,
"CPUCount": 4,
"LoadAverage": 2.860000,
"TasksCompleted": 51,
"System": 6,
"Enabled": 1
}
,
{
"ID": "PI_SOLAR",
"Class": 1,
"Task": 6513,
"CPUCount": 4,
"LoadAverage": 2.318848,
"TasksCompleted": 40,
"System": 6,
"Enabled": 1
}
,
{
"ID": "LibClient",
"Class": 2,
"Task": 0,
"CPUCount": 1,
"LoadAverage": 0.279785,
"TasksCompleted": 0,
"System": 5,
"Enabled": 1
}
,
{
"ID": "LibClient",
"Class": 2,
"Task": 0,
"CPUCount": 1,
"LoadAverage": 0.279785,
"TasksCompleted": 0,
"System": 5,
"Enabled": 1
}
,
{
"ID": "DELL1",
"Class": 1,
"Task": 0,
"CPUCount": 8,
"LoadAverage": 1.004883,
"TasksCompleted": 917,
"System": 5,
"Enabled": 1
}
,
{
"ID": "P_PROX",
"Class": 1,
"Task": 0,
"CPUCount": 2,
"LoadAverage": 0.279785,
"TasksCompleted": 570,
"System": 5,
"Enabled": 1
}
,
{
"ID": "P_PROX",
"Class": 1,
"Task": 0,
"CPUCount": 2,
"LoadAverage": 0.279785,
"TasksCompleted": 591,
"System": 5,
"Enabled": 1
}
]}