{
"CPU": 23.762543,
"Starttime": 1714751364,
"Epoch": 1714850364,
"Version": "0.8",
"Throttled": 8,
"Utilization": 58.333332,
"Connections": 2,
"NodesCount": 12,
"TasksNew": 3,
"TasksCompleted": 10,
"TasksRunning": 7,
"TasksFailed": 10,
"TasksCount": 30,
"Tasks":[
{
"ID": 16431,
"Binary": "DGLTC_LOTTERY",
"State": 4,
"Progress": 100,
"Start": 1714850339,
"End": 1714850347
}
,
{
"ID": 16432,
"Binary": "DGLTC_LOTTERY",
"State": 4,
"Progress": 100,
"Start": 1714850339,
"End": 1714850342
}
,
{
"ID": 16433,
"Binary": "DGLTC_LOTTERY",
"State": 4,
"Progress": 100,
"Start": 1714850339,
"End": 1714850345
}
,
{
"ID": 16434,
"Binary": "DGLTC_LOTTERY",
"State": 4,
"Progress": 100,
"Start": 1714850339,
"End": 1714850345
}
,
{
"ID": 16435,
"Binary": "DGLTC_LOTTERY",
"State": 4,
"Progress": 100,
"Start": 1714850339,
"End": 1714850344
}
,
{
"ID": 16436,
"Binary": "DGLTC_LOTTERY",
"State": 4,
"Progress": 100,
"Start": 1714850339,
"End": 1714850345
}
,
{
"ID": 16437,
"Binary": "DGLTC_LOTTERY",
"State": 4,
"Progress": 100,
"Start": 1714850339,
"End": 1714850341
}
,
{
"ID": 16438,
"Binary": "DGLTC_LOTTERY",
"State": 4,
"Progress": 100,
"Start": 1714850341,
"End": 1714850344
}
,
{
"ID": 16439,
"Binary": "DGLTC_LOTTERY",
"State": 4,
"Progress": 100,
"Start": 1714850344,
"End": 1714850348
}
,
{
"ID": 16440,
"Binary": "DGLTC_LOTTERY",
"State": 4,
"Progress": 100,
"Start": 1714850342,
"End": 1714850347
}
,
{
"ID": 16441,
"Binary": "DGLTC_LOTTERY",
"State": 3,
"Progress": 100,
"Start": 1714850355,
"End": 1714850361
}
,
{
"ID": 16442,
"Binary": "DGLTC_LOTTERY",
"State": 3,
"Progress": 100,
"Start": 1714850355,
"End": 1714850362
}
,
{
"ID": 16443,
"Binary": "DGLTC_LOTTERY",
"State": 3,
"Progress": 100,
"Start": 1714850355,
"End": 1714850361
}
,
{
"ID": 16444,
"Binary": "DGLTC_LOTTERY",
"State": 3,
"Progress": 100,
"Start": 1714850355,
"End": 1714850363
}
,
{
"ID": 16445,
"Binary": "DGLTC_LOTTERY",
"State": 3,
"Progress": 100,
"Start": 1714850355,
"End": 1714850358
}
,
{
"ID": 16446,
"Binary": "DGLTC_LOTTERY",
"State": 3,
"Progress": 100,
"Start": 1714850355,
"End": 1714850361
}
,
{
"ID": 16447,
"Binary": "DGLTC_LOTTERY",
"State": 3,
"Progress": 100,
"Start": 1714850355,
"End": 1714850361
}
,
{
"ID": 16448,
"Binary": "DGLTC_LOTTERY",
"State": 3,
"Progress": 100,
"Start": 1714850361,
"End": 1714850363
}
,
{
"ID": 16449,
"Binary": "DGLTC_LOTTERY",
"State": 3,
"Progress": 100,
"Start": 1714850360,
"End": 1714850363
}
,
{
"ID": 16450,
"Binary": "DGLTC_LOTTERY",
"State": 3,
"Progress": 100,
"Start": 1714850358,
"End": 1714850360
}
,
{
"ID": 16451,
"Binary": "DGLTC_LOTTERY",
"State": 2,
"Progress": 0,
"Start": 1714850363,
"End": 0
}
,
{
"ID": 16452,
"Binary": "DGLTC_LOTTERY",
"State": 2,
"Progress": 0,
"Start": 1714850363,
"End": 0
}
,
{
"ID": 16453,
"Binary": "DGLTC_LOTTERY",
"State": 2,
"Progress": 0,
"Start": 1714850363,
"End": 0
}
,
{
"ID": 16454,
"Binary": "DGLTC_LOTTERY",
"State": 2,
"Progress": 0,
"Start": 1714850363,
"End": 0
}
,
{
"ID": 16455,
"Binary": "DGLTC_LOTTERY",
"State": 2,
"Progress": 0,
"Start": 1714850363,
"End": 0
}
,
{
"ID": 16456,
"Binary": "DGLTC_LOTTERY",
"State": 2,
"Progress": 0,
"Start": 1714850363,
"End": 0
}
,
{
"ID": 16457,
"Binary": "DGLTC_LOTTERY",
"State": 2,
"Progress": 0,
"Start": 1714850363,
"End": 0
}
,
{
"ID": 16458,
"Binary": "DGLTC_LOTTERY",
"State": 1,
"Progress": 0,
"Start": 0,
"End": 0
}
,
{
"ID": 16459,
"Binary": "DGLTC_LOTTERY",
"State": 1,
"Progress": 0,
"Start": 0,
"End": 0
}
,
{
"ID": 16460,
"Binary": "DGLTC_LOTTERY",
"State": 1,
"Progress": 0,
"Start": 0,
"End": 0
}
],
"Nodes":[
{
"ID": "ABLACK",
"Class": 1,
"Task": 0,
"CPUCount": 1,
"LoadAverage": 9.220000,
"TasksCompleted": 149,
"System": 6,
"Enabled": 1
}
,
{
"ID": "AWHITE",
"Class": 1,
"Task": 0,
"CPUCount": 8,
"LoadAverage": 0.000000,
"TasksCompleted": 158,
"System": 7,
"Enabled": 1
}
,
{
"ID": "PI_SOLAR",
"Class": 1,
"Task": 0,
"CPUCount": 4,
"LoadAverage": 0.143555,
"TasksCompleted": 142,
"System": 6,
"Enabled": 1
}
,
{
"ID": "DELL1",
"Class": 1,
"Task": 16455,
"CPUCount": 8,
"LoadAverage": 1.297852,
"TasksCompleted": 3481,
"System": 5,
"Enabled": 1
}
,
{
"ID": "J_PROX",
"Class": 1,
"Task": 16451,
"CPUCount": 2,
"LoadAverage": 0.348145,
"TasksCompleted": 288,
"System": 5,
"Enabled": 1
}
,
{
"ID": "J_PROX",
"Class": 1,
"Task": 16456,
"CPUCount": 2,
"LoadAverage": 0.348145,
"TasksCompleted": 279,
"System": 5,
"Enabled": 1
}
,
{
"ID": "GS_EXPLORER",
"Class": 1,
"Task": 16452,
"CPUCount": 1,
"LoadAverage": 0.330000,
"TasksCompleted": 246,
"System": 5,
"Enabled": 1
}
,
{
"ID": "PI_KNS",
"Class": 1,
"Task": 0,
"CPUCount": 4,
"LoadAverage": 0.450000,
"TasksCompleted": 40,
"System": 6,
"Enabled": 1
}
,
{
"ID": "PI_KNS",
"Class": 1,
"Task": 0,
"CPUCount": 4,
"LoadAverage": 0.450000,
"TasksCompleted": 42,
"System": 6,
"Enabled": 1
}
,
{
"ID": "LibClient",
"Class": 2,
"Task": 0,
"CPUCount": 1,
"LoadAverage": 0.564941,
"TasksCompleted": 0,
"System": 5,
"Enabled": 1
}
,
{
"ID": "P_PROX",
"Class": 1,
"Task": 16457,
"CPUCount": 2,
"LoadAverage": 0.840332,
"TasksCompleted": 242,
"System": 5,
"Enabled": 1
}
,
{
"ID": "P_PROX",
"Class": 1,
"Task": 16454,
"CPUCount": 2,
"LoadAverage": 0.840332,
"TasksCompleted": 227,
"System": 5,
"Enabled": 1
}
,
{
"ID": "GS_WORK",
"Class": 1,
"Task": 16453,
"CPUCount": 1,
"LoadAverage": 0.370000,
"TasksCompleted": 154,
"System": 5,
"Enabled": 1
}
,
{
"ID": "LibClient",
"Class": 2,
"Task": 0,
"CPUCount": 1,
"LoadAverage": 0.564941,
"TasksCompleted": 0,
"System": 5,
"Enabled": 1
}
]}