{
"CPU": 32.883190,
"Starttime": 1714648137,
"Epoch": 1714741147,
"Version": "0.8",
"Utilization": 64.285713,
"Connections": 3,
"NodesCount": 14,
"TasksNew": 0,
"TasksCompleted": 15,
"TasksRunning": 9,
"TasksFailed": 0,
"TasksCount": 24,
"Tasks":[
{
"ID": 15672,
"Binary": "BTC_LOTTERY",
"State": 4,
"Progress": 100,
"Start": 1714740969,
"End": 1714741146
}
,
{
"ID": 15673,
"Binary": "BTC_LOTTERY",
"State": 4,
"Progress": 100,
"Start": 1714740969,
"End": 1714741123
}
,
{
"ID": 15674,
"Binary": "BTC_LOTTERY",
"State": 2,
"Progress": 0,
"Start": 1714740969,
"End": 0
}
,
{
"ID": 15675,
"Binary": "BTC_LOTTERY",
"State": 2,
"Progress": 0,
"Start": 1714740969,
"End": 0
}
,
{
"ID": 15678,
"Binary": "BTC_LOTTERY",
"State": 2,
"Progress": 0,
"Start": 1714740979,
"End": 0
}
,
{
"ID": 15680,
"Binary": "BTC_LOTTERY",
"State": 4,
"Progress": 100,
"Start": 1714740972,
"End": 1714741126
}
,
{
"ID": 15701,
"Binary": "HELIUM_MNEMONICS",
"State": 4,
"Progress": 100,
"Start": 1714741000,
"End": 1714741113
}
,
{
"ID": 15702,
"Binary": "HELIUM_MNEMONICS",
"State": 4,
"Progress": 100,
"Start": 1714741000,
"End": 1714741116
}
,
{
"ID": 15703,
"Binary": "HELIUM_MNEMONICS",
"State": 2,
"Progress": 0,
"Start": 1714741000,
"End": 0
}
,
{
"ID": 15705,
"Binary": "HELIUM_MNEMONICS",
"State": 2,
"Progress": 0,
"Start": 1714741000,
"End": 0
}
,
{
"ID": 15722,
"Binary": "DGLTC_LOTTERY",
"State": 4,
"Progress": 100,
"Start": 1714741099,
"End": 1714741111
}
,
{
"ID": 15723,
"Binary": "DGLTC_LOTTERY",
"State": 4,
"Progress": 100,
"Start": 1714741092,
"End": 1714741102
}
,
{
"ID": 15727,
"Binary": "DGLTC_LOTTERY",
"State": 4,
"Progress": 100,
"Start": 1714741095,
"End": 1714741104
}
,
{
"ID": 15728,
"Binary": "DGLTC_LOTTERY",
"State": 4,
"Progress": 100,
"Start": 1714741102,
"End": 1714741108
}
,
{
"ID": 15731,
"Binary": "DGLTC_LOTTERY",
"State": 4,
"Progress": 100,
"Start": 1714741123,
"End": 1714741135
}
,
{
"ID": 15732,
"Binary": "DGLTC_LOTTERY",
"State": 4,
"Progress": 100,
"Start": 1714741123,
"End": 1714741134
}
,
{
"ID": 15733,
"Binary": "DGLTC_LOTTERY",
"State": 4,
"Progress": 100,
"Start": 1714741123,
"End": 1714741134
}
,
{
"ID": 15734,
"Binary": "DGLTC_LOTTERY",
"State": 2,
"Progress": 0,
"Start": 1714741135,
"End": 0
}
,
{
"ID": 15735,
"Binary": "DGLTC_LOTTERY",
"State": 4,
"Progress": 100,
"Start": 1714741126,
"End": 1714741139
}
,
{
"ID": 15736,
"Binary": "DGLTC_LOTTERY",
"State": 4,
"Progress": 100,
"Start": 1714741134,
"End": 1714741144
}
,
{
"ID": 15737,
"Binary": "DGLTC_LOTTERY",
"State": 2,
"Progress": 0,
"Start": 1714741144,
"End": 0
}
,
{
"ID": 15738,
"Binary": "DGLTC_LOTTERY",
"State": 2,
"Progress": 0,
"Start": 1714741139,
"End": 0
}
,
{
"ID": 15739,
"Binary": "DGLTC_LOTTERY",
"State": 4,
"Progress": 100,
"Start": 1714741134,
"End": 1714741144
}
,
{
"ID": 15740,
"Binary": "DGLTC_LOTTERY",
"State": 2,
"Progress": 0,
"Start": 1714741144,
"End": 0
}
],
"Nodes":[
{
"ID": "PI_GRIDMAN",
"Class": 1,
"Task": 0,
"CPUCount": 4,
"LoadAverage": 2.168945,
"TasksCompleted": 304,
"System": 6,
"Enabled": 1
}
,
{
"ID": "GS_WORK",
"Class": 1,
"Task": 15738,
"CPUCount": 1,
"LoadAverage": 1.850000,
"TasksCompleted": 1469,
"System": 5,
"Enabled": 1
}
,
{
"ID": "PI_WIFI",
"Class": 1,
"Task": 15674,
"CPUCount": 4,
"LoadAverage": 5.000000,
"TasksCompleted": 164,
"System": 6,
"Enabled": 1
}
,
{
"ID": "AWHITE",
"Class": 1,
"Task": 0,
"CPUCount": 8,
"LoadAverage": 0.000000,
"TasksCompleted": 179,
"System": 7,
"Enabled": 1
}
,
{
"ID": "PI_WIFI",
"Class": 1,
"Task": 0,
"CPUCount": 4,
"LoadAverage": 4.760000,
"TasksCompleted": 153,
"System": 6,
"Enabled": 1
}
,
{
"ID": "ABLACK",
"Class": 1,
"Task": 15675,
"CPUCount": 3,
"LoadAverage": 11.160000,
"TasksCompleted": 141,
"System": 6,
"Enabled": 1
}
,
{
"ID": "LibClient",
"Class": 2,
"Task": 0,
"CPUCount": 4,
"LoadAverage": 2.168945,
"TasksCompleted": 0,
"System": 6,
"Enabled": 1
}
,
{
"ID": "LibClient",
"Class": 2,
"Task": 0,
"CPUCount": 8,
"LoadAverage": 1.341797,
"TasksCompleted": 0,
"System": 5,
"Enabled": 1
}
,
{
"ID": "GS_EXPLORER",
"Class": 1,
"Task": 15734,
"CPUCount": 1,
"LoadAverage": 1.680000,
"TasksCompleted": 617,
"System": 5,
"Enabled": 1
}
,
{
"ID": "PI_WIFI",
"Class": 1,
"Task": 0,
"CPUCount": 4,
"LoadAverage": 4.760000,
"TasksCompleted": 109,
"System": 6,
"Enabled": 1
}
,
{
"ID": "PI_SOLAR",
"Class": 1,
"Task": 15678,
"CPUCount": 4,
"LoadAverage": 2.132324,
"TasksCompleted": 53,
"System": 6,
"Enabled": 1
}
,
{
"ID": "PI_KNS",
"Class": 1,
"Task": 15703,
"CPUCount": 4,
"LoadAverage": 4.410000,
"TasksCompleted": 54,
"System": 6,
"Enabled": 1
}
,
{
"ID": "PI_KNS",
"Class": 1,
"Task": 15705,
"CPUCount": 4,
"LoadAverage": 4.410000,
"TasksCompleted": 51,
"System": 6,
"Enabled": 1
}
,
{
"ID": "LibClient",
"Class": 2,
"Task": 0,
"CPUCount": 8,
"LoadAverage": 1.341797,
"TasksCompleted": 0,
"System": 5,
"Enabled": 1
}
,
{
"ID": "J_PROX",
"Class": 1,
"Task": 15737,
"CPUCount": 2,
"LoadAverage": 2.789551,
"TasksCompleted": 49,
"System": 5,
"Enabled": 1
}
,
{
"ID": "J_PROX",
"Class": 1,
"Task": 15740,
"CPUCount": 2,
"LoadAverage": 2.789551,
"TasksCompleted": 49,
"System": 5,
"Enabled": 1
}
,
{
"ID": "IMAC1",
"Class": 1,
"Task": 0,
"CPUCount": 8,
"LoadAverage": 2.059570,
"TasksCompleted": 9,
"System": 3,
"Enabled": 1
}
]}