{
"CPU": 17.399298,
"Starttime": 1714751364,
"Epoch": 1714877964,
"Version": "0.8",
"Throttled": 11,
"Utilization": 0.000000,
"Connections": 2,
"NodesCount": 11,
"TasksNew": 0,
"TasksCompleted": 10,
"TasksRunning": 0,
"TasksFailed": 10,
"TasksCount": 20,
"Tasks":[
{
"ID": 21351,
"Binary": "DGLTC_LOTTERY",
"State": 3,
"Progress": 100,
"Start": 1714877930,
"End": 1714877932
}
,
{
"ID": 21352,
"Binary": "DGLTC_LOTTERY",
"State": 3,
"Progress": 100,
"Start": 1714877930,
"End": 1714877932
}
,
{
"ID": 21353,
"Binary": "DGLTC_LOTTERY",
"State": 3,
"Progress": 100,
"Start": 1714877930,
"End": 1714877931
}
,
{
"ID": 21354,
"Binary": "DGLTC_LOTTERY",
"State": 3,
"Progress": 100,
"Start": 1714877930,
"End": 1714877932
}
,
{
"ID": 21355,
"Binary": "DGLTC_LOTTERY",
"State": 3,
"Progress": 100,
"Start": 1714877930,
"End": 1714877932
}
,
{
"ID": 21356,
"Binary": "DGLTC_LOTTERY",
"State": 3,
"Progress": 100,
"Start": 1714877930,
"End": 1714877932
}
,
{
"ID": 21357,
"Binary": "DGLTC_LOTTERY",
"State": 3,
"Progress": 0,
"Start": 0,
"End": 0
}
,
{
"ID": 21358,
"Binary": "DGLTC_LOTTERY",
"State": 3,
"Progress": 0,
"Start": 0,
"End": 0
}
,
{
"ID": 21359,
"Binary": "DGLTC_LOTTERY",
"State": 3,
"Progress": 0,
"Start": 0,
"End": 0
}
,
{
"ID": 21360,
"Binary": "DGLTC_LOTTERY",
"State": 3,
"Progress": 0,
"Start": 0,
"End": 0
}
,
{
"ID": 21361,
"Binary": "DGLTC_LOTTERY",
"State": 4,
"Progress": 100,
"Start": 1714877932,
"End": 1714877938
}
,
{
"ID": 21362,
"Binary": "DGLTC_LOTTERY",
"State": 4,
"Progress": 100,
"Start": 1714877931,
"End": 1714877937
}
,
{
"ID": 21363,
"Binary": "DGLTC_LOTTERY",
"State": 4,
"Progress": 100,
"Start": 1714877932,
"End": 1714877937
}
,
{
"ID": 21364,
"Binary": "DGLTC_LOTTERY",
"State": 4,
"Progress": 100,
"Start": 1714877937,
"End": 1714877943
}
,
{
"ID": 21365,
"Binary": "DGLTC_LOTTERY",
"State": 4,
"Progress": 100,
"Start": 1714877938,
"End": 1714877943
}
,
{
"ID": 21366,
"Binary": "DGLTC_LOTTERY",
"State": 4,
"Progress": 100,
"Start": 1714877932,
"End": 1714877937
}
,
{
"ID": 21367,
"Binary": "DGLTC_LOTTERY",
"State": 4,
"Progress": 100,
"Start": 1714877937,
"End": 1714877943
}
,
{
"ID": 21368,
"Binary": "DGLTC_LOTTERY",
"State": 4,
"Progress": 100,
"Start": 1714877932,
"End": 1714877938
}
,
{
"ID": 21369,
"Binary": "DGLTC_LOTTERY",
"State": 4,
"Progress": 100,
"Start": 1714877938,
"End": 1714877943
}
,
{
"ID": 21370,
"Binary": "DGLTC_LOTTERY",
"State": 4,
"Progress": 100,
"Start": 1714877932,
"End": 1714877940
}
],
"Nodes":[
{
"ID": "ABLACK",
"Class": 1,
"Task": 0,
"CPUCount": 1,
"LoadAverage": 9.020000,
"TasksCompleted": 186,
"System": 6,
"Enabled": 1
}
,
{
"ID": "AWHITE",
"Class": 1,
"Task": 0,
"CPUCount": 8,
"LoadAverage": 0.000000,
"TasksCompleted": 198,
"System": 7,
"Enabled": 1
}
,
{
"ID": "PI_SOLAR",
"Class": 1,
"Task": 0,
"CPUCount": 4,
"LoadAverage": 0.572266,
"TasksCompleted": 183,
"System": 6,
"Enabled": 1
}
,
{
"ID": "J_PROX",
"Class": 1,
"Task": 0,
"CPUCount": 2,
"LoadAverage": 0.490723,
"TasksCompleted": 1049,
"System": 5,
"Enabled": 1
}
,
{
"ID": "J_PROX",
"Class": 1,
"Task": 0,
"CPUCount": 2,
"LoadAverage": 0.490723,
"TasksCompleted": 1006,
"System": 5,
"Enabled": 1
}
,
{
"ID": "GS_EXPLORER",
"Class": 1,
"Task": 0,
"CPUCount": 1,
"LoadAverage": 0.110000,
"TasksCompleted": 730,
"System": 5,
"Enabled": 1
}
,
{
"ID": "PI_KNS",
"Class": 1,
"Task": 0,
"CPUCount": 4,
"LoadAverage": 1.560000,
"TasksCompleted": 82,
"System": 6,
"Enabled": 1
}
,
{
"ID": "PI_KNS",
"Class": 1,
"Task": 0,
"CPUCount": 4,
"LoadAverage": 1.560000,
"TasksCompleted": 82,
"System": 6,
"Enabled": 1
}
,
{
"ID": "LibClient",
"Class": 2,
"Task": 0,
"CPUCount": 1,
"LoadAverage": 0.648926,
"TasksCompleted": 0,
"System": 5,
"Enabled": 1
}
,
{
"ID": "P_PROX",
"Class": 1,
"Task": 0,
"CPUCount": 2,
"LoadAverage": 0.648926,
"TasksCompleted": 977,
"System": 5,
"Enabled": 1
}
,
{
"ID": "P_PROX",
"Class": 1,
"Task": 0,
"CPUCount": 2,
"LoadAverage": 0.596680,
"TasksCompleted": 998,
"System": 5,
"Enabled": 1
}
,
{
"ID": "GS_WORK",
"Class": 1,
"Task": 0,
"CPUCount": 1,
"LoadAverage": 0.250000,
"TasksCompleted": 579,
"System": 5,
"Enabled": 1
}
,
{
"ID": "LibClient",
"Class": 2,
"Task": 0,
"CPUCount": 1,
"LoadAverage": 0.648926,
"TasksCompleted": 0,
"System": 5,
"Enabled": 1
}
]}