{
"CPU": 1.656349,
"Starttime": 1714751364,
"Epoch": 1714812564,
"Version": "0.8",
"Throttled": 4,
"Utilization": 40.000000,
"Connections": 2,
"NodesCount": 10,
"TasksNew": 0,
"TasksCompleted": 20,
"TasksRunning": 4,
"TasksFailed": 0,
"TasksCount": 24,
"Tasks":[
{
"ID": 9665,
"Binary": "BTC_LOTTERY",
"State": 2,
"Progress": 0,
"Start": 1714812351,
"End": 0
}
,
{
"ID": 9667,
"Binary": "BTC_LOTTERY",
"State": 2,
"Progress": 0,
"Start": 1714812351,
"End": 0
}
,
{
"ID": 9668,
"Binary": "BTC_LOTTERY",
"State": 2,
"Progress": 0,
"Start": 1714812351,
"End": 0
}
,
{
"ID": 9670,
"Binary": "BTC_LOTTERY",
"State": 2,
"Progress": 0,
"Start": 1714812351,
"End": 0
}
,
{
"ID": 9701,
"Binary": "DGLTC_LOTTERY",
"State": 4,
"Progress": 100,
"Start": 1714812502,
"End": 1714812505
}
,
{
"ID": 9702,
"Binary": "DGLTC_LOTTERY",
"State": 4,
"Progress": 100,
"Start": 1714812502,
"End": 1714812505
}
,
{
"ID": 9703,
"Binary": "DGLTC_LOTTERY",
"State": 4,
"Progress": 100,
"Start": 1714812502,
"End": 1714812505
}
,
{
"ID": 9704,
"Binary": "DGLTC_LOTTERY",
"State": 4,
"Progress": 100,
"Start": 1714812502,
"End": 1714812505
}
,
{
"ID": 9705,
"Binary": "DGLTC_LOTTERY",
"State": 4,
"Progress": 100,
"Start": 1714812502,
"End": 1714812504
}
,
{
"ID": 9706,
"Binary": "DGLTC_LOTTERY",
"State": 4,
"Progress": 100,
"Start": 1714812505,
"End": 1714812508
}
,
{
"ID": 9707,
"Binary": "DGLTC_LOTTERY",
"State": 4,
"Progress": 100,
"Start": 1714812505,
"End": 1714812508
}
,
{
"ID": 9708,
"Binary": "DGLTC_LOTTERY",
"State": 4,
"Progress": 100,
"Start": 1714812505,
"End": 1714812509
}
,
{
"ID": 9709,
"Binary": "DGLTC_LOTTERY",
"State": 4,
"Progress": 100,
"Start": 1714812504,
"End": 1714812505
}
,
{
"ID": 9710,
"Binary": "DGLTC_LOTTERY",
"State": 4,
"Progress": 100,
"Start": 1714812505,
"End": 1714812507
}
,
{
"ID": 9711,
"Binary": "DGLTC_LOTTERY",
"State": 4,
"Progress": 100,
"Start": 1714812518,
"End": 1714812521
}
,
{
"ID": 9712,
"Binary": "DGLTC_LOTTERY",
"State": 4,
"Progress": 100,
"Start": 1714812518,
"End": 1714812522
}
,
{
"ID": 9713,
"Binary": "DGLTC_LOTTERY",
"State": 4,
"Progress": 100,
"Start": 1714812518,
"End": 1714812520
}
,
{
"ID": 9714,
"Binary": "DGLTC_LOTTERY",
"State": 4,
"Progress": 100,
"Start": 1714812518,
"End": 1714812521
}
,
{
"ID": 9715,
"Binary": "DGLTC_LOTTERY",
"State": 4,
"Progress": 100,
"Start": 1714812518,
"End": 1714812521
}
,
{
"ID": 9716,
"Binary": "DGLTC_LOTTERY",
"State": 4,
"Progress": 100,
"Start": 1714812521,
"End": 1714812524
}
,
{
"ID": 9717,
"Binary": "DGLTC_LOTTERY",
"State": 4,
"Progress": 100,
"Start": 1714812520,
"End": 1714812522
}
,
{
"ID": 9718,
"Binary": "DGLTC_LOTTERY",
"State": 4,
"Progress": 100,
"Start": 1714812521,
"End": 1714812524
}
,
{
"ID": 9719,
"Binary": "DGLTC_LOTTERY",
"State": 4,
"Progress": 100,
"Start": 1714812522,
"End": 1714812523
}
,
{
"ID": 9720,
"Binary": "DGLTC_LOTTERY",
"State": 4,
"Progress": 100,
"Start": 1714812521,
"End": 1714812525
}
],
"Nodes":[
{
"ID": "ABLACK",
"Class": 1,
"Task": 9670,
"CPUCount": 3,
"LoadAverage": 10.710000,
"TasksCompleted": 66,
"System": 6,
"Enabled": 1
}
,
{
"ID": "AWHITE",
"Class": 1,
"Task": 0,
"CPUCount": 8,
"LoadAverage": 0.000000,
"TasksCompleted": 72,
"System": 7,
"Enabled": 1
}
,
{
"ID": "J_PROX",
"Class": 1,
"Task": 0,
"CPUCount": 2,
"LoadAverage": 0.695801,
"TasksCompleted": 1207,
"System": 5,
"Enabled": 1
}
,
{
"ID": "J_PROX",
"Class": 1,
"Task": 0,
"CPUCount": 2,
"LoadAverage": 0.695801,
"TasksCompleted": 1208,
"System": 5,
"Enabled": 1
}
,
{
"ID": "GS_WORK",
"Class": 1,
"Task": 0,
"CPUCount": 1,
"LoadAverage": 0.380000,
"TasksCompleted": 828,
"System": 5,
"Enabled": 1
}
,
{
"ID": "GS_EXPLORER",
"Class": 1,
"Task": 0,
"CPUCount": 1,
"LoadAverage": 0.410000,
"TasksCompleted": 875,
"System": 5,
"Enabled": 1
}
,
{
"ID": "PI_KNS",
"Class": 1,
"Task": 9668,
"CPUCount": 4,
"LoadAverage": 4.680000,
"TasksCompleted": 72,
"System": 6,
"Enabled": 1
}
,
{
"ID": "PI_KNS",
"Class": 1,
"Task": 9667,
"CPUCount": 4,
"LoadAverage": 4.680000,
"TasksCompleted": 76,
"System": 6,
"Enabled": 1
}
,
{
"ID": "PI_SOLAR",
"Class": 1,
"Task": 9665,
"CPUCount": 4,
"LoadAverage": 2.142090,
"TasksCompleted": 61,
"System": 6,
"Enabled": 1
}
,
{
"ID": "LibClient",
"Class": 2,
"Task": 0,
"CPUCount": 1,
"LoadAverage": 0.040527,
"TasksCompleted": 0,
"System": 5,
"Enabled": 1
}
,
{
"ID": "LibClient",
"Class": 2,
"Task": 0,
"CPUCount": 1,
"LoadAverage": 0.040527,
"TasksCompleted": 0,
"System": 5,
"Enabled": 1
}
,
{
"ID": "DELL1",
"Class": 1,
"Task": 0,
"CPUCount": 8,
"LoadAverage": 1.104980,
"TasksCompleted": 1676,
"System": 5,
"Enabled": 1
}
]}