{
"CPU": 1.856808,
"Starttime": 1714751364,
"Epoch": 1714820964,
"Version": "0.8",
"Throttled": 7,
"Utilization": 30.000002,
"Connections": 2,
"NodesCount": 10,
"TasksNew": 0,
"TasksCompleted": 30,
"TasksRunning": 3,
"TasksFailed": 0,
"TasksCount": 33,
"Tasks":[
{
"ID": 11093,
"Binary": "BTC_LOTTERY",
"State": 2,
"Progress": 0,
"Start": 1714820573,
"End": 0
}
,
{
"ID": 11096,
"Binary": "BTC_LOTTERY",
"State": 2,
"Progress": 0,
"Start": 1714820604,
"End": 0
}
,
{
"ID": 11099,
"Binary": "BTC_LOTTERY",
"State": 2,
"Progress": 0,
"Start": 1714820574,
"End": 0
}
,
{
"ID": 11181,
"Binary": "DGLTC_LOTTERY",
"State": 4,
"Progress": 100,
"Start": 1714820906,
"End": 1714820910
}
,
{
"ID": 11182,
"Binary": "DGLTC_LOTTERY",
"State": 4,
"Progress": 100,
"Start": 1714820906,
"End": 1714820910
}
,
{
"ID": 11183,
"Binary": "DGLTC_LOTTERY",
"State": 4,
"Progress": 100,
"Start": 1714820906,
"End": 1714820910
}
,
{
"ID": 11184,
"Binary": "DGLTC_LOTTERY",
"State": 4,
"Progress": 100,
"Start": 1714820907,
"End": 1714820910
}
,
{
"ID": 11185,
"Binary": "DGLTC_LOTTERY",
"State": 4,
"Progress": 100,
"Start": 1714820907,
"End": 1714820908
}
,
{
"ID": 11186,
"Binary": "DGLTC_LOTTERY",
"State": 4,
"Progress": 100,
"Start": 1714820910,
"End": 1714820913
}
,
{
"ID": 11187,
"Binary": "DGLTC_LOTTERY",
"State": 4,
"Progress": 100,
"Start": 1714820908,
"End": 1714820910
}
,
{
"ID": 11188,
"Binary": "DGLTC_LOTTERY",
"State": 4,
"Progress": 100,
"Start": 1714820910,
"End": 1714820912
}
,
{
"ID": 11189,
"Binary": "DGLTC_LOTTERY",
"State": 4,
"Progress": 100,
"Start": 1714820910,
"End": 1714820914
}
,
{
"ID": 11190,
"Binary": "DGLTC_LOTTERY",
"State": 4,
"Progress": 100,
"Start": 1714820910,
"End": 1714820913
}
,
{
"ID": 11191,
"Binary": "DGLTC_LOTTERY",
"State": 4,
"Progress": 100,
"Start": 1714820934,
"End": 1714820937
}
,
{
"ID": 11192,
"Binary": "DGLTC_LOTTERY",
"State": 4,
"Progress": 100,
"Start": 1714820934,
"End": 1714820936
}
,
{
"ID": 11193,
"Binary": "DGLTC_LOTTERY",
"State": 4,
"Progress": 100,
"Start": 1714820934,
"End": 1714820938
}
,
{
"ID": 11194,
"Binary": "DGLTC_LOTTERY",
"State": 4,
"Progress": 100,
"Start": 1714820934,
"End": 1714820938
}
,
{
"ID": 11195,
"Binary": "DGLTC_LOTTERY",
"State": 4,
"Progress": 100,
"Start": 1714820934,
"End": 1714820938
}
,
{
"ID": 11196,
"Binary": "DGLTC_LOTTERY",
"State": 4,
"Progress": 100,
"Start": 1714820938,
"End": 1714820942
}
,
{
"ID": 11197,
"Binary": "DGLTC_LOTTERY",
"State": 4,
"Progress": 100,
"Start": 1714820937,
"End": 1714820941
}
,
{
"ID": 11198,
"Binary": "DGLTC_LOTTERY",
"State": 4,
"Progress": 100,
"Start": 1714820938,
"End": 1714820940
}
,
{
"ID": 11199,
"Binary": "DGLTC_LOTTERY",
"State": 4,
"Progress": 100,
"Start": 1714820936,
"End": 1714820938
}
,
{
"ID": 11200,
"Binary": "DGLTC_LOTTERY",
"State": 4,
"Progress": 100,
"Start": 1714820938,
"End": 1714820941
}
,
{
"ID": 11201,
"Binary": "DGLTC_LOTTERY",
"State": 4,
"Progress": 100,
"Start": 1714820952,
"End": 1714820955
}
,
{
"ID": 11202,
"Binary": "DGLTC_LOTTERY",
"State": 4,
"Progress": 100,
"Start": 1714820952,
"End": 1714820956
}
,
{
"ID": 11203,
"Binary": "DGLTC_LOTTERY",
"State": 4,
"Progress": 100,
"Start": 1714820952,
"End": 1714820956
}
,
{
"ID": 11204,
"Binary": "DGLTC_LOTTERY",
"State": 4,
"Progress": 100,
"Start": 1714820952,
"End": 1714820955
}
,
{
"ID": 11205,
"Binary": "DGLTC_LOTTERY",
"State": 4,
"Progress": 100,
"Start": 1714820952,
"End": 1714820954
}
,
{
"ID": 11206,
"Binary": "DGLTC_LOTTERY",
"State": 4,
"Progress": 100,
"Start": 1714820956,
"End": 1714820959
}
,
{
"ID": 11207,
"Binary": "DGLTC_LOTTERY",
"State": 4,
"Progress": 100,
"Start": 1714820956,
"End": 1714820960
}
,
{
"ID": 11208,
"Binary": "DGLTC_LOTTERY",
"State": 4,
"Progress": 100,
"Start": 1714820954,
"End": 1714820956
}
,
{
"ID": 11209,
"Binary": "DGLTC_LOTTERY",
"State": 4,
"Progress": 100,
"Start": 1714820955,
"End": 1714820958
}
,
{
"ID": 11210,
"Binary": "DGLTC_LOTTERY",
"State": 4,
"Progress": 100,
"Start": 1714820955,
"End": 1714820958
}
],
"Nodes":[
{
"ID": "ABLACK",
"Class": 1,
"Task": 0,
"CPUCount": 1,
"LoadAverage": 9.470000,
"TasksCompleted": 77,
"System": 6,
"Enabled": 1
}
,
{
"ID": "AWHITE",
"Class": 1,
"Task": 0,
"CPUCount": 8,
"LoadAverage": 0.000000,
"TasksCompleted": 82,
"System": 7,
"Enabled": 1
}
,
{
"ID": "J_PROX",
"Class": 1,
"Task": 0,
"CPUCount": 2,
"LoadAverage": 0.733398,
"TasksCompleted": 1455,
"System": 5,
"Enabled": 1
}
,
{
"ID": "J_PROX",
"Class": 1,
"Task": 0,
"CPUCount": 2,
"LoadAverage": 0.733398,
"TasksCompleted": 1459,
"System": 5,
"Enabled": 1
}
,
{
"ID": "GS_WORK",
"Class": 1,
"Task": 0,
"CPUCount": 1,
"LoadAverage": 0.420000,
"TasksCompleted": 978,
"System": 5,
"Enabled": 1
}
,
{
"ID": "GS_EXPLORER",
"Class": 1,
"Task": 0,
"CPUCount": 1,
"LoadAverage": 0.340000,
"TasksCompleted": 1108,
"System": 5,
"Enabled": 1
}
,
{
"ID": "PI_KNS",
"Class": 1,
"Task": 11093,
"CPUCount": 4,
"LoadAverage": 4.610000,
"TasksCompleted": 82,
"System": 6,
"Enabled": 1
}
,
{
"ID": "PI_KNS",
"Class": 1,
"Task": 11096,
"CPUCount": 4,
"LoadAverage": 4.610000,
"TasksCompleted": 85,
"System": 6,
"Enabled": 1
}
,
{
"ID": "PI_SOLAR",
"Class": 1,
"Task": 11099,
"CPUCount": 4,
"LoadAverage": 2.158691,
"TasksCompleted": 70,
"System": 6,
"Enabled": 1
}
,
{
"ID": "LibClient",
"Class": 2,
"Task": 0,
"CPUCount": 1,
"LoadAverage": 0.082031,
"TasksCompleted": 0,
"System": 5,
"Enabled": 1
}
,
{
"ID": "LibClient",
"Class": 2,
"Task": 0,
"CPUCount": 1,
"LoadAverage": 0.082031,
"TasksCompleted": 0,
"System": 5,
"Enabled": 1
}
,
{
"ID": "DELL1",
"Class": 1,
"Task": 0,
"CPUCount": 8,
"LoadAverage": 1.117188,
"TasksCompleted": 2132,
"System": 5,
"Enabled": 1
}
]}