{
"CPU": 3.703704,
"Starttime": 1714648137,
"Epoch": 1714666197,
"Version": "0.8",
"Utilization": 11.764706,
"Connections": 2,
"NodesCount": 17,
"TasksNew": 0,
"TasksCompleted": 21,
"TasksRunning": 2,
"TasksFailed": 0,
"TasksCount": 23,
"Tasks":[
{
"ID": 1295,
"Binary": "BTC_LOTTERY",
"State": 2,
"Progress": 0,
"Start": 1714665988,
"End": 0
}
,
{
"ID": 1298,
"Binary": "BTC_LOTTERY",
"State": 4,
"Progress": 100,
"Start": 1714665988,
"End": 1714666194
}
,
{
"ID": 1300,
"Binary": "BTC_LOTTERY",
"State": 2,
"Progress": 0,
"Start": 1714665988,
"End": 0
}
,
{
"ID": 1341,
"Binary": "DGLTC_LOTTERY",
"State": 4,
"Progress": 100,
"Start": 1714666145,
"End": 1714666150
}
,
{
"ID": 1342,
"Binary": "DGLTC_LOTTERY",
"State": 4,
"Progress": 100,
"Start": 1714666145,
"End": 1714666156
}
,
{
"ID": 1343,
"Binary": "DGLTC_LOTTERY",
"State": 4,
"Progress": 100,
"Start": 1714666145,
"End": 1714666156
}
,
{
"ID": 1344,
"Binary": "DGLTC_LOTTERY",
"State": 4,
"Progress": 100,
"Start": 1714666145,
"End": 1714666150
}
,
{
"ID": 1345,
"Binary": "DGLTC_LOTTERY",
"State": 4,
"Progress": 100,
"Start": 1714666145,
"End": 1714666150
}
,
{
"ID": 1346,
"Binary": "DGLTC_LOTTERY",
"State": 4,
"Progress": 100,
"Start": 1714666145,
"End": 1714666158
}
,
{
"ID": 1347,
"Binary": "DGLTC_LOTTERY",
"State": 4,
"Progress": 100,
"Start": 1714666150,
"End": 1714666154
}
,
{
"ID": 1348,
"Binary": "DGLTC_LOTTERY",
"State": 4,
"Progress": 100,
"Start": 1714666150,
"End": 1714666154
}
,
{
"ID": 1349,
"Binary": "DGLTC_LOTTERY",
"State": 4,
"Progress": 100,
"Start": 1714666154,
"End": 1714666157
}
,
{
"ID": 1350,
"Binary": "DGLTC_LOTTERY",
"State": 4,
"Progress": 100,
"Start": 1714666150,
"End": 1714666154
}
,
{
"ID": 1351,
"Binary": "DGLTC_LOTTERY",
"State": 4,
"Progress": 100,
"Start": 1714666162,
"End": 1714666167
}
,
{
"ID": 1352,
"Binary": "DGLTC_LOTTERY",
"State": 4,
"Progress": 100,
"Start": 1714666162,
"End": 1714666173
}
,
{
"ID": 1353,
"Binary": "DGLTC_LOTTERY",
"State": 4,
"Progress": 100,
"Start": 1714666163,
"End": 1714666173
}
,
{
"ID": 1354,
"Binary": "DGLTC_LOTTERY",
"State": 4,
"Progress": 100,
"Start": 1714666163,
"End": 1714666167
}
,
{
"ID": 1355,
"Binary": "DGLTC_LOTTERY",
"State": 4,
"Progress": 100,
"Start": 1714666163,
"End": 1714666168
}
,
{
"ID": 1356,
"Binary": "DGLTC_LOTTERY",
"State": 4,
"Progress": 100,
"Start": 1714666163,
"End": 1714666175
}
,
{
"ID": 1357,
"Binary": "DGLTC_LOTTERY",
"State": 4,
"Progress": 100,
"Start": 1714666167,
"End": 1714666172
}
,
{
"ID": 1358,
"Binary": "DGLTC_LOTTERY",
"State": 4,
"Progress": 100,
"Start": 1714666167,
"End": 1714666171
}
,
{
"ID": 1359,
"Binary": "DGLTC_LOTTERY",
"State": 4,
"Progress": 100,
"Start": 1714666171,
"End": 1714666175
}
,
{
"ID": 1360,
"Binary": "DGLTC_LOTTERY",
"State": 4,
"Progress": 100,
"Start": 1714666168,
"End": 1714666173
}
],
"Nodes":[
{
"ID": "PI_GRIDMAN",
"Class": 1,
"Task": 0,
"CPUCount": 4,
"LoadAverage": 1.435547,
"TasksCompleted": 94,
"System": 6,
"Enabled": 1
}
,
{
"ID": "DELL2",
"Class": 1,
"Task": 0,
"CPUCount": 8,
"LoadAverage": 1.719238,
"TasksCompleted": 153,
"System": 5,
"Enabled": 1
}
,
{
"ID": "J_PROX",
"Class": 1,
"Task": 0,
"CPUCount": 2,
"LoadAverage": 1.549316,
"TasksCompleted": 114,
"System": 5,
"Enabled": 1
}
,
{
"ID": "J_PROX",
"Class": 1,
"Task": 0,
"CPUCount": 2,
"LoadAverage": 1.549316,
"TasksCompleted": 115,
"System": 5,
"Enabled": 1
}
,
{
"ID": "PI_SOLAR",
"Class": 1,
"Task": 1295,
"CPUCount": 4,
"LoadAverage": 2.031738,
"TasksCompleted": 89,
"System": 6,
"Enabled": 1
}
,
{
"ID": "DELL1",
"Class": 1,
"Task": 0,
"CPUCount": 8,
"LoadAverage": 1.719238,
"TasksCompleted": 151,
"System": 5,
"Enabled": 1
}
,
{
"ID": "DELL",
"Class": 1,
"Task": 0,
"CPUCount": 8,
"LoadAverage": 1.719238,
"TasksCompleted": 149,
"System": 5,
"Enabled": 1
}
,
{
"ID": "GS_WORK",
"Class": 1,
"Task": 0,
"CPUCount": 1,
"LoadAverage": 1.940000,
"TasksCompleted": 100,
"System": 5,
"Enabled": 1
}
,
{
"ID": "GS_EXPLORER",
"Class": 1,
"Task": 0,
"CPUCount": 1,
"LoadAverage": 1.140000,
"TasksCompleted": 105,
"System": 5,
"Enabled": 1
}
,
{
"ID": "PI_KNS",
"Class": 1,
"Task": 1300,
"CPUCount": 4,
"LoadAverage": 2.350000,
"TasksCompleted": 92,
"System": 6,
"Enabled": 1
}
,
{
"ID": "PI_KNS",
"Class": 1,
"Task": 0,
"CPUCount": 4,
"LoadAverage": 2.350000,
"TasksCompleted": 29,
"System": 6,
"Enabled": 1
}
,
{
"ID": "PI_WIFI",
"Class": 1,
"Task": 0,
"CPUCount": 4,
"LoadAverage": 1.090000,
"TasksCompleted": 32,
"System": 6,
"Enabled": 1
}
,
{
"ID": "AWHITE",
"Class": 1,
"Task": 0,
"CPUCount": 8,
"LoadAverage": 0.000000,
"TasksCompleted": 30,
"System": 7,
"Enabled": 1
}
,
{
"ID": "PI_WIFI",
"Class": 1,
"Task": 0,
"CPUCount": 4,
"LoadAverage": 1.080000,
"TasksCompleted": 26,
"System": 6,
"Enabled": 1
}
,
{
"ID": "PI_WIFI",
"Class": 1,
"Task": 0,
"CPUCount": 4,
"LoadAverage": 1.080000,
"TasksCompleted": 23,
"System": 6,
"Enabled": 1
}
,
{
"ID": "ABLACK",
"Class": 1,
"Task": 0,
"CPUCount": 1,
"LoadAverage": 9.230000,
"TasksCompleted": 20,
"System": 6,
"Enabled": 1
}
,
{
"ID": "LibClient",
"Class": 2,
"Task": 0,
"CPUCount": 4,
"LoadAverage": 1.435547,
"TasksCompleted": 0,
"System": 6,
"Enabled": 1
}
,
{
"ID": "LibClient",
"Class": 2,
"Task": 0,
"CPUCount": 8,
"LoadAverage": 1.719238,
"TasksCompleted": 0,
"System": 5,
"Enabled": 1
}
,
{
"ID": "IMAC1",
"Class": 1,
"Task": 0,
"CPUCount": 8,
"LoadAverage": 1.122070,
"TasksCompleted": 0,
"System": 3,
"Enabled": 1
}
]}