{
"CPU": 1.877620,
"Starttime": 1714751364,
"Epoch": 1714783164,
"Version": "0.8",
"Throttled": 2,
"Utilization": 0.000000,
"Connections": 2,
"NodesCount": 12,
"TasksNew": 0,
"TasksCompleted": 20,
"TasksRunning": 0,
"TasksFailed": 0,
"TasksCount": 20,
"Tasks":[
{
"ID": 4361,
"Binary": "DGLTC_LOTTERY",
"State": 4,
"Progress": 100,
"Start": 1714783117,
"End": 1714783121
}
,
{
"ID": 4362,
"Binary": "DGLTC_LOTTERY",
"State": 4,
"Progress": 100,
"Start": 1714783117,
"End": 1714783121
}
,
{
"ID": 4363,
"Binary": "DGLTC_LOTTERY",
"State": 4,
"Progress": 100,
"Start": 1714783117,
"End": 1714783120
}
,
{
"ID": 4364,
"Binary": "DGLTC_LOTTERY",
"State": 4,
"Progress": 100,
"Start": 1714783117,
"End": 1714783121
}
,
{
"ID": 4365,
"Binary": "DGLTC_LOTTERY",
"State": 4,
"Progress": 100,
"Start": 1714783117,
"End": 1714783120
}
,
{
"ID": 4366,
"Binary": "DGLTC_LOTTERY",
"State": 4,
"Progress": 100,
"Start": 1714783117,
"End": 1714783120
}
,
{
"ID": 4367,
"Binary": "DGLTC_LOTTERY",
"State": 4,
"Progress": 100,
"Start": 1714783117,
"End": 1714783121
}
,
{
"ID": 4368,
"Binary": "DGLTC_LOTTERY",
"State": 4,
"Progress": 100,
"Start": 1714783120,
"End": 1714783122
}
,
{
"ID": 4369,
"Binary": "DGLTC_LOTTERY",
"State": 4,
"Progress": 100,
"Start": 1714783120,
"End": 1714783123
}
,
{
"ID": 4370,
"Binary": "DGLTC_LOTTERY",
"State": 4,
"Progress": 100,
"Start": 1714783120,
"End": 1714783122
}
,
{
"ID": 4371,
"Binary": "DGLTC_LOTTERY",
"State": 4,
"Progress": 100,
"Start": 1714783130,
"End": 1714783133
}
,
{
"ID": 4372,
"Binary": "DGLTC_LOTTERY",
"State": 4,
"Progress": 100,
"Start": 1714783130,
"End": 1714783133
}
,
{
"ID": 4373,
"Binary": "DGLTC_LOTTERY",
"State": 4,
"Progress": 100,
"Start": 1714783130,
"End": 1714783132
}
,
{
"ID": 4374,
"Binary": "DGLTC_LOTTERY",
"State": 4,
"Progress": 100,
"Start": 1714783130,
"End": 1714783133
}
,
{
"ID": 4375,
"Binary": "DGLTC_LOTTERY",
"State": 4,
"Progress": 100,
"Start": 1714783130,
"End": 1714783133
}
,
{
"ID": 4376,
"Binary": "DGLTC_LOTTERY",
"State": 4,
"Progress": 100,
"Start": 1714783130,
"End": 1714783134
}
,
{
"ID": 4377,
"Binary": "DGLTC_LOTTERY",
"State": 4,
"Progress": 100,
"Start": 1714783130,
"End": 1714783133
}
,
{
"ID": 4378,
"Binary": "DGLTC_LOTTERY",
"State": 4,
"Progress": 100,
"Start": 1714783133,
"End": 1714783136
}
,
{
"ID": 4379,
"Binary": "DGLTC_LOTTERY",
"State": 4,
"Progress": 100,
"Start": 1714783133,
"End": 1714783136
}
,
{
"ID": 4380,
"Binary": "DGLTC_LOTTERY",
"State": 4,
"Progress": 100,
"Start": 1714783132,
"End": 1714783133
}
],
"Nodes":[
{
"ID": "ABLACK",
"Class": 1,
"Task": 0,
"CPUCount": 1,
"LoadAverage": 9.210000,
"TasksCompleted": 28,
"System": 6,
"Enabled": 1
}
,
{
"ID": "AWHITE",
"Class": 1,
"Task": 0,
"CPUCount": 8,
"LoadAverage": 0.000000,
"TasksCompleted": 30,
"System": 7,
"Enabled": 1
}
,
{
"ID": "J_PROX",
"Class": 1,
"Task": 0,
"CPUCount": 2,
"LoadAverage": 0.222168,
"TasksCompleted": 503,
"System": 5,
"Enabled": 1
}
,
{
"ID": "J_PROX",
"Class": 1,
"Task": 0,
"CPUCount": 2,
"LoadAverage": 0.222168,
"TasksCompleted": 500,
"System": 5,
"Enabled": 1
}
,
{
"ID": "GS_WORK",
"Class": 1,
"Task": 0,
"CPUCount": 1,
"LoadAverage": 0.120000,
"TasksCompleted": 320,
"System": 5,
"Enabled": 1
}
,
{
"ID": "GS_EXPLORER",
"Class": 1,
"Task": 0,
"CPUCount": 1,
"LoadAverage": 0.100000,
"TasksCompleted": 329,
"System": 5,
"Enabled": 1
}
,
{
"ID": "PI_KNS",
"Class": 1,
"Task": 0,
"CPUCount": 4,
"LoadAverage": 1.400000,
"TasksCompleted": 32,
"System": 6,
"Enabled": 1
}
,
{
"ID": "PI_KNS",
"Class": 1,
"Task": 0,
"CPUCount": 4,
"LoadAverage": 1.400000,
"TasksCompleted": 31,
"System": 6,
"Enabled": 1
}
,
{
"ID": "PI_SOLAR",
"Class": 1,
"Task": 0,
"CPUCount": 4,
"LoadAverage": 0.390625,
"TasksCompleted": 23,
"System": 6,
"Enabled": 1
}
,
{
"ID": "LibClient",
"Class": 2,
"Task": 0,
"CPUCount": 1,
"LoadAverage": 0.382812,
"TasksCompleted": 0,
"System": 5,
"Enabled": 1
}
,
{
"ID": "LibClient",
"Class": 2,
"Task": 0,
"CPUCount": 1,
"LoadAverage": 0.382812,
"TasksCompleted": 0,
"System": 5,
"Enabled": 1
}
,
{
"ID": "DELL1",
"Class": 1,
"Task": 0,
"CPUCount": 8,
"LoadAverage": 1.009766,
"TasksCompleted": 448,
"System": 5,
"Enabled": 1
}
,
{
"ID": "P_PROX",
"Class": 1,
"Task": 0,
"CPUCount": 2,
"LoadAverage": 0.382812,
"TasksCompleted": 247,
"System": 5,
"Enabled": 1
}
,
{
"ID": "P_PROX",
"Class": 1,
"Task": 0,
"CPUCount": 2,
"LoadAverage": 0.382812,
"TasksCompleted": 255,
"System": 5,
"Enabled": 1
}
]}