{
"CPU": 1.789597,
"Starttime": 1714751364,
"Epoch": 1714810164,
"Version": "0.8",
"Throttled": 4,
"Utilization": 30.000002,
"Connections": 2,
"NodesCount": 10,
"TasksNew": 0,
"TasksCompleted": 20,
"TasksRunning": 3,
"TasksFailed": 10,
"TasksCount": 33,
"Tasks":[
{
"ID": 9203,
"Binary": "BTC_LOTTERY",
"State": 2,
"Progress": 0,
"Start": 1714809807,
"End": 0
}
,
{
"ID": 9204,
"Binary": "BTC_LOTTERY",
"State": 2,
"Progress": 0,
"Start": 1714809807,
"End": 0
}
,
{
"ID": 9205,
"Binary": "BTC_LOTTERY",
"State": 2,
"Progress": 0,
"Start": 1714809807,
"End": 0
}
,
{
"ID": 9241,
"Binary": "DGLTC_LOTTERY",
"State": 3,
"Progress": 100,
"Start": 1714810111,
"End": 1714810115
}
,
{
"ID": 9242,
"Binary": "DGLTC_LOTTERY",
"State": 3,
"Progress": 100,
"Start": 1714810111,
"End": 1714810113
}
,
{
"ID": 9243,
"Binary": "DGLTC_LOTTERY",
"State": 3,
"Progress": 100,
"Start": 1714810111,
"End": 1714810115
}
,
{
"ID": 9244,
"Binary": "DGLTC_LOTTERY",
"State": 3,
"Progress": 100,
"Start": 1714810111,
"End": 1714810115
}
,
{
"ID": 9245,
"Binary": "DGLTC_LOTTERY",
"State": 3,
"Progress": 100,
"Start": 1714810111,
"End": 1714810115
}
,
{
"ID": 9246,
"Binary": "DGLTC_LOTTERY",
"State": 3,
"Progress": 100,
"Start": 1714810115,
"End": 1714810117
}
,
{
"ID": 9247,
"Binary": "DGLTC_LOTTERY",
"State": 3,
"Progress": 100,
"Start": 1714810113,
"End": 1714810115
}
,
{
"ID": 9248,
"Binary": "DGLTC_LOTTERY",
"State": 3,
"Progress": 100,
"Start": 1714810115,
"End": 1714810116
}
,
{
"ID": 9249,
"Binary": "DGLTC_LOTTERY",
"State": 3,
"Progress": 100,
"Start": 1714810115,
"End": 1714810116
}
,
{
"ID": 9250,
"Binary": "DGLTC_LOTTERY",
"State": 3,
"Progress": 100,
"Start": 1714810115,
"End": 1714810116
}
,
{
"ID": 9251,
"Binary": "DGLTC_LOTTERY",
"State": 4,
"Progress": 100,
"Start": 1714810120,
"End": 1714810124
}
,
{
"ID": 9252,
"Binary": "DGLTC_LOTTERY",
"State": 4,
"Progress": 100,
"Start": 1714810115,
"End": 1714810119
}
,
{
"ID": 9253,
"Binary": "DGLTC_LOTTERY",
"State": 4,
"Progress": 100,
"Start": 1714810117,
"End": 1714810118
}
,
{
"ID": 9254,
"Binary": "DGLTC_LOTTERY",
"State": 4,
"Progress": 100,
"Start": 1714810119,
"End": 1714810123
}
,
{
"ID": 9255,
"Binary": "DGLTC_LOTTERY",
"State": 4,
"Progress": 100,
"Start": 1714810118,
"End": 1714810121
}
,
{
"ID": 9256,
"Binary": "DGLTC_LOTTERY",
"State": 4,
"Progress": 100,
"Start": 1714810116,
"End": 1714810120
}
,
{
"ID": 9257,
"Binary": "DGLTC_LOTTERY",
"State": 4,
"Progress": 100,
"Start": 1714810119,
"End": 1714810122
}
,
{
"ID": 9258,
"Binary": "DGLTC_LOTTERY",
"State": 4,
"Progress": 100,
"Start": 1714810116,
"End": 1714810119
}
,
{
"ID": 9259,
"Binary": "DGLTC_LOTTERY",
"State": 4,
"Progress": 100,
"Start": 1714810116,
"End": 1714810119
}
,
{
"ID": 9260,
"Binary": "DGLTC_LOTTERY",
"State": 4,
"Progress": 100,
"Start": 1714810119,
"End": 1714810123
}
,
{
"ID": 9261,
"Binary": "DGLTC_LOTTERY",
"State": 4,
"Progress": 100,
"Start": 1714810146,
"End": 1714810149
}
,
{
"ID": 9262,
"Binary": "DGLTC_LOTTERY",
"State": 4,
"Progress": 100,
"Start": 1714810146,
"End": 1714810149
}
,
{
"ID": 9263,
"Binary": "DGLTC_LOTTERY",
"State": 4,
"Progress": 100,
"Start": 1714810146,
"End": 1714810148
}
,
{
"ID": 9264,
"Binary": "DGLTC_LOTTERY",
"State": 4,
"Progress": 100,
"Start": 1714810146,
"End": 1714810149
}
,
{
"ID": 9265,
"Binary": "DGLTC_LOTTERY",
"State": 4,
"Progress": 100,
"Start": 1714810146,
"End": 1714810150
}
,
{
"ID": 9266,
"Binary": "DGLTC_LOTTERY",
"State": 4,
"Progress": 100,
"Start": 1714810149,
"End": 1714810153
}
,
{
"ID": 9267,
"Binary": "DGLTC_LOTTERY",
"State": 4,
"Progress": 100,
"Start": 1714810149,
"End": 1714810152
}
,
{
"ID": 9268,
"Binary": "DGLTC_LOTTERY",
"State": 4,
"Progress": 100,
"Start": 1714810150,
"End": 1714810152
}
,
{
"ID": 9269,
"Binary": "DGLTC_LOTTERY",
"State": 4,
"Progress": 100,
"Start": 1714810148,
"End": 1714810150
}
,
{
"ID": 9270,
"Binary": "DGLTC_LOTTERY",
"State": 4,
"Progress": 100,
"Start": 1714810149,
"End": 1714810152
}
],
"Nodes":[
{
"ID": "ABLACK",
"Class": 1,
"Task": 0,
"CPUCount": 1,
"LoadAverage": 9.890000,
"TasksCompleted": 60,
"System": 6,
"Enabled": 1
}
,
{
"ID": "AWHITE",
"Class": 1,
"Task": 0,
"CPUCount": 8,
"LoadAverage": 0.000000,
"TasksCompleted": 66,
"System": 7,
"Enabled": 1
}
,
{
"ID": "J_PROX",
"Class": 1,
"Task": 0,
"CPUCount": 2,
"LoadAverage": 0.707520,
"TasksCompleted": 1145,
"System": 5,
"Enabled": 1
}
,
{
"ID": "J_PROX",
"Class": 1,
"Task": 0,
"CPUCount": 2,
"LoadAverage": 0.707520,
"TasksCompleted": 1147,
"System": 5,
"Enabled": 1
}
,
{
"ID": "GS_WORK",
"Class": 1,
"Task": 0,
"CPUCount": 1,
"LoadAverage": 0.170000,
"TasksCompleted": 781,
"System": 5,
"Enabled": 1
}
,
{
"ID": "GS_EXPLORER",
"Class": 1,
"Task": 0,
"CPUCount": 1,
"LoadAverage": 0.280000,
"TasksCompleted": 821,
"System": 5,
"Enabled": 1
}
,
{
"ID": "PI_KNS",
"Class": 1,
"Task": 9205,
"CPUCount": 4,
"LoadAverage": 4.950000,
"TasksCompleted": 66,
"System": 6,
"Enabled": 1
}
,
{
"ID": "PI_KNS",
"Class": 1,
"Task": 9203,
"CPUCount": 4,
"LoadAverage": 4.950000,
"TasksCompleted": 69,
"System": 6,
"Enabled": 1
}
,
{
"ID": "PI_SOLAR",
"Class": 1,
"Task": 9204,
"CPUCount": 4,
"LoadAverage": 2.187012,
"TasksCompleted": 54,
"System": 6,
"Enabled": 1
}
,
{
"ID": "LibClient",
"Class": 2,
"Task": 0,
"CPUCount": 1,
"LoadAverage": 0.092773,
"TasksCompleted": 0,
"System": 5,
"Enabled": 1
}
,
{
"ID": "LibClient",
"Class": 2,
"Task": 0,
"CPUCount": 1,
"LoadAverage": 0.092773,
"TasksCompleted": 0,
"System": 5,
"Enabled": 1
}
,
{
"ID": "DELL1",
"Class": 1,
"Task": 0,
"CPUCount": 8,
"LoadAverage": 1.107910,
"TasksCompleted": 1538,
"System": 5,
"Enabled": 1
}
]}