{
"CPU": 1.706827,
"Starttime": 1714888439,
"Epoch": 1714909199,
"Version": "0.8",
"Throttled": 0,
"Utilization": 57.142860,
"Connections": 2,
"NodesCount": 7,
"TasksNew": 7,
"TasksCompleted": 10,
"TasksRunning": 4,
"TasksFailed": 9,
"TasksCount": 30,
"Tasks":[
{
"ID": 26320,
"Binary": "BTC_LOTTERY",
"State": 1,
"Progress": 0,
"Start": 0,
"End": 0
}
,
{
"ID": 26571,
"Binary": "DGLTC_LOTTERY",
"State": 3,
"Progress": 100,
"Start": 1714909136,
"End": 1714909139
}
,
{
"ID": 26573,
"Binary": "DGLTC_LOTTERY",
"State": 3,
"Progress": 100,
"Start": 1714909136,
"End": 1714909139
}
,
{
"ID": 26574,
"Binary": "DGLTC_LOTTERY",
"State": 3,
"Progress": 100,
"Start": 1714909136,
"End": 1714909139
}
,
{
"ID": 26575,
"Binary": "DGLTC_LOTTERY",
"State": 3,
"Progress": 100,
"Start": 1714909141,
"End": 1714909142
}
,
{
"ID": 26576,
"Binary": "DGLTC_LOTTERY",
"State": 3,
"Progress": 100,
"Start": 1714909139,
"End": 1714909141
}
,
{
"ID": 26577,
"Binary": "DGLTC_LOTTERY",
"State": 3,
"Progress": 100,
"Start": 1714909138,
"End": 1714909141
}
,
{
"ID": 26578,
"Binary": "DGLTC_LOTTERY",
"State": 3,
"Progress": 100,
"Start": 1714909139,
"End": 1714909141
}
,
{
"ID": 26579,
"Binary": "DGLTC_LOTTERY",
"State": 3,
"Progress": 100,
"Start": 1714909139,
"End": 1714909141
}
,
{
"ID": 26580,
"Binary": "DGLTC_LOTTERY",
"State": 3,
"Progress": 100,
"Start": 1714909141,
"End": 1714909142
}
,
{
"ID": 26581,
"Binary": "DGLTC_LOTTERY",
"State": 4,
"Progress": 100,
"Start": 1714909141,
"End": 1714909143
}
,
{
"ID": 26582,
"Binary": "DGLTC_LOTTERY",
"State": 4,
"Progress": 100,
"Start": 1714909146,
"End": 1714909148
}
,
{
"ID": 26583,
"Binary": "DGLTC_LOTTERY",
"State": 4,
"Progress": 100,
"Start": 1714909141,
"End": 1714909144
}
,
{
"ID": 26584,
"Binary": "DGLTC_LOTTERY",
"State": 4,
"Progress": 100,
"Start": 1714909142,
"End": 1714909144
}
,
{
"ID": 26585,
"Binary": "DGLTC_LOTTERY",
"State": 4,
"Progress": 100,
"Start": 1714909143,
"End": 1714909146
}
,
{
"ID": 26586,
"Binary": "DGLTC_LOTTERY",
"State": 4,
"Progress": 100,
"Start": 1714909144,
"End": 1714909147
}
,
{
"ID": 26587,
"Binary": "DGLTC_LOTTERY",
"State": 4,
"Progress": 100,
"Start": 1714909144,
"End": 1714909146
}
,
{
"ID": 26588,
"Binary": "DGLTC_LOTTERY",
"State": 4,
"Progress": 100,
"Start": 1714909142,
"End": 1714909144
}
,
{
"ID": 26589,
"Binary": "DGLTC_LOTTERY",
"State": 4,
"Progress": 100,
"Start": 1714909146,
"End": 1714909148
}
,
{
"ID": 26590,
"Binary": "DGLTC_LOTTERY",
"State": 4,
"Progress": 100,
"Start": 1714909144,
"End": 1714909146
}
,
{
"ID": 26591,
"Binary": "DGLTC_LOTTERY",
"State": 2,
"Progress": 0,
"Start": 1714909197,
"End": 0
}
,
{
"ID": 26592,
"Binary": "DGLTC_LOTTERY",
"State": 2,
"Progress": 0,
"Start": 1714909197,
"End": 0
}
,
{
"ID": 26593,
"Binary": "DGLTC_LOTTERY",
"State": 2,
"Progress": 0,
"Start": 1714909197,
"End": 0
}
,
{
"ID": 26594,
"Binary": "DGLTC_LOTTERY",
"State": 2,
"Progress": 0,
"Start": 1714909197,
"End": 0
}
,
{
"ID": 26595,
"Binary": "DGLTC_LOTTERY",
"State": 1,
"Progress": 0,
"Start": 0,
"End": 0
}
,
{
"ID": 26596,
"Binary": "DGLTC_LOTTERY",
"State": 1,
"Progress": 0,
"Start": 0,
"End": 0
}
,
{
"ID": 26597,
"Binary": "DGLTC_LOTTERY",
"State": 1,
"Progress": 0,
"Start": 0,
"End": 0
}
,
{
"ID": 26598,
"Binary": "DGLTC_LOTTERY",
"State": 1,
"Progress": 0,
"Start": 0,
"End": 0
}
,
{
"ID": 26599,
"Binary": "DGLTC_LOTTERY",
"State": 1,
"Progress": 0,
"Start": 0,
"End": 0
}
,
{
"ID": 26600,
"Binary": "DGLTC_LOTTERY",
"State": 1,
"Progress": 0,
"Start": 0,
"End": 0
}
],
"Nodes":[
{
"ID": "PI_SOLAR",
"Class": 1,
"Task": 0,
"CPUCount": 4,
"LoadAverage": 0.145996,
"TasksCompleted": 36,
"System": 6,
"Enabled": 1
}
,
{
"ID": "LibClient",
"Class": 2,
"Task": 0,
"CPUCount": 1,
"LoadAverage": 0.059082,
"TasksCompleted": 0,
"System": 5,
"Enabled": 1
}
,
{
"ID": "PI_KNS",
"Class": 1,
"Task": 0,
"CPUCount": 4,
"LoadAverage": 0.580000,
"TasksCompleted": 26,
"System": 6,
"Enabled": 1
}
,
{
"ID": "PI_KNS",
"Class": 1,
"Task": 0,
"CPUCount": 4,
"LoadAverage": 0.580000,
"TasksCompleted": 27,
"System": 6,
"Enabled": 1
}
,
{
"ID": "GS_EXPLORER",
"Class": 1,
"Task": 26593,
"CPUCount": 1,
"LoadAverage": 0.010000,
"TasksCompleted": 698,
"System": 5,
"Enabled": 1
}
,
{
"ID": "GS_WORK",
"Class": 1,
"Task": 26594,
"CPUCount": 1,
"LoadAverage": 0.060000,
"TasksCompleted": 607,
"System": 5,
"Enabled": 1
}
,
{
"ID": "LibClient",
"Class": 2,
"Task": 0,
"CPUCount": 1,
"LoadAverage": 0.059082,
"TasksCompleted": 0,
"System": 5,
"Enabled": 1
}
,
{
"ID": "J_PROX",
"Class": 1,
"Task": 26591,
"CPUCount": 2,
"LoadAverage": 0.240234,
"TasksCompleted": 910,
"System": 5,
"Enabled": 1
}
,
{
"ID": "J_PROX",
"Class": 1,
"Task": 26592,
"CPUCount": 2,
"LoadAverage": 0.240234,
"TasksCompleted": 862,
"System": 5,
"Enabled": 1
}
]}