{
"CPU": 1.622074,
"Starttime": 1714888439,
"Epoch": 1714936199,
"Version": "0.8",
"Throttled": 4,
"Utilization": 12.500000,
"Connections": 2,
"NodesCount": 8,
"TasksNew": 0,
"TasksCompleted": 23,
"TasksRunning": 1,
"TasksFailed": 0,
"TasksCount": 24,
"Tasks":[
{
"ID": 30900,
"Binary": "BTC_LOTTERY",
"State": 2,
"Progress": 0,
"Start": 1714935805,
"End": 0
}
,
{
"ID": 31185,
"Binary": "BTC_LOTTERY",
"State": 4,
"Progress": 100,
"Start": 1714935696,
"End": 1714936156
}
,
{
"ID": 31186,
"Binary": "BTC_LOTTERY",
"State": 4,
"Progress": 100,
"Start": 1714935696,
"End": 1714936163
}
,
{
"ID": 31187,
"Binary": "BTC_LOTTERY",
"State": 4,
"Progress": 100,
"Start": 1714935696,
"End": 1714936139
}
,
{
"ID": 31261,
"Binary": "DGLTC_LOTTERY",
"State": 4,
"Progress": 100,
"Start": 1714936137,
"End": 1714936139
}
,
{
"ID": 31262,
"Binary": "DGLTC_LOTTERY",
"State": 4,
"Progress": 100,
"Start": 1714936137,
"End": 1714936139
}
,
{
"ID": 31263,
"Binary": "DGLTC_LOTTERY",
"State": 4,
"Progress": 100,
"Start": 1714936137,
"End": 1714936140
}
,
{
"ID": 31264,
"Binary": "DGLTC_LOTTERY",
"State": 4,
"Progress": 100,
"Start": 1714936137,
"End": 1714936139
}
,
{
"ID": 31265,
"Binary": "DGLTC_LOTTERY",
"State": 4,
"Progress": 100,
"Start": 1714936139,
"End": 1714936141
}
,
{
"ID": 31266,
"Binary": "DGLTC_LOTTERY",
"State": 4,
"Progress": 100,
"Start": 1714936141,
"End": 1714936144
}
,
{
"ID": 31267,
"Binary": "DGLTC_LOTTERY",
"State": 4,
"Progress": 100,
"Start": 1714936140,
"End": 1714936143
}
,
{
"ID": 31268,
"Binary": "DGLTC_LOTTERY",
"State": 4,
"Progress": 100,
"Start": 1714936139,
"End": 1714936142
}
,
{
"ID": 31269,
"Binary": "DGLTC_LOTTERY",
"State": 4,
"Progress": 100,
"Start": 1714936139,
"End": 1714936141
}
,
{
"ID": 31270,
"Binary": "DGLTC_LOTTERY",
"State": 4,
"Progress": 100,
"Start": 1714936141,
"End": 1714936144
}
,
{
"ID": 31271,
"Binary": "DGLTC_LOTTERY",
"State": 4,
"Progress": 100,
"Start": 1714936154,
"End": 1714936156
}
,
{
"ID": 31272,
"Binary": "DGLTC_LOTTERY",
"State": 4,
"Progress": 100,
"Start": 1714936154,
"End": 1714936156
}
,
{
"ID": 31273,
"Binary": "DGLTC_LOTTERY",
"State": 4,
"Progress": 100,
"Start": 1714936154,
"End": 1714936157
}
,
{
"ID": 31274,
"Binary": "DGLTC_LOTTERY",
"State": 4,
"Progress": 100,
"Start": 1714936154,
"End": 1714936156
}
,
{
"ID": 31275,
"Binary": "DGLTC_LOTTERY",
"State": 4,
"Progress": 100,
"Start": 1714936156,
"End": 1714936159
}
,
{
"ID": 31276,
"Binary": "DGLTC_LOTTERY",
"State": 4,
"Progress": 100,
"Start": 1714936158,
"End": 1714936160
}
,
{
"ID": 31277,
"Binary": "DGLTC_LOTTERY",
"State": 4,
"Progress": 100,
"Start": 1714936156,
"End": 1714936158
}
,
{
"ID": 31278,
"Binary": "DGLTC_LOTTERY",
"State": 4,
"Progress": 100,
"Start": 1714936156,
"End": 1714936158
}
,
{
"ID": 31279,
"Binary": "DGLTC_LOTTERY",
"State": 4,
"Progress": 100,
"Start": 1714936158,
"End": 1714936160
}
,
{
"ID": 31280,
"Binary": "DGLTC_LOTTERY",
"State": 4,
"Progress": 100,
"Start": 1714936157,
"End": 1714936159
}
],
"Nodes":[
{
"ID": "PI_SOLAR",
"Class": 1,
"Task": 0,
"CPUCount": 4,
"LoadAverage": 0.970215,
"TasksCompleted": 79,
"System": 6,
"Enabled": 1
}
,
{
"ID": "LibClient",
"Class": 2,
"Task": 0,
"CPUCount": 1,
"LoadAverage": 0.174805,
"TasksCompleted": 0,
"System": 5,
"Enabled": 1
}
,
{
"ID": "PI_KNS",
"Class": 1,
"Task": 0,
"CPUCount": 4,
"LoadAverage": 2.520000,
"TasksCompleted": 70,
"System": 6,
"Enabled": 1
}
,
{
"ID": "PI_KNS",
"Class": 1,
"Task": 0,
"CPUCount": 4,
"LoadAverage": 2.520000,
"TasksCompleted": 70,
"System": 6,
"Enabled": 1
}
,
{
"ID": "GS_EXPLORER",
"Class": 1,
"Task": 0,
"CPUCount": 1,
"LoadAverage": 0.100000,
"TasksCompleted": 1607,
"System": 5,
"Enabled": 1
}
,
{
"ID": "GS_WORK",
"Class": 1,
"Task": 0,
"CPUCount": 1,
"LoadAverage": 0.250000,
"TasksCompleted": 1355,
"System": 5,
"Enabled": 1
}
,
{
"ID": "LibClient",
"Class": 2,
"Task": 0,
"CPUCount": 1,
"LoadAverage": 0.174805,
"TasksCompleted": 0,
"System": 5,
"Enabled": 1
}
,
{
"ID": "J_PROX",
"Class": 1,
"Task": 0,
"CPUCount": 2,
"LoadAverage": 0.201660,
"TasksCompleted": 2014,
"System": 5,
"Enabled": 1
}
,
{
"ID": "J_PROX",
"Class": 1,
"Task": 0,
"CPUCount": 2,
"LoadAverage": 0.201660,
"TasksCompleted": 1968,
"System": 5,
"Enabled": 1
}
,
{
"ID": "ABLACK",
"Class": 1,
"Task": 30900,
"CPUCount": 3,
"LoadAverage": 10.940000,
"TasksCompleted": 0,
"System": 6,
"Enabled": 1
}
]}