{
"CPU": 19.527718,
"Starttime": 1714751364,
"Epoch": 1714769964,
"Version": "0.8",
"Throttled": 3,
"Utilization": 27.272728,
"Connections": 2,
"NodesCount": 11,
"TasksNew": 0,
"TasksCompleted": 20,
"TasksRunning": 3,
"TasksFailed": 10,
"TasksCount": 33,
"Tasks":[
{
"ID": 1993,
"Binary": "BTC_LOTTERY",
"State": 2,
"Progress": 0,
"Start": 1714769704,
"End": 0
}
,
{
"ID": 1998,
"Binary": "BTC_LOTTERY",
"State": 2,
"Progress": 0,
"Start": 1714769704,
"End": 0
}
,
{
"ID": 2000,
"Binary": "BTC_LOTTERY",
"State": 2,
"Progress": 0,
"Start": 1714769704,
"End": 0
}
,
{
"ID": 2041,
"Binary": "DGLTC_LOTTERY",
"State": 3,
"Progress": 100,
"Start": 1714769927,
"End": 1714769931
}
,
{
"ID": 2042,
"Binary": "DGLTC_LOTTERY",
"State": 3,
"Progress": 100,
"Start": 1714769927,
"End": 1714769930
}
,
{
"ID": 2043,
"Binary": "DGLTC_LOTTERY",
"State": 3,
"Progress": 100,
"Start": 1714769927,
"End": 1714769929
}
,
{
"ID": 2044,
"Binary": "DGLTC_LOTTERY",
"State": 3,
"Progress": 100,
"Start": 1714769927,
"End": 1714769930
}
,
{
"ID": 2045,
"Binary": "DGLTC_LOTTERY",
"State": 3,
"Progress": 100,
"Start": 1714769927,
"End": 1714769930
}
,
{
"ID": 2046,
"Binary": "DGLTC_LOTTERY",
"State": 3,
"Progress": 100,
"Start": 1714769927,
"End": 1714769930
}
,
{
"ID": 2047,
"Binary": "DGLTC_LOTTERY",
"State": 3,
"Progress": 100,
"Start": 1714769930,
"End": 1714769932
}
,
{
"ID": 2048,
"Binary": "DGLTC_LOTTERY",
"State": 3,
"Progress": 100,
"Start": 1714769929,
"End": 1714769932
}
,
{
"ID": 2049,
"Binary": "DGLTC_LOTTERY",
"State": 3,
"Progress": 100,
"Start": 1714769930,
"End": 1714769932
}
,
{
"ID": 2050,
"Binary": "DGLTC_LOTTERY",
"State": 3,
"Progress": 100,
"Start": 1714769930,
"End": 1714769932
}
,
{
"ID": 2051,
"Binary": "DGLTC_LOTTERY",
"State": 4,
"Progress": 100,
"Start": 1714769932,
"End": 1714769936
}
,
{
"ID": 2052,
"Binary": "DGLTC_LOTTERY",
"State": 4,
"Progress": 100,
"Start": 1714769932,
"End": 1714769936
}
,
{
"ID": 2053,
"Binary": "DGLTC_LOTTERY",
"State": 4,
"Progress": 100,
"Start": 1714769932,
"End": 1714769936
}
,
{
"ID": 2054,
"Binary": "DGLTC_LOTTERY",
"State": 4,
"Progress": 100,
"Start": 1714769932,
"End": 1714769936
}
,
{
"ID": 2055,
"Binary": "DGLTC_LOTTERY",
"State": 4,
"Progress": 100,
"Start": 1714769932,
"End": 1714769936
}
,
{
"ID": 2056,
"Binary": "DGLTC_LOTTERY",
"State": 4,
"Progress": 100,
"Start": 1714769932,
"End": 1714769936
}
,
{
"ID": 2057,
"Binary": "DGLTC_LOTTERY",
"State": 4,
"Progress": 100,
"Start": 1714769936,
"End": 1714769939
}
,
{
"ID": 2058,
"Binary": "DGLTC_LOTTERY",
"State": 4,
"Progress": 100,
"Start": 1714769936,
"End": 1714769939
}
,
{
"ID": 2059,
"Binary": "DGLTC_LOTTERY",
"State": 4,
"Progress": 100,
"Start": 1714769936,
"End": 1714769939
}
,
{
"ID": 2060,
"Binary": "DGLTC_LOTTERY",
"State": 4,
"Progress": 100,
"Start": 1714769936,
"End": 1714769938
}
,
{
"ID": 2061,
"Binary": "DGLTC_LOTTERY",
"State": 4,
"Progress": 100,
"Start": 1714769946,
"End": 1714769950
}
,
{
"ID": 2062,
"Binary": "DGLTC_LOTTERY",
"State": 4,
"Progress": 100,
"Start": 1714769946,
"End": 1714769949
}
,
{
"ID": 2063,
"Binary": "DGLTC_LOTTERY",
"State": 4,
"Progress": 100,
"Start": 1714769946,
"End": 1714769950
}
,
{
"ID": 2064,
"Binary": "DGLTC_LOTTERY",
"State": 4,
"Progress": 100,
"Start": 1714769946,
"End": 1714769949
}
,
{
"ID": 2065,
"Binary": "DGLTC_LOTTERY",
"State": 4,
"Progress": 100,
"Start": 1714769946,
"End": 1714769949
}
,
{
"ID": 2066,
"Binary": "DGLTC_LOTTERY",
"State": 4,
"Progress": 100,
"Start": 1714769946,
"End": 1714769949
}
,
{
"ID": 2067,
"Binary": "DGLTC_LOTTERY",
"State": 4,
"Progress": 100,
"Start": 1714769949,
"End": 1714769952
}
,
{
"ID": 2068,
"Binary": "DGLTC_LOTTERY",
"State": 4,
"Progress": 100,
"Start": 1714769949,
"End": 1714769952
}
,
{
"ID": 2069,
"Binary": "DGLTC_LOTTERY",
"State": 4,
"Progress": 100,
"Start": 1714769949,
"End": 1714769953
}
,
{
"ID": 2070,
"Binary": "DGLTC_LOTTERY",
"State": 4,
"Progress": 100,
"Start": 1714769949,
"End": 1714769953
}
],
"Nodes":[
{
"ID": "P_PROX",
"Class": 1,
"Task": 0,
"CPUCount": 2,
"LoadAverage": 1.251465,
"TasksCompleted": 349,
"System": 5,
"Enabled": 1
}
,
{
"ID": "P_PROX",
"Class": 1,
"Task": 0,
"CPUCount": 2,
"LoadAverage": 1.251465,
"TasksCompleted": 365,
"System": 5,
"Enabled": 1
}
,
{
"ID": "ABLACK",
"Class": 1,
"Task": 2000,
"CPUCount": 3,
"LoadAverage": 11.340000,
"TasksCompleted": 11,
"System": 6,
"Enabled": 1
}
,
{
"ID": "AWHITE",
"Class": 1,
"Task": 0,
"CPUCount": 8,
"LoadAverage": 0.000000,
"TasksCompleted": 13,
"System": 7,
"Enabled": 1
}
,
{
"ID": "J_PROX",
"Class": 1,
"Task": 0,
"CPUCount": 2,
"LoadAverage": 0.776367,
"TasksCompleted": 212,
"System": 5,
"Enabled": 1
}
,
{
"ID": "J_PROX",
"Class": 1,
"Task": 0,
"CPUCount": 2,
"LoadAverage": 0.776367,
"TasksCompleted": 205,
"System": 5,
"Enabled": 1
}
,
{
"ID": "GS_WORK",
"Class": 1,
"Task": 0,
"CPUCount": 1,
"LoadAverage": 0.420000,
"TasksCompleted": 114,
"System": 5,
"Enabled": 1
}
,
{
"ID": "GS_EXPLORER",
"Class": 1,
"Task": 0,
"CPUCount": 1,
"LoadAverage": 0.350000,
"TasksCompleted": 114,
"System": 5,
"Enabled": 1
}
,
{
"ID": "PI_KNS",
"Class": 1,
"Task": 1993,
"CPUCount": 4,
"LoadAverage": 4.640000,
"TasksCompleted": 13,
"System": 6,
"Enabled": 1
}
,
{
"ID": "PI_KNS",
"Class": 1,
"Task": 1998,
"CPUCount": 4,
"LoadAverage": 4.640000,
"TasksCompleted": 12,
"System": 6,
"Enabled": 1
}
,
{
"ID": "PI_SOLAR",
"Class": 1,
"Task": 0,
"CPUCount": 4,
"LoadAverage": 0.239258,
"TasksCompleted": 7,
"System": 6,
"Enabled": 1
}
,
{
"ID": "LibClient",
"Class": 2,
"Task": 0,
"CPUCount": 1,
"LoadAverage": 1.150879,
"TasksCompleted": 0,
"System": 5,
"Enabled": 1
}
,
{
"ID": "LibClient",
"Class": 2,
"Task": 0,
"CPUCount": 1,
"LoadAverage": 1.150879,
"TasksCompleted": 0,
"System": 5,
"Enabled": 1
}
]}