{
"CPU": 50.584503,
"Starttime": 1714751364,
"Epoch": 1714859964,
"Version": "0.8",
"Throttled": 10,
"Utilization": 0.000000,
"Connections": 2,
"NodesCount": 12,
"TasksNew": 0,
"TasksCompleted": 30,
"TasksRunning": 0,
"TasksFailed": 30,
"TasksCount": 60,
"Tasks":[
{
"ID": 18171,
"Binary": "DGLTC_LOTTERY",
"State": 3,
"Progress": 100,
"Start": 1714859906,
"End": 1714859911
}
,
{
"ID": 18172,
"Binary": "DGLTC_LOTTERY",
"State": 3,
"Progress": 100,
"Start": 1714859906,
"End": 1714859910
}
,
{
"ID": 18173,
"Binary": "DGLTC_LOTTERY",
"State": 3,
"Progress": 100,
"Start": 1714859906,
"End": 1714859911
}
,
{
"ID": 18174,
"Binary": "DGLTC_LOTTERY",
"State": 3,
"Progress": 100,
"Start": 1714859906,
"End": 1714859910
}
,
{
"ID": 18175,
"Binary": "DGLTC_LOTTERY",
"State": 3,
"Progress": 100,
"Start": 1714859906,
"End": 1714859911
}
,
{
"ID": 18176,
"Binary": "DGLTC_LOTTERY",
"State": 3,
"Progress": 100,
"Start": 1714859906,
"End": 1714859911
}
,
{
"ID": 18177,
"Binary": "DGLTC_LOTTERY",
"State": 3,
"Progress": 100,
"Start": 1714859906,
"End": 1714859911
}
,
{
"ID": 18178,
"Binary": "DGLTC_LOTTERY",
"State": 3,
"Progress": 100,
"Start": 1714859910,
"End": 1714859912
}
,
{
"ID": 18179,
"Binary": "DGLTC_LOTTERY",
"State": 3,
"Progress": 0,
"Start": 0,
"End": 0
}
,
{
"ID": 18180,
"Binary": "DGLTC_LOTTERY",
"State": 3,
"Progress": 100,
"Start": 1714859910,
"End": 1714859912
}
,
{
"ID": 18181,
"Binary": "DGLTC_LOTTERY",
"State": 4,
"Progress": 100,
"Start": 1714859911,
"End": 1714859917
}
,
{
"ID": 18182,
"Binary": "DGLTC_LOTTERY",
"State": 4,
"Progress": 100,
"Start": 1714859911,
"End": 1714859917
}
,
{
"ID": 18183,
"Binary": "DGLTC_LOTTERY",
"State": 4,
"Progress": 100,
"Start": 1714859911,
"End": 1714859920
}
,
{
"ID": 18184,
"Binary": "DGLTC_LOTTERY",
"State": 4,
"Progress": 100,
"Start": 1714859911,
"End": 1714859916
}
,
{
"ID": 18185,
"Binary": "DGLTC_LOTTERY",
"State": 4,
"Progress": 100,
"Start": 1714859911,
"End": 1714859918
}
,
{
"ID": 18186,
"Binary": "DGLTC_LOTTERY",
"State": 4,
"Progress": 100,
"Start": 1714859915,
"End": 1714859919
}
,
{
"ID": 18187,
"Binary": "DGLTC_LOTTERY",
"State": 4,
"Progress": 100,
"Start": 1714859912,
"End": 1714859917
}
,
{
"ID": 18188,
"Binary": "DGLTC_LOTTERY",
"State": 4,
"Progress": 100,
"Start": 1714859912,
"End": 1714859915
}
,
{
"ID": 18189,
"Binary": "DGLTC_LOTTERY",
"State": 4,
"Progress": 100,
"Start": 1714859917,
"End": 1714859921
}
,
{
"ID": 18190,
"Binary": "DGLTC_LOTTERY",
"State": 4,
"Progress": 100,
"Start": 1714859916,
"End": 1714859920
}
,
{
"ID": 18191,
"Binary": "DGLTC_LOTTERY",
"State": 4,
"Progress": 100,
"Start": 1714859927,
"End": 1714859933
}
,
{
"ID": 18192,
"Binary": "DGLTC_LOTTERY",
"State": 4,
"Progress": 100,
"Start": 1714859927,
"End": 1714859936
}
,
{
"ID": 18193,
"Binary": "DGLTC_LOTTERY",
"State": 4,
"Progress": 100,
"Start": 1714859927,
"End": 1714859933
}
,
{
"ID": 18194,
"Binary": "DGLTC_LOTTERY",
"State": 4,
"Progress": 100,
"Start": 1714859927,
"End": 1714859934
}
,
{
"ID": 18195,
"Binary": "DGLTC_LOTTERY",
"State": 4,
"Progress": 100,
"Start": 1714859927,
"End": 1714859933
}
,
{
"ID": 18196,
"Binary": "DGLTC_LOTTERY",
"State": 4,
"Progress": 100,
"Start": 1714859927,
"End": 1714859933
}
,
{
"ID": 18197,
"Binary": "DGLTC_LOTTERY",
"State": 4,
"Progress": 100,
"Start": 1714859927,
"End": 1714859931
}
,
{
"ID": 18198,
"Binary": "DGLTC_LOTTERY",
"State": 4,
"Progress": 100,
"Start": 1714859931,
"End": 1714859935
}
,
{
"ID": 18199,
"Binary": "DGLTC_LOTTERY",
"State": 4,
"Progress": 100,
"Start": 1714859933,
"End": 1714859937
}
,
{
"ID": 18200,
"Binary": "DGLTC_LOTTERY",
"State": 4,
"Progress": 100,
"Start": 1714859933,
"End": 1714859937
}
,
{
"ID": 18201,
"Binary": "DGLTC_LOTTERY",
"State": 3,
"Progress": 100,
"Start": 1714859942,
"End": 1714859946
}
,
{
"ID": 18202,
"Binary": "DGLTC_LOTTERY",
"State": 3,
"Progress": 100,
"Start": 1714859942,
"End": 1714859946
}
,
{
"ID": 18203,
"Binary": "DGLTC_LOTTERY",
"State": 3,
"Progress": 100,
"Start": 1714859942,
"End": 1714859946
}
,
{
"ID": 18204,
"Binary": "DGLTC_LOTTERY",
"State": 3,
"Progress": 100,
"Start": 1714859942,
"End": 1714859945
}
,
{
"ID": 18205,
"Binary": "DGLTC_LOTTERY",
"State": 3,
"Progress": 100,
"Start": 1714859942,
"End": 1714859946
}
,
{
"ID": 18206,
"Binary": "DGLTC_LOTTERY",
"State": 3,
"Progress": 100,
"Start": 1714859942,
"End": 1714859946
}
,
{
"ID": 18207,
"Binary": "DGLTC_LOTTERY",
"State": 3,
"Progress": 100,
"Start": 1714859942,
"End": 1714859945
}
,
{
"ID": 18208,
"Binary": "DGLTC_LOTTERY",
"State": 3,
"Progress": 0,
"Start": 0,
"End": 0
}
,
{
"ID": 18209,
"Binary": "DGLTC_LOTTERY",
"State": 3,
"Progress": 100,
"Start": 1714859945,
"End": 1714859948
}
,
{
"ID": 18210,
"Binary": "DGLTC_LOTTERY",
"State": 3,
"Progress": 100,
"Start": 1714859945,
"End": 1714859947
}
,
{
"ID": 18211,
"Binary": "DGLTC_LOTTERY",
"State": 3,
"Progress": 100,
"Start": 1714859946,
"End": 1714859949
}
,
{
"ID": 18212,
"Binary": "DGLTC_LOTTERY",
"State": 3,
"Progress": 100,
"Start": 1714859946,
"End": 1714859949
}
,
{
"ID": 18213,
"Binary": "DGLTC_LOTTERY",
"State": 3,
"Progress": 100,
"Start": 1714859946,
"End": 1714859949
}
,
{
"ID": 18214,
"Binary": "DGLTC_LOTTERY",
"State": 3,
"Progress": 100,
"Start": 1714859946,
"End": 1714859949
}
,
{
"ID": 18215,
"Binary": "DGLTC_LOTTERY",
"State": 3,
"Progress": 100,
"Start": 1714859946,
"End": 1714859949
}
,
{
"ID": 18216,
"Binary": "DGLTC_LOTTERY",
"State": 3,
"Progress": 100,
"Start": 1714859948,
"End": 1714859950
}
,
{
"ID": 18217,
"Binary": "DGLTC_LOTTERY",
"State": 3,
"Progress": 100,
"Start": 1714859947,
"End": 1714859949
}
,
{
"ID": 18218,
"Binary": "DGLTC_LOTTERY",
"State": 3,
"Progress": 0,
"Start": 0,
"End": 0
}
,
{
"ID": 18219,
"Binary": "DGLTC_LOTTERY",
"State": 3,
"Progress": 0,
"Start": 0,
"End": 0
}
,
{
"ID": 18220,
"Binary": "DGLTC_LOTTERY",
"State": 3,
"Progress": 0,
"Start": 0,
"End": 0
}
,
{
"ID": 18221,
"Binary": "DGLTC_LOTTERY",
"State": 4,
"Progress": 100,
"Start": 1714859949,
"End": 1714859955
}
,
{
"ID": 18222,
"Binary": "DGLTC_LOTTERY",
"State": 4,
"Progress": 100,
"Start": 1714859949,
"End": 1714859955
}
,
{
"ID": 18223,
"Binary": "DGLTC_LOTTERY",
"State": 4,
"Progress": 100,
"Start": 1714859949,
"End": 1714859957
}
,
{
"ID": 18224,
"Binary": "DGLTC_LOTTERY",
"State": 4,
"Progress": 100,
"Start": 1714859949,
"End": 1714859955
}
,
{
"ID": 18225,
"Binary": "DGLTC_LOTTERY",
"State": 4,
"Progress": 100,
"Start": 1714859949,
"End": 1714859954
}
,
{
"ID": 18226,
"Binary": "DGLTC_LOTTERY",
"State": 4,
"Progress": 100,
"Start": 1714859949,
"End": 1714859955
}
,
{
"ID": 18227,
"Binary": "DGLTC_LOTTERY",
"State": 4,
"Progress": 100,
"Start": 1714859953,
"End": 1714859957
}
,
{
"ID": 18228,
"Binary": "DGLTC_LOTTERY",
"State": 4,
"Progress": 100,
"Start": 1714859954,
"End": 1714859958
}
,
{
"ID": 18229,
"Binary": "DGLTC_LOTTERY",
"State": 4,
"Progress": 100,
"Start": 1714859950,
"End": 1714859953
}
,
{
"ID": 18230,
"Binary": "DGLTC_LOTTERY",
"State": 4,
"Progress": 100,
"Start": 1714859955,
"End": 1714859958
}
],
"Nodes":[
{
"ID": "ABLACK",
"Class": 1,
"Task": 0,
"CPUCount": 1,
"LoadAverage": 9.190000,
"TasksCompleted": 163,
"System": 6,
"Enabled": 1
}
,
{
"ID": "AWHITE",
"Class": 1,
"Task": 0,
"CPUCount": 8,
"LoadAverage": 0.000000,
"TasksCompleted": 172,
"System": 7,
"Enabled": 1
}
,
{
"ID": "PI_SOLAR",
"Class": 1,
"Task": 0,
"CPUCount": 4,
"LoadAverage": 0.345215,
"TasksCompleted": 156,
"System": 6,
"Enabled": 1
}
,
{
"ID": "J_PROX",
"Class": 1,
"Task": 0,
"CPUCount": 2,
"LoadAverage": 1.071777,
"TasksCompleted": 506,
"System": 5,
"Enabled": 1
}
,
{
"ID": "J_PROX",
"Class": 1,
"Task": 0,
"CPUCount": 2,
"LoadAverage": 1.071777,
"TasksCompleted": 482,
"System": 5,
"Enabled": 1
}
,
{
"ID": "GS_EXPLORER",
"Class": 1,
"Task": 0,
"CPUCount": 1,
"LoadAverage": 0.340000,
"TasksCompleted": 409,
"System": 5,
"Enabled": 1
}
,
{
"ID": "PI_KNS",
"Class": 1,
"Task": 0,
"CPUCount": 4,
"LoadAverage": 1.180000,
"TasksCompleted": 56,
"System": 6,
"Enabled": 1
}
,
{
"ID": "PI_KNS",
"Class": 1,
"Task": 0,