{
"CPU": 1.522758,
"Starttime": 1714888439,
"Epoch": 1714927199,
"Version": "0.8",
"Throttled": 4,
"Utilization": 12.500000,
"Connections": 2,
"NodesCount": 8,
"TasksNew": 0,
"TasksCompleted": 10,
"TasksRunning": 1,
"TasksFailed": 10,
"TasksCount": 21,
"Tasks":[
{
"ID": 29390,
"Binary": "BTC_LOTTERY",
"State": 2,
"Progress": 0,
"Start": 1714925555,
"End": 0
}
,
{
"ID": 29661,
"Binary": "DGLTC_LOTTERY",
"State": 3,
"Progress": 100,
"Start": 1714927151,
"End": 1714927153
}
,
{
"ID": 29662,
"Binary": "DGLTC_LOTTERY",
"State": 3,
"Progress": 100,
"Start": 1714927151,
"End": 1714927154
}
,
{
"ID": 29663,
"Binary": "DGLTC_LOTTERY",
"State": 3,
"Progress": 100,
"Start": 1714927151,
"End": 1714927153
}
,
{
"ID": 29664,
"Binary": "DGLTC_LOTTERY",
"State": 3,
"Progress": 100,
"Start": 1714927151,
"End": 1714927154
}
,
{
"ID": 29665,
"Binary": "DGLTC_LOTTERY",
"State": 3,
"Progress": 0,
"Start": 0,
"End": 0
}
,
{
"ID": 29666,
"Binary": "DGLTC_LOTTERY",
"State": 3,
"Progress": 100,
"Start": 1714927154,
"End": 1714927155
}
,
{
"ID": 29667,
"Binary": "DGLTC_LOTTERY",
"State": 3,
"Progress": 100,
"Start": 1714927153,
"End": 1714927155
}
,
{
"ID": 29668,
"Binary": "DGLTC_LOTTERY",
"State": 3,
"Progress": 0,
"Start": 0,
"End": 0
}
,
{
"ID": 29669,
"Binary": "DGLTC_LOTTERY",
"State": 3,
"Progress": 100,
"Start": 1714927154,
"End": 1714927155
}
,
{
"ID": 29670,
"Binary": "DGLTC_LOTTERY",
"State": 3,
"Progress": 100,
"Start": 1714927153,
"End": 1714927155
}
,
{
"ID": 29671,
"Binary": "DGLTC_LOTTERY",
"State": 4,
"Progress": 100,
"Start": 1714927155,
"End": 1714927158
}
,
{
"ID": 29672,
"Binary": "DGLTC_LOTTERY",
"State": 4,
"Progress": 100,
"Start": 1714927155,
"End": 1714927158
}
,
{
"ID": 29673,
"Binary": "DGLTC_LOTTERY",
"State": 4,
"Progress": 100,
"Start": 1714927155,
"End": 1714927158
}
,
{
"ID": 29674,
"Binary": "DGLTC_LOTTERY",
"State": 4,
"Progress": 100,
"Start": 1714927158,
"End": 1714927160
}
,
{
"ID": 29675,
"Binary": "DGLTC_LOTTERY",
"State": 4,
"Progress": 100,
"Start": 1714927160,
"End": 1714927162
}
,
{
"ID": 29676,
"Binary": "DGLTC_LOTTERY",
"State": 4,
"Progress": 100,
"Start": 1714927158,
"End": 1714927160
}
,
{
"ID": 29677,
"Binary": "DGLTC_LOTTERY",
"State": 4,
"Progress": 100,
"Start": 1714927158,
"End": 1714927161
}
,
{
"ID": 29678,
"Binary": "DGLTC_LOTTERY",
"State": 4,
"Progress": 100,
"Start": 1714927155,
"End": 1714927158
}
,
{
"ID": 29679,
"Binary": "DGLTC_LOTTERY",
"State": 4,
"Progress": 100,
"Start": 1714927158,
"End": 1714927160
}
,
{
"ID": 29680,
"Binary": "DGLTC_LOTTERY",
"State": 4,
"Progress": 100,
"Start": 1714927160,
"End": 1714927162
}
],
"Nodes":[
{
"ID": "PI_SOLAR",
"Class": 1,
"Task": 0,
"CPUCount": 4,
"LoadAverage": 0.160645,
"TasksCompleted": 59,
"System": 6,
"Enabled": 1
}
,
{
"ID": "LibClient",
"Class": 2,
"Task": 0,
"CPUCount": 1,
"LoadAverage": 0.006836,
"TasksCompleted": 0,
"System": 5,
"Enabled": 1
}
,
{
"ID": "PI_KNS",
"Class": 1,
"Task": 0,
"CPUCount": 4,
"LoadAverage": 0.660000,
"TasksCompleted": 50,
"System": 6,
"Enabled": 1
}
,
{
"ID": "PI_KNS",
"Class": 1,
"Task": 0,
"CPUCount": 4,
"LoadAverage": 0.660000,
"TasksCompleted": 50,
"System": 6,
"Enabled": 1
}
,
{
"ID": "GS_EXPLORER",
"Class": 1,
"Task": 0,
"CPUCount": 1,
"LoadAverage": 0.000000,
"TasksCompleted": 1310,
"System": 5,
"Enabled": 1
}
,
{
"ID": "GS_WORK",
"Class": 1,
"Task": 0,
"CPUCount": 1,
"LoadAverage": 0.060000,
"TasksCompleted": 1105,
"System": 5,
"Enabled": 1
}
,
{
"ID": "LibClient",
"Class": 2,
"Task": 0,
"CPUCount": 1,
"LoadAverage": 0.007812,
"TasksCompleted": 0,
"System": 5,
"Enabled": 1
}
,
{
"ID": "J_PROX",
"Class": 1,
"Task": 0,
"CPUCount": 2,
"LoadAverage": 0.369629,
"TasksCompleted": 1603,
"System": 5,
"Enabled": 1
}
,
{
"ID": "J_PROX",
"Class": 1,
"Task": 0,
"CPUCount": 2,
"LoadAverage": 0.369629,
"TasksCompleted": 1578,
"System": 5,
"Enabled": 1
}
,
{
"ID": "ABLACK",
"Class": 1,
"Task": 29390,
"CPUCount": 3,
"LoadAverage": 11.130000,
"TasksCompleted": 5,
"System": 6,
"Enabled": 1
}
]}