{
"CPU": 1.927590,
"Starttime": 1714751364,
"Epoch": 1714787964,
"Version": "0.8",
"Throttled": 3,
"Utilization": 25.000000,
"Connections": 2,
"NodesCount": 12,
"TasksNew": 0,
"TasksCompleted": 23,
"TasksRunning": 3,
"TasksFailed": 0,
"TasksCount": 26,
"Tasks":[
{
"ID": 5281,
"Binary": "BTC_LOTTERY",
"State": 4,
"Progress": 100,
"Start": 1714787827,
"End": 1714787953
}
,
{
"ID": 5282,
"Binary": "BTC_LOTTERY",
"State": 4,
"Progress": 100,
"Start": 1714787827,
"End": 1714787926
}
,
{
"ID": 5283,
"Binary": "BTC_LOTTERY",
"State": 2,
"Progress": 0,
"Start": 1714787827,
"End": 0
}
,
{
"ID": 5286,
"Binary": "BTC_LOTTERY",
"State": 2,
"Progress": 0,
"Start": 1714787827,
"End": 0
}
,
{
"ID": 5287,
"Binary": "BTC_LOTTERY",
"State": 2,
"Progress": 0,
"Start": 1714787827,
"End": 0
}
,
{
"ID": 5289,
"Binary": "BTC_LOTTERY",
"State": 4,
"Progress": 100,
"Start": 1714787827,
"End": 1714787921
}
,
{
"ID": 5291,
"Binary": "DGLTC_LOTTERY",
"State": 4,
"Progress": 100,
"Start": 1714787904,
"End": 1714787906
}
,
{
"ID": 5292,
"Binary": "DGLTC_LOTTERY",
"State": 4,
"Progress": 100,
"Start": 1714787904,
"End": 1714787908
}
,
{
"ID": 5293,
"Binary": "DGLTC_LOTTERY",
"State": 4,
"Progress": 100,
"Start": 1714787905,
"End": 1714787908
}
,
{
"ID": 5294,
"Binary": "DGLTC_LOTTERY",
"State": 4,
"Progress": 100,
"Start": 1714787905,
"End": 1714787908
}
,
{
"ID": 5295,
"Binary": "DGLTC_LOTTERY",
"State": 4,
"Progress": 100,
"Start": 1714787905,
"End": 1714787908
}
,
{
"ID": 5296,
"Binary": "DGLTC_LOTTERY",
"State": 4,
"Progress": 100,
"Start": 1714787906,
"End": 1714787908
}
,
{
"ID": 5297,
"Binary": "DGLTC_LOTTERY",
"State": 4,
"Progress": 100,
"Start": 1714787908,
"End": 1714787911
}
,
{
"ID": 5298,
"Binary": "DGLTC_LOTTERY",
"State": 4,
"Progress": 100,
"Start": 1714787908,
"End": 1714787911
}
,
{
"ID": 5299,
"Binary": "DGLTC_LOTTERY",
"State": 4,
"Progress": 100,
"Start": 1714787908,
"End": 1714787911
}
,
{
"ID": 5300,
"Binary": "DGLTC_LOTTERY",
"State": 4,
"Progress": 100,
"Start": 1714787908,
"End": 1714787911
}
,
{
"ID": 5301,
"Binary": "DGLTC_LOTTERY",
"State": 4,
"Progress": 100,
"Start": 1714787950,
"End": 1714787953
}
,
{
"ID": 5302,
"Binary": "DGLTC_LOTTERY",
"State": 4,
"Progress": 100,
"Start": 1714787950,
"End": 1714787953
}
,
{
"ID": 5303,
"Binary": "DGLTC_LOTTERY",
"State": 4,
"Progress": 100,
"Start": 1714787950,
"End": 1714787953
}
,
{
"ID": 5304,
"Binary": "DGLTC_LOTTERY",
"State": 4,
"Progress": 100,
"Start": 1714787950,
"End": 1714787952
}
,
{
"ID": 5305,
"Binary": "DGLTC_LOTTERY",
"State": 4,
"Progress": 100,
"Start": 1714787950,
"End": 1714787953
}
,
{
"ID": 5306,
"Binary": "DGLTC_LOTTERY",
"State": 4,
"Progress": 100,
"Start": 1714787950,
"End": 1714787953
}
,
{
"ID": 5307,
"Binary": "DGLTC_LOTTERY",
"State": 4,
"Progress": 100,
"Start": 1714787950,
"End": 1714787953
}
,
{
"ID": 5308,
"Binary": "DGLTC_LOTTERY",
"State": 4,
"Progress": 100,
"Start": 1714787953,
"End": 1714787956
}
,
{
"ID": 5309,
"Binary": "DGLTC_LOTTERY",
"State": 4,
"Progress": 100,
"Start": 1714787952,
"End": 1714787954
}
,
{
"ID": 5310,
"Binary": "DGLTC_LOTTERY",
"State": 4,
"Progress": 100,
"Start": 1714787953,
"End": 1714787956
}
],
"Nodes":[
{
"ID": "ABLACK",
"Class": 1,
"Task": 5286,
"CPUCount": 3,
"LoadAverage": 10.610000,
"TasksCompleted": 35,
"System": 6,
"Enabled": 1
}
,
{
"ID": "AWHITE",
"Class": 1,
"Task": 0,
"CPUCount": 8,
"LoadAverage": 0.000000,
"TasksCompleted": 39,
"System": 7,
"Enabled": 1
}
,
{
"ID": "J_PROX",
"Class": 1,
"Task": 0,
"CPUCount": 2,
"LoadAverage": 1.488770,
"TasksCompleted": 616,
"System": 5,
"Enabled": 1
}
,
{
"ID": "J_PROX",
"Class": 1,
"Task": 0,
"CPUCount": 2,
"LoadAverage": 1.488770,
"TasksCompleted": 614,
"System": 5,
"Enabled": 1
}
,
{
"ID": "GS_WORK",
"Class": 1,
"Task": 0,
"CPUCount": 1,
"LoadAverage": 1.060000,
"TasksCompleted": 408,
"System": 5,
"Enabled": 1
}
,
{
"ID": "GS_EXPLORER",
"Class": 1,
"Task": 0,
"CPUCount": 1,
"LoadAverage": 0.820000,
"TasksCompleted": 406,
"System": 5,
"Enabled": 1
}
,
{
"ID": "PI_KNS",
"Class": 1,
"Task": 5283,
"CPUCount": 4,
"LoadAverage": 2.350000,
"TasksCompleted": 40,
"System": 6,
"Enabled": 1
}
,
{
"ID": "PI_KNS",
"Class": 1,
"Task": 0,
"CPUCount": 4,
"LoadAverage": 2.350000,
"TasksCompleted": 40,
"System": 6,
"Enabled": 1
}
,
{
"ID": "PI_SOLAR",
"Class": 1,
"Task": 5287,
"CPUCount": 4,
"LoadAverage": 1.918945,
"TasksCompleted": 28,
"System": 6,
"Enabled": 1
}
,
{
"ID": "LibClient",
"Class": 2,
"Task": 0,
"CPUCount": 1,
"LoadAverage": 0.700684,
"TasksCompleted": 0,
"System": 5,
"Enabled": 1
}
,
{
"ID": "LibClient",
"Class": 2,
"Task": 0,
"CPUCount": 1,
"LoadAverage": 0.700684,
"TasksCompleted": 0,
"System": 5,
"Enabled": 1
}
,
{
"ID": "DELL1",
"Class": 1,
"Task": 0,
"CPUCount": 8,
"LoadAverage": 1.150879,
"TasksCompleted": 655,
"System": 5,
"Enabled": 1
}
,
{
"ID": "P_PROX",
"Class": 1,
"Task": 0,
"CPUCount": 2,
"LoadAverage": 0.700684,
"TasksCompleted": 378,
"System": 5,
"Enabled": 1
}
,
{
"ID": "P_PROX",
"Class": 1,
"Task": 0,
"CPUCount": 2,
"LoadAverage": 0.700684,
"TasksCompleted": 393,
"System": 5,
"Enabled": 1
}
]}