{
"CPU": 22.014051,
"Starttime": 1714751364,
"Epoch": 1714844364,
"Version": "0.8",
"Throttled": 8,
"Utilization": 53.846157,
"Connections": 3,
"NodesCount": 13,
"TasksNew": 0,
"TasksCompleted": 56,
"TasksRunning": 7,
"TasksFailed": 0,
"TasksCount": 63,
"Tasks":[
{
"ID": 15163,
"Binary": "HELIUM_MNEMONICS",
"State": 4,
"Progress": 100,
"Start": 1714844289,
"End": 1714844306
}
,
{
"ID": 15164,
"Binary": "HELIUM_MNEMONICS",
"State": 4,
"Progress": 100,
"Start": 1714844289,
"End": 1714844306
}
,
{
"ID": 15167,
"Binary": "HELIUM_MNEMONICS",
"State": 4,
"Progress": 100,
"Start": 1714844289,
"End": 1714844306
}
,
{
"ID": 15171,
"Binary": "HELIUM_MNEMONICS",
"State": 4,
"Progress": 100,
"Start": 1714844307,
"End": 1714844309
}
,
{
"ID": 15172,
"Binary": "HELIUM_MNEMONICS",
"State": 4,
"Progress": 100,
"Start": 1714844307,
"End": 1714844314
}
,
{
"ID": 15173,
"Binary": "HELIUM_MNEMONICS",
"State": 4,
"Progress": 100,
"Start": 1714844307,
"End": 1714844324
}
,
{
"ID": 15174,
"Binary": "HELIUM_MNEMONICS",
"State": 4,
"Progress": 100,
"Start": 1714844307,
"End": 1714844312
}
,
{
"ID": 15175,
"Binary": "HELIUM_MNEMONICS",
"State": 4,
"Progress": 100,
"Start": 1714844307,
"End": 1714844313
}
,
{
"ID": 15176,
"Binary": "HELIUM_MNEMONICS",
"State": 4,
"Progress": 100,
"Start": 1714844307,
"End": 1714844311
}
,
{
"ID": 15177,
"Binary": "HELIUM_MNEMONICS",
"State": 4,
"Progress": 100,
"Start": 1714844307,
"End": 1714844312
}
,
{
"ID": 15178,
"Binary": "HELIUM_MNEMONICS",
"State": 4,
"Progress": 100,
"Start": 1714844307,
"End": 1714844317
}
,
{
"ID": 15179,
"Binary": "HELIUM_MNEMONICS",
"State": 4,
"Progress": 100,
"Start": 1714844307,
"End": 1714844324
}
,
{
"ID": 15180,
"Binary": "HELIUM_MNEMONICS",
"State": 4,
"Progress": 100,
"Start": 1714844307,
"End": 1714844312
}
,
{
"ID": 15181,
"Binary": "DGLTC_LOTTERY",
"State": 4,
"Progress": 100,
"Start": 1714844315,
"End": 1714844318
}
,
{
"ID": 15182,
"Binary": "DGLTC_LOTTERY",
"State": 4,
"Progress": 100,
"Start": 1714844315,
"End": 1714844317
}
,
{
"ID": 15183,
"Binary": "DGLTC_LOTTERY",
"State": 4,
"Progress": 100,
"Start": 1714844315,
"End": 1714844317
}
,
{
"ID": 15184,
"Binary": "DGLTC_LOTTERY",
"State": 4,
"Progress": 100,
"Start": 1714844315,
"End": 1714844319
}
,
{
"ID": 15185,
"Binary": "DGLTC_LOTTERY",
"State": 4,
"Progress": 100,
"Start": 1714844315,
"End": 1714844318
}
,
{
"ID": 15186,
"Binary": "DGLTC_LOTTERY",
"State": 4,
"Progress": 100,
"Start": 1714844315,
"End": 1714844318
}
,
{
"ID": 15187,
"Binary": "DGLTC_LOTTERY",
"State": 4,
"Progress": 100,
"Start": 1714844315,
"End": 1714844318
}
,
{
"ID": 15188,
"Binary": "DGLTC_LOTTERY",
"State": 4,
"Progress": 100,
"Start": 1714844317,
"End": 1714844319
}
,
{
"ID": 15189,
"Binary": "DGLTC_LOTTERY",
"State": 4,
"Progress": 100,
"Start": 1714844318,
"End": 1714844321
}
,
{
"ID": 15190,
"Binary": "DGLTC_LOTTERY",
"State": 4,
"Progress": 100,
"Start": 1714844317,
"End": 1714844320
}
,
{
"ID": 15191,
"Binary": "HELIUM_MNEMONICS",
"State": 4,
"Progress": 100,
"Start": 1714844324,
"End": 1714844329
}
,
{
"ID": 15192,
"Binary": "HELIUM_MNEMONICS",
"State": 4,
"Progress": 100,
"Start": 1714844324,
"End": 1714844342
}
,
{
"ID": 15193,
"Binary": "HELIUM_MNEMONICS",
"State": 4,
"Progress": 100,
"Start": 1714844324,
"End": 1714844342
}
,
{
"ID": 15194,
"Binary": "HELIUM_MNEMONICS",
"State": 4,
"Progress": 100,
"Start": 1714844324,
"End": 1714844330
}
,
{
"ID": 15195,
"Binary": "HELIUM_MNEMONICS",
"State": 4,
"Progress": 100,
"Start": 1714844324,
"End": 1714844330
}
,
{
"ID": 15196,
"Binary": "HELIUM_MNEMONICS",
"State": 4,
"Progress": 100,
"Start": 1714844324,
"End": 1714844340
}
,
{
"ID": 15197,
"Binary": "HELIUM_MNEMONICS",
"State": 4,
"Progress": 100,
"Start": 1714844324,
"End": 1714844334
}
,
{
"ID": 15198,
"Binary": "HELIUM_MNEMONICS",
"State": 4,
"Progress": 100,
"Start": 1714844325,
"End": 1714844329
}
,
{
"ID": 15199,
"Binary": "HELIUM_MNEMONICS",
"State": 4,
"Progress": 100,
"Start": 1714844325,
"End": 1714844327
}
,
{
"ID": 15200,
"Binary": "HELIUM_MNEMONICS",
"State": 4,
"Progress": 100,
"Start": 1714844325,
"End": 1714844332
}
,
{
"ID": 15201,
"Binary": "DGLTC_LOTTERY",
"State": 4,
"Progress": 100,
"Start": 1714844339,
"End": 1714844341
}
,
{
"ID": 15202,
"Binary": "DGLTC_LOTTERY",
"State": 4,
"Progress": 100,
"Start": 1714844339,
"End": 1714844343
}
,
{
"ID": 15203,
"Binary": "DGLTC_LOTTERY",
"State": 4,
"Progress": 100,
"Start": 1714844339,
"End": 1714844341
}
,
{
"ID": 15204,
"Binary": "DGLTC_LOTTERY",
"State": 4,
"Progress": 100,
"Start": 1714844339,
"End": 1714844344
}
,
{
"ID": 15205,
"Binary": "DGLTC_LOTTERY",
"State": 4,
"Progress": 100,
"Start": 1714844339,
"End": 1714844342
}
,
{
"ID": 15206,
"Binary": "DGLTC_LOTTERY",
"State": 4,
"Progress": 100,
"Start": 1714844339,
"End": 1714844342
}
,
{
"ID": 15207,
"Binary": "DGLTC_LOTTERY",
"State": 4,
"Progress": 100,
"Start": 1714844339,
"End": 1714844342
}
,
{
"ID": 15208,
"Binary": "DGLTC_LOTTERY",
"State": 4,
"Progress": 100,
"Start": 1714844342,
"End": 1714844345
}
,
{
"ID": 15209,
"Binary": "DGLTC_LOTTERY",
"State": 4,
"Progress": 100,
"Start": 1714844341,
"End": 1714844344
}
,
{
"ID": 15210,
"Binary": "DGLTC_LOTTERY",
"State": 4,
"Progress": 100,
"Start": 1714844341,
"End": 1714844343
}
,
{
"ID": 15211,
"Binary": "HELIUM_MNEMONICS",
"State": 4,
"Progress": 100,
"Start": 1714844342,
"End": 1714844359
}
,
{
"ID": 15212,
"Binary": "HELIUM_MNEMONICS",
"State": 4,
"Progress": 100,
"Start": 1714844342,
"End": 1714844360
}
,
{
"ID": 15213,
"Binary": "HELIUM_MNEMONICS",
"State": 4,
"Progress": 100,
"Start": 1714844342,
"End": 1714844359
}
,
{
"ID": 15214,
"Binary": "HELIUM_MNEMONICS",
"State": 4,
"Progress": 100,
"Start": 1714844342,
"End": 1714844350
}
,
{
"ID": 15215,
"Binary": "HELIUM_MNEMONICS",
"State": 4,
"Progress": 100,
"Start": 1714844343,
"End": 1714844347
}
,
{
"ID": 15216,
"Binary": "HELIUM_MNEMONICS",
"State": 4,
"Progress": 100,
"Start": 1714844343,
"End": 1714844353
}
,
{
"ID": 15217,
"Binary": "HELIUM_MNEMONICS",
"State": 4,
"Progress": 100,
"Start": 1714844343,
"End": 1714844347
}
,
{
"ID": 15218,
"Binary": "HELIUM_MNEMONICS",
"State": 4,
"Progress": 100,
"Start": 1714844343,
"End": 1714844345
}
,
{
"ID": 15219,
"Binary": "HELIUM_MNEMONICS",
"State": 4,
"Progress": 100,
"Start": 1714844343,
"End": 1714844349
}
,
{
"ID": 15220,
"Binary": "HELIUM_MNEMONICS",
"State": 4,
"Progress": 100,
"Start": 1714844343,
"End": 1714844345
}
,
{
"ID": 15221,
"Binary": "HELIUM_MNEMONICS",
"State": 2,
"Progress": 0,
"Start": 1714844360,
"End": 0
}
,
{
"ID": 15222,
"Binary": "HELIUM_MNEMONICS",
"State": 4,
"Progress": 100,
"Start": 1714844360,
"End": 1714844363
}
,
{
"ID": 15223,
"Binary": "HELIUM_MNEMONICS",
"State": 4,
"Progress": 100,
"Start": 1714844360,
"End": 1714844363
}
,
{
"ID": 15224,
"Binary": "HELIUM_MNEMONICS",
"State": 2,
"Progress": 0,
"Start": 1714844360,
"End": 0
}
,
{
"ID": 15225,
"Binary": "HELIUM_MNEMONICS",
"State": 2,
"Progress": 0,
"Start": 1714844360,
"End": 0
}
,
{
"ID": 15226,
"Binary": "HELIUM_MNEMONICS",
"State": 2,
"Progress": 0,
"Start": 1714844360,
"End": 0
}
,
{
"ID": 15227,
"Binary": "HELIUM_MNEMONICS",
"State": 2,
"Progress": 0,
"Start": 1714844360,
"End": 0
}
,
{
"ID": 15228,
"Binary": "HELIUM_MNEMONICS",
"State": 2,
"Progress": 0,
"Start": 1714844360,
"End": 0
}
,
{
"ID": 15229,
"Binary": "HELIUM_MNEMONICS",
"State": 2,
"Progress": 0,
"Start": 1714844361,
"End": 0
}
,
{
"ID": 15230,
"Binary": "HELIUM_MNEMONICS",
"State": 4,
"Progress": 100,
"Start": 1714844361,
"End": 1714844363
}
],
"Nodes":[
{
"ID": "ABLACK",
"Class": 1,
"Task": 15221,
"CPUCount": 1,
"LoadAverage": 9.780000,
"TasksCompleted": 127,
"System": 6,
"Enabled": 1
}
,
{
"ID": "AWHITE",
"Class": 1,
"Task": 15229,
"CPUCount": 8,
"LoadAverage": 0.000000,
"TasksCompleted": 131,
"System": 7,
"Enabled": 1
}
,
{
"ID": "PI_SOLAR",
"Class": 1,
"Task": 15228,
"CPUCount": 4,
"LoadAverage": 1.320312,
"TasksCompleted": 120,
"System": 6,
"Enabled": 1
}
,
{
"ID": "DELL1",
"Class": 1,
"Task": 0,
"CPUCount": 8,