{
"CPU": 1.490787,
"Starttime": 1714888439,
"Epoch": 1714987199,
"Version": "0.8",
"Throttled": 22,
"Utilization": 85.714287,
"Connections": 2,
"NodesCount": 7,
"TasksNew": 0,
"TasksCompleted": 10,
"TasksRunning": 6,
"TasksFailed": 4,
"TasksCount": 20,
"Tasks":[
{
"ID": 40491,
"Binary": "DGLTC_LOTTERY",
"State": 4,
"Progress": 100,
"Start": 1714987145,
"End": 1714987147
}
,
{
"ID": 40492,
"Binary": "DGLTC_LOTTERY",
"State": 4,
"Progress": 100,
"Start": 1714987145,
"End": 1714987148
}
,
{
"ID": 40493,
"Binary": "DGLTC_LOTTERY",
"State": 4,
"Progress": 100,
"Start": 1714987145,
"End": 1714987147
}
,
{
"ID": 40494,
"Binary": "DGLTC_LOTTERY",
"State": 4,
"Progress": 100,
"Start": 1714987145,
"End": 1714987147
}
,
{
"ID": 40495,
"Binary": "DGLTC_LOTTERY",
"State": 4,
"Progress": 100,
"Start": 1714987147,
"End": 1714987150
}
,
{
"ID": 40496,
"Binary": "DGLTC_LOTTERY",
"State": 4,
"Progress": 100,
"Start": 1714987147,
"End": 1714987150
}
,
{
"ID": 40497,
"Binary": "DGLTC_LOTTERY",
"State": 4,
"Progress": 100,
"Start": 1714987150,
"End": 1714987152
}
,
{
"ID": 40498,
"Binary": "DGLTC_LOTTERY",
"State": 4,
"Progress": 100,
"Start": 1714987150,
"End": 1714987152
}
,
{
"ID": 40499,
"Binary": "DGLTC_LOTTERY",
"State": 4,
"Progress": 100,
"Start": 1714987148,
"End": 1714987151
}
,
{
"ID": 40500,
"Binary": "DGLTC_LOTTERY",
"State": 4,
"Progress": 100,
"Start": 1714987147,
"End": 1714987150
}
,
{
"ID": 40501,
"Binary": "BTC_LOTTERY",
"State": 2,
"Progress": 0,
"Start": 1714987164,
"End": 0
}
,
{
"ID": 40502,
"Binary": "BTC_LOTTERY",
"State": 2,
"Progress": 0,
"Start": 1714987164,
"End": 0
}
,
{
"ID": 40503,
"Binary": "BTC_LOTTERY",
"State": 2,
"Progress": 0,
"Start": 1714987164,
"End": 0
}
,
{
"ID": 40504,
"Binary": "BTC_LOTTERY",
"State": 3,
"Progress": 100,
"Start": 1714987164,
"End": 1714987165
}
,
{
"ID": 40505,
"Binary": "BTC_LOTTERY",
"State": 2,
"Progress": 0,
"Start": 1714987164,
"End": 0
}
,
{
"ID": 40506,
"Binary": "BTC_LOTTERY",
"State": 2,
"Progress": 0,
"Start": 1714987164,
"End": 0
}
,
{
"ID": 40507,
"Binary": "BTC_LOTTERY",
"State": 2,
"Progress": 0,
"Start": 1714987164,
"End": 0
}
,
{
"ID": 40508,
"Binary": "BTC_LOTTERY",
"State": 3,
"Progress": 100,
"Start": 1714987165,
"End": 1714987166
}
,
{
"ID": 40509,
"Binary": "BTC_LOTTERY",
"State": 3,
"Progress": 100,
"Start": 1714987167,
"End": 1714987168
}
,
{
"ID": 40510,
"Binary": "BTC_LOTTERY",
"State": 3,
"Progress": 100,
"Start": 1714987166,
"End": 1714987167
}
],
"Nodes":[
{
"ID": "PI_SOLAR",
"Class": 1,
"Task": 0,
"CPUCount": 4,
"LoadAverage": 0.126465,
"TasksCompleted": 230,
"System": 6,
"Enabled": 1
}
,
{
"ID": "LibClient",
"Class": 2,
"Task": 0,
"CPUCount": 1,
"LoadAverage": 0.066895,
"TasksCompleted": 0,
"System": 5,
"Enabled": 1
}
,
{
"ID": "GS_EXPLORER",
"Class": 1,
"Task": 40503,
"CPUCount": 1,
"LoadAverage": 0.790000,
"TasksCompleted": 3321,
"System": 5,
"Enabled": 1
}
,
{
"ID": "GS_WORK",
"Class": 1,
"Task": 40502,
"CPUCount": 1,
"LoadAverage": 0.930000,
"TasksCompleted": 2943,
"System": 5,
"Enabled": 1
}
,
{
"ID": "LibClient",
"Class": 2,
"Task": 0,
"CPUCount": 1,
"LoadAverage": 0.066895,
"TasksCompleted": 0,
"System": 5,
"Enabled": 1
}
,
{
"ID": "J_PROX",
"Class": 1,
"Task": 40505,
"CPUCount": 2,
"LoadAverage": 1.442383,
"TasksCompleted": 4237,
"System": 5,
"Enabled": 1
}
,
{
"ID": "J_PROX",
"Class": 1,
"Task": 40501,
"CPUCount": 2,
"LoadAverage": 1.442383,
"TasksCompleted": 4233,
"System": 5,
"Enabled": 1
}
,
{
"ID": "PI_KNS",
"Class": 1,
"Task": 40506,
"CPUCount": 4,
"LoadAverage": 1.930000,
"TasksCompleted": 49,
"System": 6,
"Enabled": 1
}
,
{
"ID": "PI_KNS",
"Class": 1,
"Task": 40507,
"CPUCount": 4,
"LoadAverage": 1.930000,
"TasksCompleted": 49,
"System": 6,
"Enabled": 1
}
]}