{
"CPU": 1.673920,
"Starttime": 1714888439,
"Epoch": 1714986599,
"Version": "0.8",
"Throttled": 22,
"Utilization": 0.000000,
"Connections": 2,
"NodesCount": 7,
"TasksNew": 0,
"TasksCompleted": 20,
"TasksRunning": 0,
"TasksFailed": 0,
"TasksCount": 20,
"Tasks":[
{
"ID": 40391,
"Binary": "DGLTC_LOTTERY",
"State": 4,
"Progress": 100,
"Start": 1714986550,
"End": 1714986552
}
,
{
"ID": 40392,
"Binary": "DGLTC_LOTTERY",
"State": 4,
"Progress": 100,
"Start": 1714986550,
"End": 1714986552
}
,
{
"ID": 40393,
"Binary": "DGLTC_LOTTERY",
"State": 4,
"Progress": 100,
"Start": 1714986550,
"End": 1714986552
}
,
{
"ID": 40394,
"Binary": "DGLTC_LOTTERY",
"State": 4,
"Progress": 100,
"Start": 1714986550,
"End": 1714986553
}
,
{
"ID": 40395,
"Binary": "DGLTC_LOTTERY",
"State": 4,
"Progress": 100,
"Start": 1714986552,
"End": 1714986554
}
,
{
"ID": 40396,
"Binary": "DGLTC_LOTTERY",
"State": 4,
"Progress": 100,
"Start": 1714986553,
"End": 1714986555
}
,
{
"ID": 40397,
"Binary": "DGLTC_LOTTERY",
"State": 4,
"Progress": 100,
"Start": 1714986554,
"End": 1714986556
}
,
{
"ID": 40398,
"Binary": "DGLTC_LOTTERY",
"State": 4,
"Progress": 100,
"Start": 1714986552,
"End": 1714986555
}
,
{
"ID": 40399,
"Binary": "DGLTC_LOTTERY",
"State": 4,
"Progress": 100,
"Start": 1714986554,
"End": 1714986557
}
,
{
"ID": 40400,
"Binary": "DGLTC_LOTTERY",
"State": 4,
"Progress": 100,
"Start": 1714986552,
"End": 1714986554
}
,
{
"ID": 40401,
"Binary": "DGLTC_LOTTERY",
"State": 4,
"Progress": 100,
"Start": 1714986587,
"End": 1714986589
}
,
{
"ID": 40402,
"Binary": "DGLTC_LOTTERY",
"State": 4,
"Progress": 100,
"Start": 1714986587,
"End": 1714986589
}
,
{
"ID": 40403,
"Binary": "DGLTC_LOTTERY",
"State": 4,
"Progress": 100,
"Start": 1714986587,
"End": 1714986590
}
,
{
"ID": 40404,
"Binary": "DGLTC_LOTTERY",
"State": 4,
"Progress": 100,
"Start": 1714986587,
"End": 1714986589
}
,
{
"ID": 40405,
"Binary": "DGLTC_LOTTERY",
"State": 4,
"Progress": 100,
"Start": 1714986589,
"End": 1714986591
}
,
{
"ID": 40406,
"Binary": "DGLTC_LOTTERY",
"State": 4,
"Progress": 100,
"Start": 1714986591,
"End": 1714986594
}
,
{
"ID": 40407,
"Binary": "DGLTC_LOTTERY",
"State": 4,
"Progress": 100,
"Start": 1714986591,
"End": 1714986594
}
,
{
"ID": 40408,
"Binary": "DGLTC_LOTTERY",
"State": 4,
"Progress": 100,
"Start": 1714986589,
"End": 1714986591
}
,
{
"ID": 40409,
"Binary": "DGLTC_LOTTERY",
"State": 4,
"Progress": 100,
"Start": 1714986589,
"End": 1714986592
}
,
{
"ID": 40410,
"Binary": "DGLTC_LOTTERY",
"State": 4,
"Progress": 100,
"Start": 1714986590,
"End": 1714986592
}
],
"Nodes":[
{
"ID": "PI_SOLAR",
"Class": 1,
"Task": 0,
"CPUCount": 4,
"LoadAverage": 0.128906,
"TasksCompleted": 226,
"System": 6,
"Enabled": 1
}
,
{
"ID": "LibClient",
"Class": 2,
"Task": 0,
"CPUCount": 1,
"LoadAverage": 0.158203,
"TasksCompleted": 0,
"System": 5,
"Enabled": 1
}
,
{
"ID": "GS_EXPLORER",
"Class": 1,
"Task": 0,
"CPUCount": 1,
"LoadAverage": 0.030000,
"TasksCompleted": 3303,
"System": 5,
"Enabled": 1
}
,
{
"ID": "GS_WORK",
"Class": 1,
"Task": 0,
"CPUCount": 1,
"LoadAverage": 0.280000,
"TasksCompleted": 2925,
"System": 5,
"Enabled": 1
}
,
{
"ID": "LibClient",
"Class": 2,
"Task": 0,
"CPUCount": 1,
"LoadAverage": 0.158203,
"TasksCompleted": 0,
"System": 5,
"Enabled": 1
}
,
{
"ID": "J_PROX",
"Class": 1,
"Task": 0,
"CPUCount": 2,
"LoadAverage": 0.123047,
"TasksCompleted": 4210,
"System": 5,
"Enabled": 1
}
,
{
"ID": "J_PROX",
"Class": 1,
"Task": 0,
"CPUCount": 2,
"LoadAverage": 0.123047,
"TasksCompleted": 4206,
"System": 5,
"Enabled": 1
}
,
{
"ID": "PI_KNS",
"Class": 1,
"Task": 0,
"CPUCount": 4,
"LoadAverage": 0.550000,
"TasksCompleted": 49,
"System": 6,
"Enabled": 1
}
,
{
"ID": "PI_KNS",
"Class": 1,
"Task": 0,
"CPUCount": 4,
"LoadAverage": 0.550000,
"TasksCompleted": 49,
"System": 6,
"Enabled": 1
}
]}