{
"CPU": 10.794842,
"Starttime": 1714648137,
"Epoch": 1714730943,
"Version": "0.8",
"Utilization": 35.714287,
"Connections": 3,
"NodesCount": 14,
"TasksNew": 0,
"TasksCompleted": 14,
"TasksRunning": 5,
"TasksFailed": 0,
"TasksCount": 19,
"Tasks":[
{
"ID": 13031,
"Binary": "BTC_LOTTERY",
"State": 4,
"Progress": 100,
"Start": 1714730744,
"End": 1714730894
}
,
{
"ID": 13033,
"Binary": "BTC_LOTTERY",
"State": 4,
"Progress": 100,
"Start": 1714730744,
"End": 1714730897
}
,
{
"ID": 13034,
"Binary": "BTC_LOTTERY",
"State": 2,
"Progress": 0,
"Start": 1714730744,
"End": 0
}
,
{
"ID": 13035,
"Binary": "BTC_LOTTERY",
"State": 4,
"Progress": 100,
"Start": 1714730744,
"End": 1714730920
}
,
{
"ID": 13038,
"Binary": "BTC_LOTTERY",
"State": 2,
"Progress": 0,
"Start": 1714730744,
"End": 0
}
,
{
"ID": 13039,
"Binary": "BTC_LOTTERY",
"State": 2,
"Progress": 0,
"Start": 1714730744,
"End": 0
}
,
{
"ID": 13040,
"Binary": "BTC_LOTTERY",
"State": 2,
"Progress": 0,
"Start": 1714730744,
"End": 0
}
,
{
"ID": 13052,
"Binary": "HELIUM_MNEMONICS",
"State": 2,
"Progress": 0,
"Start": 1714730767,
"End": 0
}
,
{
"ID": 13073,
"Binary": "DGLTC_LOTTERY",
"State": 4,
"Progress": 100,
"Start": 1714730885,
"End": 1714730897
}
,
{
"ID": 13081,
"Binary": "DGLTC_LOTTERY",
"State": 4,
"Progress": 100,
"Start": 1714730899,
"End": 1714730909
}
,
{
"ID": 13082,
"Binary": "DGLTC_LOTTERY",
"State": 4,
"Progress": 100,
"Start": 1714730899,
"End": 1714730912
}
,
{
"ID": 13083,
"Binary": "DGLTC_LOTTERY",
"State": 4,
"Progress": 100,
"Start": 1714730899,
"End": 1714730909
}
,
{
"ID": 13084,
"Binary": "DGLTC_LOTTERY",
"State": 4,
"Progress": 100,
"Start": 1714730899,
"End": 1714730911
}
,
{
"ID": 13085,
"Binary": "DGLTC_LOTTERY",
"State": 4,
"Progress": 100,
"Start": 1714730909,
"End": 1714730920
}
,
{
"ID": 13086,
"Binary": "DGLTC_LOTTERY",
"State": 4,
"Progress": 100,
"Start": 1714730912,
"End": 1714730926
}
,
{
"ID": 13087,
"Binary": "DGLTC_LOTTERY",
"State": 4,
"Progress": 100,
"Start": 1714730909,
"End": 1714730920
}
,
{
"ID": 13088,
"Binary": "DGLTC_LOTTERY",
"State": 4,
"Progress": 100,
"Start": 1714730920,
"End": 1714730930
}
,
{
"ID": 13089,
"Binary": "DGLTC_LOTTERY",
"State": 4,
"Progress": 100,
"Start": 1714730920,
"End": 1714730930
}
,
{
"ID": 13090,
"Binary": "DGLTC_LOTTERY",
"State": 4,
"Progress": 100,
"Start": 1714730911,
"End": 1714730923
}
],
"Nodes":[
{
"ID": "PI_GRIDMAN",
"Class": 1,
"Task": 0,
"CPUCount": 4,
"LoadAverage": 1.281250,
"TasksCompleted": 228,
"System": 6,
"Enabled": 1
}
,
{
"ID": "J_PROX",
"Class": 1,
"Task": 0,
"CPUCount": 2,
"LoadAverage": 2.686523,
"TasksCompleted": 1440,
"System": 5,
"Enabled": 1
}
,
{
"ID": "GS_WORK",
"Class": 1,
"Task": 0,
"CPUCount": 1,
"LoadAverage": 1.320000,
"TasksCompleted": 1188,
"System": 5,
"Enabled": 1
}
,
{
"ID": "PI_WIFI",
"Class": 1,
"Task": 13034,
"CPUCount": 4,
"LoadAverage": 3.960000,
"TasksCompleted": 100,
"System": 6,
"Enabled": 1
}
,
{
"ID": "AWHITE",
"Class": 1,
"Task": 0,
"CPUCount": 8,
"LoadAverage": 0.000000,
"TasksCompleted": 104,
"System": 7,
"Enabled": 1
}
,
{
"ID": "PI_WIFI",
"Class": 1,
"Task": 0,
"CPUCount": 4,
"LoadAverage": 3.960000,
"TasksCompleted": 88,
"System": 6,
"Enabled": 1
}
,
{
"ID": "ABLACK",
"Class": 1,
"Task": 13039,
"CPUCount": 3,
"LoadAverage": 10.980000,
"TasksCompleted": 79,
"System": 6,
"Enabled": 1
}
,
{
"ID": "LibClient",
"Class": 2,
"Task": 0,
"CPUCount": 4,
"LoadAverage": 1.281250,
"TasksCompleted": 0,
"System": 6,
"Enabled": 1
}
,
{
"ID": "LibClient",
"Class": 2,
"Task": 0,
"CPUCount": 8,
"LoadAverage": 1.050781,
"TasksCompleted": 0,
"System": 5,
"Enabled": 1
}
,
{
"ID": "J_PROX",
"Class": 1,
"Task": 0,
"CPUCount": 2,
"LoadAverage": 2.686523,
"TasksCompleted": 363,
"System": 5,
"Enabled": 1
}
,
{
"ID": "GS_EXPLORER",
"Class": 1,
"Task": 0,
"CPUCount": 1,
"LoadAverage": 1.290000,
"TasksCompleted": 286,
"System": 5,
"Enabled": 1
}
,
{
"ID": "PI_WIFI",
"Class": 1,
"Task": 0,
"CPUCount": 4,
"LoadAverage": 3.960000,
"TasksCompleted": 43,
"System": 6,
"Enabled": 1
}
,
{
"ID": "PI_SOLAR",
"Class": 1,
"Task": 13038,
"CPUCount": 4,
"LoadAverage": 2.145020,
"TasksCompleted": 20,
"System": 6,
"Enabled": 1
}
,
{
"ID": "PI_KNS",
"Class": 1,
"Task": 13040,
"CPUCount": 4,
"LoadAverage": 5.470000,
"TasksCompleted": 19,
"System": 6,
"Enabled": 1
}
,
{
"ID": "PI_KNS",
"Class": 1,
"Task": 13052,
"CPUCount": 4,
"LoadAverage": 5.470000,
"TasksCompleted": 17,
"System": 6,
"Enabled": 1
}
,
{
"ID": "LibClient",
"Class": 2,
"Task": 0,
"CPUCount": 8,
"LoadAverage": 1.050781,
"TasksCompleted": 0,
"System": 5,
"Enabled": 1
}
,
{
"ID": "IMAC1",
"Class": 1,
"Task": 0,
"CPUCount": 8,
"LoadAverage": 1.495117,
"TasksCompleted": 39,
"System": 3,
"Enabled": 1
}
]}