{
"CPU": 1.207041,
"Starttime": 1714888439,
"Epoch": 1714952999,
"Version": "0.8",
"Throttled": 18,
"Utilization": 87.500000,
"Connections": 2,
"NodesCount": 8,
"TasksNew": 0,
"TasksCompleted": 13,
"TasksRunning": 7,
"TasksFailed": 0,
"TasksCount": 20,
"Tasks":[
{
"ID": 34341,
"Binary": "BTC_LOTTERY",
"State": 4,
"Progress": 100,
"Start": 1714952905,
"End": 1714952974
}
,
{
"ID": 34342,
"Binary": "BTC_LOTTERY",
"State": 2,
"Progress": 0,
"Start": 1714952905,
"End": 0
}
,
{
"ID": 34343,
"Binary": "BTC_LOTTERY",
"State": 2,
"Progress": 0,
"Start": 1714952905,
"End": 0
}
,
{
"ID": 34344,
"Binary": "BTC_LOTTERY",
"State": 4,
"Progress": 100,
"Start": 1714952905,
"End": 1714952996
}
,
{
"ID": 34345,
"Binary": "BTC_LOTTERY",
"State": 2,
"Progress": 0,
"Start": 1714952905,
"End": 0
}
,
{
"ID": 34346,
"Binary": "BTC_LOTTERY",
"State": 2,
"Progress": 0,
"Start": 1714952905,
"End": 0
}
,
{
"ID": 34347,
"Binary": "BTC_LOTTERY",
"State": 4,
"Progress": 100,
"Start": 1714952905,
"End": 1714952975
}
,
{
"ID": 34348,
"Binary": "BTC_LOTTERY",
"State": 2,
"Progress": 0,
"Start": 1714952905,
"End": 0
}
,
{
"ID": 34349,
"Binary": "BTC_LOTTERY",
"State": 2,
"Progress": 0,
"Start": 1714952980,
"End": 0
}
,
{
"ID": 34350,
"Binary": "BTC_LOTTERY",
"State": 2,
"Progress": 0,
"Start": 1714952990,
"End": 0
}
,
{
"ID": 34361,
"Binary": "DGLTC_LOTTERY",
"State": 4,
"Progress": 100,
"Start": 1714952974,
"End": 1714952976
}
,
{
"ID": 34362,
"Binary": "DGLTC_LOTTERY",
"State": 4,
"Progress": 100,
"Start": 1714952977,
"End": 1714952979
}
,
{
"ID": 34363,
"Binary": "DGLTC_LOTTERY",
"State": 4,
"Progress": 100,
"Start": 1714952981,
"End": 1714952983
}
,
{
"ID": 34364,
"Binary": "DGLTC_LOTTERY",
"State": 4,
"Progress": 100,
"Start": 1714952985,
"End": 1714952987
}
,
{
"ID": 34365,
"Binary": "DGLTC_LOTTERY",
"State": 4,
"Progress": 100,
"Start": 1714952976,
"End": 1714952978
}
,
{
"ID": 34366,
"Binary": "DGLTC_LOTTERY",
"State": 4,
"Progress": 100,
"Start": 1714952975,
"End": 1714952977
}
,
{
"ID": 34367,
"Binary": "DGLTC_LOTTERY",
"State": 4,
"Progress": 100,
"Start": 1714952978,
"End": 1714952980
}
,
{
"ID": 34368,
"Binary": "DGLTC_LOTTERY",
"State": 4,
"Progress": 100,
"Start": 1714952983,
"End": 1714952985
}
,
{
"ID": 34369,
"Binary": "DGLTC_LOTTERY",
"State": 4,
"Progress": 100,
"Start": 1714952979,
"End": 1714952981
}
,
{
"ID": 34370,
"Binary": "DGLTC_LOTTERY",
"State": 4,
"Progress": 100,
"Start": 1714952987,
"End": 1714952990
}
],
"Nodes":[
{
"ID": "PI_SOLAR",
"Class": 1,
"Task": 34345,
"CPUCount": 4,
"LoadAverage": 2.205566,
"TasksCompleted": 108,
"System": 6,
"Enabled": 1
}
,
{
"ID": "LibClient",
"Class": 2,
"Task": 0,
"CPUCount": 1,
"LoadAverage": 0.009277,
"TasksCompleted": 0,
"System": 5,
"Enabled": 1
}
,
{
"ID": "PI_KNS",
"Class": 1,
"Task": 34348,
"CPUCount": 4,
"LoadAverage": 4.680000,
"TasksCompleted": 100,
"System": 6,
"Enabled": 1
}
,
{
"ID": "PI_KNS",
"Class": 1,
"Task": 34343,
"CPUCount": 4,
"LoadAverage": 4.680000,
"TasksCompleted": 99,
"System": 6,
"Enabled": 1
}
,
{
"ID": "GS_EXPLORER",
"Class": 1,
"Task": 0,
"CPUCount": 1,
"LoadAverage": 1.460000,
"TasksCompleted": 2208,
"System": 5,
"Enabled": 1
}
,
{
"ID": "GS_WORK",
"Class": 1,
"Task": 34342,
"CPUCount": 1,
"LoadAverage": 1.660000,
"TasksCompleted": 1902,
"System": 5,
"Enabled": 1
}
,
{
"ID": "LibClient",
"Class": 2,
"Task": 0,
"CPUCount": 1,
"LoadAverage": 0.009277,
"TasksCompleted": 0,
"System": 5,
"Enabled": 1
}
,
{
"ID": "J_PROX",
"Class": 1,
"Task": 34349,
"CPUCount": 2,
"LoadAverage": 2.996094,
"TasksCompleted": 2741,
"System": 5,
"Enabled": 1
}
,
{
"ID": "J_PROX",
"Class": 1,
"Task": 34350,
"CPUCount": 2,
"LoadAverage": 2.996094,
"TasksCompleted": 2715,
"System": 5,
"Enabled": 1
}
,
{
"ID": "ABLACK",
"Class": 1,
"Task": 34346,
"CPUCount": 4,
"LoadAverage": 11.270000,
"TasksCompleted": 11,
"System": 6,
"Enabled": 1
}
]}