{
"CPU": 16.153847,
"Starttime": 1714751364,
"Epoch": 1714851564,
"Version": "0.8",
"Throttled": 8,
"Utilization": 38.461540,
"Connections": 2,
"NodesCount": 13,
"TasksNew": 0,
"TasksCompleted": 13,
"TasksRunning": 5,
"TasksFailed": 0,
"TasksCount": 18,
"Tasks":[
{
"ID": 16652,
"Binary": "BTC_LOTTERY",
"State": 2,
"Progress": 0,
"Start": 1714851451,
"End": 0
}
,
{
"ID": 16653,
"Binary": "BTC_LOTTERY",
"State": 4,
"Progress": 100,
"Start": 1714851451,
"End": 1714851520
}
,
{
"ID": 16655,
"Binary": "BTC_LOTTERY",
"State": 2,
"Progress": 0,
"Start": 1714851451,
"End": 0
}
,
{
"ID": 16656,
"Binary": "BTC_LOTTERY",
"State": 2,
"Progress": 0,
"Start": 1714851451,
"End": 0
}
,
{
"ID": 16657,
"Binary": "BTC_LOTTERY",
"State": 4,
"Progress": 100,
"Start": 1714851451,
"End": 1714851520
}
,
{
"ID": 16658,
"Binary": "BTC_LOTTERY",
"State": 2,
"Progress": 0,
"Start": 1714851451,
"End": 0
}
,
{
"ID": 16659,
"Binary": "BTC_LOTTERY",
"State": 2,
"Progress": 0,
"Start": 1714851451,
"End": 0
}
,
{
"ID": 16660,
"Binary": "BTC_LOTTERY",
"State": 4,
"Progress": 100,
"Start": 1714851451,
"End": 1714851544
}
,
{
"ID": 16661,
"Binary": "DGLTC_LOTTERY",
"State": 4,
"Progress": 100,
"Start": 1714851527,
"End": 1714851531
}
,
{
"ID": 16662,
"Binary": "DGLTC_LOTTERY",
"State": 4,
"Progress": 100,
"Start": 1714851527,
"End": 1714851533
}
,
{
"ID": 16663,
"Binary": "DGLTC_LOTTERY",
"State": 4,
"Progress": 100,
"Start": 1714851527,
"End": 1714851531
}
,
{
"ID": 16664,
"Binary": "DGLTC_LOTTERY",
"State": 4,
"Progress": 100,
"Start": 1714851527,
"End": 1714851530
}
,
{
"ID": 16665,
"Binary": "DGLTC_LOTTERY",
"State": 4,
"Progress": 100,
"Start": 1714851527,
"End": 1714851533
}
,
{
"ID": 16666,
"Binary": "DGLTC_LOTTERY",
"State": 4,
"Progress": 100,
"Start": 1714851527,
"End": 1714851532
}
,
{
"ID": 16667,
"Binary": "DGLTC_LOTTERY",
"State": 4,
"Progress": 100,
"Start": 1714851531,
"End": 1714851535
}
,
{
"ID": 16668,
"Binary": "DGLTC_LOTTERY",
"State": 4,
"Progress": 100,
"Start": 1714851531,
"End": 1714851535
}
,
{
"ID": 16669,
"Binary": "DGLTC_LOTTERY",
"State": 4,
"Progress": 100,
"Start": 1714851532,
"End": 1714851537
}
,
{
"ID": 16670,
"Binary": "DGLTC_LOTTERY",
"State": 4,
"Progress": 100,
"Start": 1714851530,
"End": 1714851533
}
],
"Nodes":[
{
"ID": "ABLACK",
"Class": 1,
"Task": 16652,
"CPUCount": 3,
"LoadAverage": 11.020000,
"TasksCompleted": 151,
"System": 6,
"Enabled": 1
}
,
{
"ID": "AWHITE",
"Class": 1,
"Task": 16659,
"CPUCount": 8,
"LoadAverage": 0.000000,
"TasksCompleted": 160,
"System": 7,
"Enabled": 1
}
,
{
"ID": "PI_SOLAR",
"Class": 1,
"Task": 16658,
"CPUCount": 4,
"LoadAverage": 1.859375,
"TasksCompleted": 143,
"System": 6,
"Enabled": 1
}
,
{
"ID": "DELL1",
"Class": 1,
"Task": 0,
"CPUCount": 8,
"LoadAverage": 1.280273,
"TasksCompleted": 3531,
"System": 5,
"Enabled": 1
}
,
{
"ID": "J_PROX",
"Class": 1,
"Task": 0,
"CPUCount": 2,
"LoadAverage": 1.604004,
"TasksCompleted": 315,
"System": 5,
"Enabled": 1
}
,
{
"ID": "J_PROX",
"Class": 1,
"Task": 0,
"CPUCount": 2,
"LoadAverage": 1.604004,
"TasksCompleted": 301,
"System": 5,
"Enabled": 1
}
,
{
"ID": "GS_EXPLORER",
"Class": 1,
"Task": 0,
"CPUCount": 1,
"LoadAverage": 1.220000,
"TasksCompleted": 269,
"System": 5,
"Enabled": 1
}
,
{
"ID": "PI_KNS",
"Class": 1,
"Task": 16656,
"CPUCount": 4,
"LoadAverage": 2.680000,
"TasksCompleted": 42,
"System": 6,
"Enabled": 1
}
,
{
"ID": "PI_KNS",
"Class": 1,
"Task": 0,
"CPUCount": 4,
"LoadAverage": 2.680000,
"TasksCompleted": 44,
"System": 6,
"Enabled": 1
}
,
{
"ID": "LibClient",
"Class": 2,
"Task": 0,
"CPUCount": 1,
"LoadAverage": 0.639648,
"TasksCompleted": 0,
"System": 5,
"Enabled": 1
}
,
{
"ID": "P_PROX",
"Class": 1,
"Task": 0,
"CPUCount": 2,
"LoadAverage": 0.588379,
"TasksCompleted": 268,
"System": 5,
"Enabled": 1
}
,
{
"ID": "P_PROX",
"Class": 1,
"Task": 0,
"CPUCount": 2,
"LoadAverage": 0.588379,
"TasksCompleted": 254,
"System": 5,
"Enabled": 1
}
,
{
"ID": "GS_WORK",
"Class": 1,
"Task": 16655,
"CPUCount": 1,
"LoadAverage": 1.690000,
"TasksCompleted": 173,
"System": 5,
"Enabled": 1
}
,
{
"ID": "LibClient",
"Class": 2,
"Task": 0,
"CPUCount": 1,
"LoadAverage": 0.639648,
"TasksCompleted": 0,
"System": 5,
"Enabled": 1
}
,
{
"ID": "IMAC1",
"Class": 1,
"Task": 0,
"CPUCount": 8,
"LoadAverage": 2.222656,
"TasksCompleted": 2,
"System": 3,
"Enabled": 1
}
]}