{
"CPU": 50.851418,
"Starttime": 1714751364,
"Epoch": 1714868364,
"Version": "0.8",
"Throttled": 11,
"Utilization": 100.000000,
"Connections": 2,
"NodesCount": 11,
"TasksNew": 4,
"TasksCompleted": 5,
"TasksRunning": 11,
"TasksFailed": 10,
"TasksCount": 30,
"Tasks":[
{
"ID": 19631,
"Binary": "BTC_LOTTERY",
"State": 4,
"Progress": 100,
"Start": 1714868253,
"End": 1714868322
}
,
{
"ID": 19632,
"Binary": "BTC_LOTTERY",
"State": 2,
"Progress": 0,
"Start": 1714868253,
"End": 0
}
,
{
"ID": 19633,
"Binary": "BTC_LOTTERY",
"State": 4,
"Progress": 100,
"Start": 1714868253,
"End": 1714868327
}
,
{
"ID": 19634,
"Binary": "BTC_LOTTERY",
"State": 2,
"Progress": 0,
"Start": 1714868253,
"End": 0
}
,
{
"ID": 19635,
"Binary": "BTC_LOTTERY",
"State": 4,
"Progress": 100,
"Start": 1714868253,
"End": 1714868322
}
,
{
"ID": 19636,
"Binary": "BTC_LOTTERY",
"State": 2,
"Progress": 0,
"Start": 1714868253,
"End": 0
}
,
{
"ID": 19637,
"Binary": "BTC_LOTTERY",
"State": 2,
"Progress": 0,
"Start": 1714868253,
"End": 0
}
,
{
"ID": 19638,
"Binary": "BTC_LOTTERY",
"State": 2,
"Progress": 0,
"Start": 1714868253,
"End": 0
}
,
{
"ID": 19639,
"Binary": "BTC_LOTTERY",
"State": 4,
"Progress": 100,
"Start": 1714868253,
"End": 1714868346
}
,
{
"ID": 19640,
"Binary": "BTC_LOTTERY",
"State": 4,
"Progress": 100,
"Start": 1714868253,
"End": 1714868328
}
,
{
"ID": 19641,
"Binary": "DGLTC_LOTTERY",
"State": 3,
"Progress": 100,
"Start": 1714868354,
"End": 1714868360
}
,
{
"ID": 19642,
"Binary": "DGLTC_LOTTERY",
"State": 3,
"Progress": 100,
"Start": 1714868354,
"End": 1714868363
}
,
{
"ID": 19643,
"Binary": "DGLTC_LOTTERY",
"State": 3,
"Progress": 100,
"Start": 1714868354,
"End": 1714868360
}
,
{
"ID": 19644,
"Binary": "DGLTC_LOTTERY",
"State": 3,
"Progress": 100,
"Start": 1714868354,
"End": 1714868360
}
,
{
"ID": 19645,
"Binary": "DGLTC_LOTTERY",
"State": 3,
"Progress": 100,
"Start": 1714868354,
"End": 1714868360
}
,
{
"ID": 19646,
"Binary": "DGLTC_LOTTERY",
"State": 3,
"Progress": 100,
"Start": 1714868354,
"End": 1714868361
}
,
{
"ID": 19647,
"Binary": "DGLTC_LOTTERY",
"State": 3,
"Progress": 100,
"Start": 1714868360,
"End": 1714868363
}
,
{
"ID": 19648,
"Binary": "DGLTC_LOTTERY",
"State": 3,
"Progress": 100,
"Start": 1714868360,
"End": 1714868363
}
,
{
"ID": 19649,
"Binary": "DGLTC_LOTTERY",
"State": 3,
"Progress": 100,
"Start": 1714868360,
"End": 1714868363
}
,
{
"ID": 19650,
"Binary": "DGLTC_LOTTERY",
"State": 3,
"Progress": 100,
"Start": 1714868360,
"End": 1714868363
}
,
{
"ID": 19651,
"Binary": "DGLTC_LOTTERY",
"State": 2,
"Progress": 0,
"Start": 1714868363,
"End": 0
}
,
{
"ID": 19652,
"Binary": "DGLTC_LOTTERY",
"State": 2,
"Progress": 0,
"Start": 1714868363,
"End": 0
}
,
{
"ID": 19653,
"Binary": "DGLTC_LOTTERY",
"State": 2,
"Progress": 0,
"Start": 1714868363,
"End": 0
}
,
{
"ID": 19654,
"Binary": "DGLTC_LOTTERY",
"State": 2,
"Progress": 0,
"Start": 1714868363,
"End": 0
}
,
{
"ID": 19655,
"Binary": "DGLTC_LOTTERY",
"State": 2,
"Progress": 0,
"Start": 1714868363,
"End": 0
}
,
{
"ID": 19656,
"Binary": "DGLTC_LOTTERY",
"State": 2,
"Progress": 0,
"Start": 1714868363,
"End": 0
}
,
{
"ID": 19657,
"Binary": "DGLTC_LOTTERY",
"State": 1,
"Progress": 0,
"Start": 0,
"End": 0
}
,
{
"ID": 19658,
"Binary": "DGLTC_LOTTERY",
"State": 1,
"Progress": 0,
"Start": 0,
"End": 0
}
,
{
"ID": 19659,
"Binary": "DGLTC_LOTTERY",
"State": 1,
"Progress": 0,
"Start": 0,
"End": 0
}
,
{
"ID": 19660,
"Binary": "DGLTC_LOTTERY",
"State": 1,
"Progress": 0,
"Start": 0,
"End": 0
}
],
"Nodes":[
{
"ID": "ABLACK",
"Class": 1,
"Task": 19638,
"CPUCount": 3,
"LoadAverage": 10.900000,
"TasksCompleted": 168,
"System": 6,
"Enabled": 1
}
,
{
"ID": "AWHITE",
"Class": 1,
"Task": 19634,
"CPUCount": 8,
"LoadAverage": 0.000000,
"TasksCompleted": 178,
"System": 7,
"Enabled": 1
}
,
{
"ID": "PI_SOLAR",
"Class": 1,
"Task": 19636,
"CPUCount": 4,
"LoadAverage": 1.991211,
"TasksCompleted": 161,
"System": 6,
"Enabled": 1
}
,
{
"ID": "J_PROX",
"Class": 1,
"Task": 19652,
"CPUCount": 2,
"LoadAverage": 1.697754,
"TasksCompleted": 755,
"System": 5,
"Enabled": 1
}
,
{
"ID": "J_PROX",
"Class": 1,
"Task": 19654,
"CPUCount": 2,
"LoadAverage": 1.697754,
"TasksCompleted": 725,
"System": 5,
"Enabled": 1
}
,
{
"ID": "GS_EXPLORER",
"Class": 1,
"Task": 19651,
"CPUCount": 1,
"LoadAverage": 1.370000,
"TasksCompleted": 559,
"System": 5,
"Enabled": 1
}
,
{
"ID": "PI_KNS",
"Class": 1,
"Task": 19632,
"CPUCount": 4,
"LoadAverage": 4.470000,
"TasksCompleted": 62,
"System": 6,
"Enabled": 1
}
,
{
"ID": "PI_KNS",
"Class": 1,
"Task": 19637,
"CPUCount": 4,
"LoadAverage": 4.470000,
"TasksCompleted": 62,
"System": 6,
"Enabled": 1
}
,
{
"ID": "LibClient",
"Class": 2,
"Task": 0,
"CPUCount": 1,
"LoadAverage": 1.671387,
"TasksCompleted": 0,
"System": 5,
"Enabled": 1
}
,
{
"ID": "P_PROX",
"Class": 1,
"Task": 19655,
"CPUCount": 2,
"LoadAverage": 1.857910,
"TasksCompleted": 707,
"System": 5,
"Enabled": 1
}
,
{
"ID": "P_PROX",
"Class": 1,
"Task": 19656,
"CPUCount": 2,
"LoadAverage": 1.857910,
"TasksCompleted": 716,
"System": 5,
"Enabled": 1
}
,
{
"ID": "GS_WORK",
"Class": 1,
"Task": 19653,
"CPUCount": 1,
"LoadAverage": 0.160000,
"TasksCompleted": 445,
"System": 5,
"Enabled": 1
}
,
{
"ID": "LibClient",
"Class": 2,
"Task": 0,
"CPUCount": 1,
"LoadAverage": 1.671387,
"TasksCompleted": 0,
"System": 5,
"Enabled": 1
}
]}