{
"CPU": 1.556225,
"Starttime": 1714888439,
"Epoch": 1714948199,
"Version": "0.8",
"Throttled": 18,
"Utilization": 12.500000,
"Connections": 2,
"NodesCount": 8,
"TasksNew": 0,
"TasksCompleted": 10,
"TasksRunning": 1,
"TasksFailed": 10,
"TasksCount": 21,
"Tasks":[
{
"ID": 33170,
"Binary": "BTC_LOTTERY",
"State": 2,
"Progress": 0,
"Start": 1714946675,
"End": 0
}
,
{
"ID": 33471,
"Binary": "DGLTC_LOTTERY",
"State": 3,
"Progress": 100,
"Start": 1714948186,
"End": 1714948188
}
,
{
"ID": 33472,
"Binary": "DGLTC_LOTTERY",
"State": 3,
"Progress": 100,
"Start": 1714948186,
"End": 1714948188
}
,
{
"ID": 33473,
"Binary": "DGLTC_LOTTERY",
"State": 3,
"Progress": 100,
"Start": 1714948186,
"End": 1714948188
}
,
{
"ID": 33474,
"Binary": "DGLTC_LOTTERY",
"State": 3,
"Progress": 100,
"Start": 1714948186,
"End": 1714948188
}
,
{
"ID": 33475,
"Binary": "DGLTC_LOTTERY",
"State": 3,
"Progress": 0,
"Start": 0,
"End": 0
}
,
{
"ID": 33476,
"Binary": "DGLTC_LOTTERY",
"State": 3,
"Progress": 0,
"Start": 0,
"End": 0
}
,
{
"ID": 33477,
"Binary": "DGLTC_LOTTERY",
"State": 3,
"Progress": 100,
"Start": 1714948188,
"End": 1714948190
}
,
{
"ID": 33478,
"Binary": "DGLTC_LOTTERY",
"State": 3,
"Progress": 0,
"Start": 0,
"End": 0
}
,
{
"ID": 33479,
"Binary": "DGLTC_LOTTERY",
"State": 3,
"Progress": 0,
"Start": 0,
"End": 0
}
,
{
"ID": 33480,
"Binary": "DGLTC_LOTTERY",
"State": 3,
"Progress": 100,
"Start": 1714948188,
"End": 1714948190
}
,
{
"ID": 33481,
"Binary": "DGLTC_LOTTERY",
"State": 4,
"Progress": 100,
"Start": 1714948188,
"End": 1714948191
}
,
{
"ID": 33482,
"Binary": "DGLTC_LOTTERY",
"State": 4,
"Progress": 100,
"Start": 1714948193,
"End": 1714948196
}
,
{
"ID": 33483,
"Binary": "DGLTC_LOTTERY",
"State": 4,
"Progress": 100,
"Start": 1714948188,
"End": 1714948191
}
,
{
"ID": 33484,
"Binary": "DGLTC_LOTTERY",
"State": 4,
"Progress": 100,
"Start": 1714948191,
"End": 1714948193
}
,
{
"ID": 33485,
"Binary": "DGLTC_LOTTERY",
"State": 4,
"Progress": 100,
"Start": 1714948191,
"End": 1714948193
}
,
{
"ID": 33486,
"Binary": "DGLTC_LOTTERY",
"State": 4,
"Progress": 100,
"Start": 1714948190,
"End": 1714948192
}
,
{
"ID": 33487,
"Binary": "DGLTC_LOTTERY",
"State": 4,
"Progress": 100,
"Start": 1714948190,
"End": 1714948192
}
,
{
"ID": 33488,
"Binary": "DGLTC_LOTTERY",
"State": 4,
"Progress": 100,
"Start": 1714948192,
"End": 1714948194
}
,
{
"ID": 33489,
"Binary": "DGLTC_LOTTERY",
"State": 4,
"Progress": 100,
"Start": 1714948192,
"End": 1714948194
}
,
{
"ID": 33490,
"Binary": "DGLTC_LOTTERY",
"State": 4,
"Progress": 100,
"Start": 1714948193,
"End": 1714948196
}
],
"Nodes":[
{
"ID": "PI_SOLAR",
"Class": 1,
"Task": 0,
"CPUCount": 4,
"LoadAverage": 0.211426,
"TasksCompleted": 99,
"System": 6,
"Enabled": 1
}
,
{
"ID": "LibClient",
"Class": 2,
"Task": 0,
"CPUCount": 1,
"LoadAverage": 0.029785,
"TasksCompleted": 0,
"System": 5,
"Enabled": 1
}
,
{
"ID": "PI_KNS",
"Class": 1,
"Task": 0,
"CPUCount": 4,
"LoadAverage": 0.390000,
"TasksCompleted": 91,
"System": 6,
"Enabled": 1
}
,
{
"ID": "PI_KNS",
"Class": 1,
"Task": 0,
"CPUCount": 4,
"LoadAverage": 0.390000,
"TasksCompleted": 90,
"System": 6,
"Enabled": 1
}
,
{
"ID": "GS_EXPLORER",
"Class": 1,
"Task": 0,
"CPUCount": 1,
"LoadAverage": 0.310000,
"TasksCompleted": 2075,
"System": 5,
"Enabled": 1
}
,
{
"ID": "GS_WORK",
"Class": 1,
"Task": 0,
"CPUCount": 1,
"LoadAverage": 0.070000,
"TasksCompleted": 1736,
"System": 5,
"Enabled": 1
}
,
{
"ID": "LibClient",
"Class": 2,
"Task": 0,
"CPUCount": 1,
"LoadAverage": 0.032715,
"TasksCompleted": 0,
"System": 5,
"Enabled": 1
}
,
{
"ID": "J_PROX",
"Class": 1,
"Task": 0,
"CPUCount": 2,
"LoadAverage": 0.001465,
"TasksCompleted": 2541,
"System": 5,
"Enabled": 1
}
,
{
"ID": "J_PROX",
"Class": 1,
"Task": 0,
"CPUCount": 2,
"LoadAverage": 0.001465,
"TasksCompleted": 2506,
"System": 5,
"Enabled": 1
}
,
{
"ID": "ABLACK",
"Class": 1,
"Task": 33170,
"CPUCount": 4,
"LoadAverage": 12.110000,
"TasksCompleted": 6,
"System": 6,
"Enabled": 1
}
]}