{
"CPU": 39.251301,
"Starttime": 1714648137,
"Epoch": 1714730343,
"Version": "0.8",
"Utilization": 28.571430,
"Connections": 3,
"NodesCount": 14,
"TasksNew": 0,
"TasksCompleted": 16,
"TasksRunning": 4,
"TasksFailed": 0,
"TasksCount": 20,
"Tasks":[
{
"ID": 12951,
"Binary": "HELIUM_MNEMONICS",
"State": 4,
"Progress": 100,
"Start": 1714730270,
"End": 1714730325
}
,
{
"ID": 12952,
"Binary": "HELIUM_MNEMONICS",
"State": 4,
"Progress": 100,
"Start": 1714730270,
"End": 1714730302
}
,
{
"ID": 12953,
"Binary": "HELIUM_MNEMONICS",
"State": 4,
"Progress": 100,
"Start": 1714730270,
"End": 1714730320
}
,
{
"ID": 12954,
"Binary": "HELIUM_MNEMONICS",
"State": 2,
"Progress": 0,
"Start": 1714730270,
"End": 0
}
,
{
"ID": 12955,
"Binary": "HELIUM_MNEMONICS",
"State": 4,
"Progress": 100,
"Start": 1714730270,
"End": 1714730317
}
,
{
"ID": 12956,
"Binary": "HELIUM_MNEMONICS",
"State": 2,
"Progress": 0,
"Start": 1714730270,
"End": 0
}
,
{
"ID": 12957,
"Binary": "HELIUM_MNEMONICS",
"State": 2,
"Progress": 0,
"Start": 1714730270,
"End": 0
}
,
{
"ID": 12958,
"Binary": "HELIUM_MNEMONICS",
"State": 4,
"Progress": 100,
"Start": 1714730270,
"End": 1714730302
}
,
{
"ID": 12959,
"Binary": "HELIUM_MNEMONICS",
"State": 4,
"Progress": 100,
"Start": 1714730270,
"End": 1714730317
}
,
{
"ID": 12960,
"Binary": "HELIUM_MNEMONICS",
"State": 2,
"Progress": 0,
"Start": 1714730270,
"End": 0
}
,
{
"ID": 12961,
"Binary": "DGLTC_LOTTERY",
"State": 4,
"Progress": 100,
"Start": 1714730329,
"End": 1714730341
}
,
{
"ID": 12962,
"Binary": "DGLTC_LOTTERY",
"State": 4,
"Progress": 100,
"Start": 1714730312,
"End": 1714730322
}
,
{
"ID": 12963,
"Binary": "DGLTC_LOTTERY",
"State": 4,
"Progress": 100,
"Start": 1714730322,
"End": 1714730332
}
,
{
"ID": 12964,
"Binary": "DGLTC_LOTTERY",
"State": 4,
"Progress": 100,
"Start": 1714730317,
"End": 1714730329
}
,
{
"ID": 12965,
"Binary": "DGLTC_LOTTERY",
"State": 4,
"Progress": 100,
"Start": 1714730302,
"End": 1714730312
}
,
{
"ID": 12966,
"Binary": "DGLTC_LOTTERY",
"State": 4,
"Progress": 100,
"Start": 1714730312,
"End": 1714730323
}
,
{
"ID": 12967,
"Binary": "DGLTC_LOTTERY",
"State": 4,
"Progress": 100,
"Start": 1714730332,
"End": 1714730338
}
,
{
"ID": 12968,
"Binary": "DGLTC_LOTTERY",
"State": 4,
"Progress": 100,
"Start": 1714730323,
"End": 1714730333
}
,
{
"ID": 12969,
"Binary": "DGLTC_LOTTERY",
"State": 4,
"Progress": 100,
"Start": 1714730302,
"End": 1714730312
}
,
{
"ID": 12970,
"Binary": "DGLTC_LOTTERY",
"State": 4,
"Progress": 100,
"Start": 1714730320,
"End": 1714730334
}
],
"Nodes":[
{
"ID": "PI_GRIDMAN",
"Class": 1,
"Task": 0,
"CPUCount": 4,
"LoadAverage": 2.075684,
"TasksCompleted": 224,
"System": 6,
"Enabled": 1
}
,
{
"ID": "J_PROX",
"Class": 1,
"Task": 0,
"CPUCount": 2,
"LoadAverage": 3.006348,
"TasksCompleted": 1421,
"System": 5,
"Enabled": 1
}
,
{
"ID": "GS_WORK",
"Class": 1,
"Task": 0,
"CPUCount": 1,
"LoadAverage": 1.540000,
"TasksCompleted": 1179,
"System": 5,
"Enabled": 1
}
,
{
"ID": "PI_WIFI",
"Class": 1,
"Task": 12954,
"CPUCount": 4,
"LoadAverage": 5.180000,
"TasksCompleted": 98,
"System": 6,
"Enabled": 1
}
,
{
"ID": "AWHITE",
"Class": 1,
"Task": 0,
"CPUCount": 8,
"LoadAverage": 0.000000,
"TasksCompleted": 101,
"System": 7,
"Enabled": 1
}
,
{
"ID": "PI_WIFI",
"Class": 1,
"Task": 12956,
"CPUCount": 4,
"LoadAverage": 5.110000,
"TasksCompleted": 83,
"System": 6,
"Enabled": 1
}
,
{
"ID": "ABLACK",
"Class": 1,
"Task": 12957,
"CPUCount": 3,
"LoadAverage": 10.530000,
"TasksCompleted": 77,
"System": 6,
"Enabled": 1
}
,
{
"ID": "LibClient",
"Class": 2,
"Task": 0,
"CPUCount": 4,
"LoadAverage": 2.075684,
"TasksCompleted": 0,
"System": 6,
"Enabled": 1
}
,
{
"ID": "LibClient",
"Class": 2,
"Task": 0,
"CPUCount": 8,
"LoadAverage": 1.147461,
"TasksCompleted": 0,
"System": 5,
"Enabled": 1
}
,
{
"ID": "J_PROX",
"Class": 1,
"Task": 0,
"CPUCount": 2,
"LoadAverage": 3.006348,
"TasksCompleted": 346,
"System": 5,
"Enabled": 1
}
,
{
"ID": "GS_EXPLORER",
"Class": 1,
"Task": 0,
"CPUCount": 1,
"LoadAverage": 1.670000,
"TasksCompleted": 273,
"System": 5,
"Enabled": 1
}
,
{
"ID": "PI_WIFI",
"Class": 1,
"Task": 12960,
"CPUCount": 4,
"LoadAverage": 5.110000,
"TasksCompleted": 38,
"System": 6,
"Enabled": 1
}
,
{
"ID": "PI_SOLAR",
"Class": 1,
"Task": 0,
"CPUCount": 4,
"LoadAverage": 0.602051,
"TasksCompleted": 19,
"System": 6,
"Enabled": 1
}
,
{
"ID": "PI_KNS",
"Class": 1,
"Task": 0,
"CPUCount": 4,
"LoadAverage": 1.470000,
"TasksCompleted": 18,
"System": 6,
"Enabled": 1
}
,
{
"ID": "PI_KNS",
"Class": 1,
"Task": 0,
"CPUCount": 4,
"LoadAverage": 1.470000,
"TasksCompleted": 16,
"System": 6,
"Enabled": 1
}
,
{
"ID": "LibClient",
"Class": 2,
"Task": 0,
"CPUCount": 8,
"LoadAverage": 1.147461,
"TasksCompleted": 0,
"System": 5,
"Enabled": 1
}
,
{
"ID": "IMAC1",
"Class": 1,
"Task": 0,
"CPUCount": 8,
"LoadAverage": 1.607910,
"TasksCompleted": 20,
"System": 3,
"Enabled": 1
}
]}