{
"CPU": 72.787979,
"Starttime": 1714751364,
"Epoch": 1714775964,
"Version": "0.8",
"Throttled": 2,
"Utilization": 38.461540,
"Connections": 2,
"NodesCount": 13,
"TasksNew": 0,
"TasksCompleted": 24,
"TasksRunning": 5,
"TasksFailed": 0,
"TasksCount": 29,
"Tasks":[
{
"ID": 3121,
"Binary": "BTC_LOTTERY",
"State": 2,
"Progress": 0,
"Start": 1714775869,
"End": 0
}
,
{
"ID": 3123,
"Binary": "BTC_LOTTERY",
"State": 2,
"Progress": 0,
"Start": 1714775869,
"End": 0
}
,
{
"ID": 3124,
"Binary": "BTC_LOTTERY",
"State": 4,
"Progress": 100,
"Start": 1714775869,
"End": 1714775939
}
,
{
"ID": 3125,
"Binary": "BTC_LOTTERY",
"State": 4,
"Progress": 100,
"Start": 1714775869,
"End": 1714775910
}
,
{
"ID": 3126,
"Binary": "BTC_LOTTERY",
"State": 2,
"Progress": 0,
"Start": 1714775869,
"End": 0
}
,
{
"ID": 3127,
"Binary": "BTC_LOTTERY",
"State": 2,
"Progress": 0,
"Start": 1714775869,
"End": 0
}
,
{
"ID": 3128,
"Binary": "BTC_LOTTERY",
"State": 4,
"Progress": 100,
"Start": 1714775869,
"End": 1714775939
}
,
{
"ID": 3129,
"Binary": "BTC_LOTTERY",
"State": 4,
"Progress": 100,
"Start": 1714775869,
"End": 1714775947
}
,
{
"ID": 3130,
"Binary": "BTC_LOTTERY",
"State": 2,
"Progress": 0,
"Start": 1714775869,
"End": 0
}
,
{
"ID": 3131,
"Binary": "DGLTC_LOTTERY",
"State": 4,
"Progress": 100,
"Start": 1714775918,
"End": 1714775920
}
,
{
"ID": 3132,
"Binary": "DGLTC_LOTTERY",
"State": 4,
"Progress": 100,
"Start": 1714775918,
"End": 1714775921
}
,
{
"ID": 3133,
"Binary": "DGLTC_LOTTERY",
"State": 4,
"Progress": 100,
"Start": 1714775918,
"End": 1714775920
}
,
{
"ID": 3134,
"Binary": "DGLTC_LOTTERY",
"State": 4,
"Progress": 100,
"Start": 1714775918,
"End": 1714775921
}
,
{
"ID": 3135,
"Binary": "DGLTC_LOTTERY",
"State": 4,
"Progress": 100,
"Start": 1714775918,
"End": 1714775921
}
,
{
"ID": 3136,
"Binary": "DGLTC_LOTTERY",
"State": 4,
"Progress": 100,
"Start": 1714775921,
"End": 1714775924
}
,
{
"ID": 3137,
"Binary": "DGLTC_LOTTERY",
"State": 4,
"Progress": 100,
"Start": 1714775921,
"End": 1714775925
}
,
{
"ID": 3138,
"Binary": "DGLTC_LOTTERY",
"State": 4,
"Progress": 100,
"Start": 1714775921,
"End": 1714775925
}
,
{
"ID": 3139,
"Binary": "DGLTC_LOTTERY",
"State": 4,
"Progress": 100,
"Start": 1714775920,
"End": 1714775923
}
,
{
"ID": 3140,
"Binary": "DGLTC_LOTTERY",
"State": 4,
"Progress": 100,
"Start": 1714775920,
"End": 1714775922
}
,
{
"ID": 3141,
"Binary": "DGLTC_LOTTERY",
"State": 4,
"Progress": 100,
"Start": 1714775942,
"End": 1714775944
}
,
{
"ID": 3142,
"Binary": "DGLTC_LOTTERY",
"State": 4,
"Progress": 100,
"Start": 1714775942,
"End": 1714775943
}
,
{
"ID": 3143,
"Binary": "DGLTC_LOTTERY",
"State": 4,
"Progress": 100,
"Start": 1714775942,
"End": 1714775945
}
,
{
"ID": 3144,
"Binary": "DGLTC_LOTTERY",
"State": 4,
"Progress": 100,
"Start": 1714775942,
"End": 1714775945
}
,
{
"ID": 3145,
"Binary": "DGLTC_LOTTERY",
"State": 4,
"Progress": 100,
"Start": 1714775942,
"End": 1714775945
}
,
{
"ID": 3146,
"Binary": "DGLTC_LOTTERY",
"State": 4,
"Progress": 100,
"Start": 1714775942,
"End": 1714775945
}
,
{
"ID": 3147,
"Binary": "DGLTC_LOTTERY",
"State": 4,
"Progress": 100,
"Start": 1714775942,
"End": 1714775945
}
,
{
"ID": 3148,
"Binary": "DGLTC_LOTTERY",
"State": 4,
"Progress": 100,
"Start": 1714775943,
"End": 1714775945
}
,
{
"ID": 3149,
"Binary": "DGLTC_LOTTERY",
"State": 4,
"Progress": 100,
"Start": 1714775945,
"End": 1714775947
}
,
{
"ID": 3150,
"Binary": "DGLTC_LOTTERY",
"State": 4,
"Progress": 100,
"Start": 1714775944,
"End": 1714775946
}
],
"Nodes":[
{
"ID": "ABLACK",
"Class": 1,
"Task": 3121,
"CPUCount": 3,
"LoadAverage": 10.510000,
"TasksCompleted": 22,
"System": 6,
"Enabled": 1
}
,
{
"ID": "AWHITE",
"Class": 1,
"Task": 3126,
"CPUCount": 8,
"LoadAverage": 0.000000,
"TasksCompleted": 23,
"System": 7,
"Enabled": 1
}
,
{
"ID": "J_PROX",
"Class": 1,
"Task": 0,
"CPUCount": 2,
"LoadAverage": 2.001953,
"TasksCompleted": 345,
"System": 5,
"Enabled": 1
}
,
{
"ID": "J_PROX",
"Class": 1,
"Task": 0,
"CPUCount": 2,
"LoadAverage": 2.001953,
"TasksCompleted": 342,
"System": 5,
"Enabled": 1
}
,
{
"ID": "GS_WORK",
"Class": 1,
"Task": 0,
"CPUCount": 1,
"LoadAverage": 0.220000,
"TasksCompleted": 203,
"System": 5,
"Enabled": 1
}
,
{
"ID": "GS_EXPLORER",
"Class": 1,
"Task": 0,
"CPUCount": 1,
"LoadAverage": 0.340000,
"TasksCompleted": 213,
"System": 5,
"Enabled": 1
}
,
{
"ID": "PI_KNS",
"Class": 1,
"Task": 3123,
"CPUCount": 4,
"LoadAverage": 3.490000,
"TasksCompleted": 26,
"System": 6,
"Enabled": 1
}
,
{
"ID": "PI_KNS",
"Class": 1,
"Task": 3127,
"CPUCount": 4,
"LoadAverage": 3.490000,
"TasksCompleted": 24,
"System": 6,
"Enabled": 1
}
,
{
"ID": "PI_SOLAR",
"Class": 1,
"Task": 3130,
"CPUCount": 4,
"LoadAverage": 1.753418,
"TasksCompleted": 16,
"System": 6,
"Enabled": 1
}
,
{
"ID": "LibClient",
"Class": 2,
"Task": 0,
"CPUCount": 1,
"LoadAverage": 1.681641,
"TasksCompleted": 0,
"System": 5,
"Enabled": 1
}
,
{
"ID": "LibClient",
"Class": 2,
"Task": 0,
"CPUCount": 1,
"LoadAverage": 1.828125,
"TasksCompleted": 0,
"System": 5,
"Enabled": 1
}
,
{
"ID": "DELL1",
"Class": 1,
"Task": 0,
"CPUCount": 8,
"LoadAverage": 2.006836,
"TasksCompleted": 190,
"System": 5,
"Enabled": 1
}
,
{
"ID": "P_PROX",
"Class": 1,
"Task": 0,
"CPUCount": 2,
"LoadAverage": 1.681641,
"TasksCompleted": 78,
"System": 5,
"Enabled": 1
}
,
{
"ID": "P_PROX",
"Class": 1,
"Task": 0,
"CPUCount": 1,
"LoadAverage": 1.681641,
"TasksCompleted": 63,
"System": 5,
"Enabled": 1
}
,
{
"ID": "P_PROX",
"Class": 1,
"Task": 0,
"CPUCount": 2,
"LoadAverage": 1.681641,
"TasksCompleted": 80,
"System": 5,
"Enabled": 1
}
]}