{
"CPU": 1.573222,
"Starttime": 1714888439,
"Epoch": 1714984799,
"Version": "0.8",
"Throttled": 21,
"Utilization": 0.000000,
"Connections": 2,
"NodesCount": 8,
"TasksNew": 0,
"TasksCompleted": 20,
"TasksRunning": 0,
"TasksFailed": 0,
"TasksCount": 20,
"Tasks":[
{
"ID": 40081,
"Binary": "DGLTC_LOTTERY",
"State": 4,
"Progress": 100,
"Start": 1714984749,
"End": 1714984752
}
,
{
"ID": 40082,
"Binary": "DGLTC_LOTTERY",
"State": 4,
"Progress": 100,
"Start": 1714984749,
"End": 1714984752
}
,
{
"ID": 40083,
"Binary": "DGLTC_LOTTERY",
"State": 4,
"Progress": 100,
"Start": 1714984750,
"End": 1714984752
}
,
{
"ID": 40084,
"Binary": "DGLTC_LOTTERY",
"State": 4,
"Progress": 100,
"Start": 1714984750,
"End": 1714984752
}
,
{
"ID": 40085,
"Binary": "DGLTC_LOTTERY",
"State": 4,
"Progress": 100,
"Start": 1714984754,
"End": 1714984756
}
,
{
"ID": 40086,
"Binary": "DGLTC_LOTTERY",
"State": 4,
"Progress": 100,
"Start": 1714984752,
"End": 1714984754
}
,
{
"ID": 40087,
"Binary": "DGLTC_LOTTERY",
"State": 4,
"Progress": 100,
"Start": 1714984752,
"End": 1714984754
}
,
{
"ID": 40088,
"Binary": "DGLTC_LOTTERY",
"State": 4,
"Progress": 100,
"Start": 1714984752,
"End": 1714984755
}
,
{
"ID": 40089,
"Binary": "DGLTC_LOTTERY",
"State": 4,
"Progress": 100,
"Start": 1714984752,
"End": 1714984755
}
,
{
"ID": 40090,
"Binary": "DGLTC_LOTTERY",
"State": 4,
"Progress": 100,
"Start": 1714984754,
"End": 1714984756
}
,
{
"ID": 40091,
"Binary": "DGLTC_LOTTERY",
"State": 4,
"Progress": 100,
"Start": 1714984765,
"End": 1714984767
}
,
{
"ID": 40092,
"Binary": "DGLTC_LOTTERY",
"State": 4,
"Progress": 100,
"Start": 1714984765,
"End": 1714984768
}
,
{
"ID": 40093,
"Binary": "DGLTC_LOTTERY",
"State": 4,
"Progress": 100,
"Start": 1714984765,
"End": 1714984767
}
,
{
"ID": 40094,
"Binary": "DGLTC_LOTTERY",
"State": 4,
"Progress": 100,
"Start": 1714984765,
"End": 1714984768
}
,
{
"ID": 40095,
"Binary": "DGLTC_LOTTERY",
"State": 4,
"Progress": 100,
"Start": 1714984767,
"End": 1714984770
}
,
{
"ID": 40096,
"Binary": "DGLTC_LOTTERY",
"State": 4,
"Progress": 100,
"Start": 1714984768,
"End": 1714984770
}
,
{
"ID": 40097,
"Binary": "DGLTC_LOTTERY",
"State": 4,
"Progress": 100,
"Start": 1714984770,
"End": 1714984772
}
,
{
"ID": 40098,
"Binary": "DGLTC_LOTTERY",
"State": 4,
"Progress": 100,
"Start": 1714984770,
"End": 1714984772
}
,
{
"ID": 40099,
"Binary": "DGLTC_LOTTERY",
"State": 4,
"Progress": 100,
"Start": 1714984768,
"End": 1714984770
}
,
{
"ID": 40100,
"Binary": "DGLTC_LOTTERY",
"State": 4,
"Progress": 100,
"Start": 1714984767,
"End": 1714984770
}
],
"Nodes":[
{
"ID": "PI_SOLAR",
"Class": 1,
"Task": 0,
"CPUCount": 4,
"LoadAverage": 0.206543,
"TasksCompleted": 222,
"System": 6,
"Enabled": 1
}
,
{
"ID": "LibClient",
"Class": 2,
"Task": 0,
"CPUCount": 1,
"LoadAverage": 0.099121,
"TasksCompleted": 0,
"System": 5,
"Enabled": 1
}
,
{
"ID": "GS_EXPLORER",
"Class": 1,
"Task": 0,
"CPUCount": 1,
"LoadAverage": 0.300000,
"TasksCompleted": 3248,
"System": 5,
"Enabled": 1
}
,
{
"ID": "GS_WORK",
"Class": 1,
"Task": 0,
"CPUCount": 1,
"LoadAverage": 0.020000,
"TasksCompleted": 2870,
"System": 5,
"Enabled": 1
}
,
{
"ID": "LibClient",
"Class": 2,
"Task": 0,
"CPUCount": 1,
"LoadAverage": 0.099121,
"TasksCompleted": 0,
"System": 5,
"Enabled": 1
}
,
{
"ID": "J_PROX",
"Class": 1,
"Task": 0,
"CPUCount": 2,
"LoadAverage": 0.321777,
"TasksCompleted": 4120,
"System": 5,
"Enabled": 1
}
,
{
"ID": "J_PROX",
"Class": 1,
"Task": 0,
"CPUCount": 2,
"LoadAverage": 0.321777,
"TasksCompleted": 4116,
"System": 5,
"Enabled": 1
}
,
{
"ID": "PI_KNS",
"Class": 1,
"Task": 0,
"CPUCount": 4,
"LoadAverage": 0.520000,
"TasksCompleted": 48,
"System": 6,
"Enabled": 1
}
,
{
"ID": "PI_KNS",
"Class": 1,
"Task": 0,
"CPUCount": 4,
"LoadAverage": 0.520000,
"TasksCompleted": 48,
"System": 6,
"Enabled": 1
}
,
{
"ID": "ABLACK",
"Class": 1,
"Task": 0,
"CPUCount": 0,
"LoadAverage": 0.000000,
"TasksCompleted": 0,
"System": 6,
"Enabled": 1
}
]}