{
"CPU": 1.583269,
"Starttime": 1714648137,
"Epoch": 1714696800,
"Version": "0.8",
"Utilization": 18.750000,
"Connections": 2,
"NodesCount": 16,
"TasksNew": 0,
"TasksCompleted": 12,
"TasksRunning": 3,
"TasksFailed": 17,
"TasksCount": 32,
"Tasks":[
{
"ID": 6825,
"Binary": "BTC_LOTTERY",
"State": 2,
"Progress": 0,
"Start": 1714696518,
"End": 0
}
,
{
"ID": 6830,
"Binary": "BTC_LOTTERY",
"State": 2,
"Progress": 0,
"Start": 1714696518,
"End": 0
}
,
{
"ID": 6861,
"Binary": "DGLTC_LOTTERY",
"State": 3,
"Progress": 100,
"Start": 1714696770,
"End": 1714696774
}
,
{
"ID": 6862,
"Binary": "DGLTC_LOTTERY",
"State": 3,
"Progress": 100,
"Start": 1714696770,
"End": 1714696778
}
,
{
"ID": 6863,
"Binary": "DGLTC_LOTTERY",
"State": 3,
"Progress": 100,
"Start": 1714696770,
"End": 1714696778
}
,
{
"ID": 6864,
"Binary": "DGLTC_LOTTERY",
"State": 3,
"Progress": 100,
"Start": 1714696770,
"End": 1714696775
}
,
{
"ID": 6865,
"Binary": "DGLTC_LOTTERY",
"State": 3,
"Progress": 100,
"Start": 1714696770,
"End": 1714696774
}
,
{
"ID": 6866,
"Binary": "DGLTC_LOTTERY",
"State": 3,
"Progress": 100,
"Start": 1714696770,
"End": 1714696778
}
,
{
"ID": 6867,
"Binary": "DGLTC_LOTTERY",
"State": 3,
"Progress": 100,
"Start": 1714696770,
"End": 1714696778
}
,
{
"ID": 6868,
"Binary": "DGLTC_LOTTERY",
"State": 3,
"Progress": 100,
"Start": 1714696774,
"End": 1714696778
}
,
{
"ID": 6869,
"Binary": "DGLTC_LOTTERY",
"State": 3,
"Progress": 100,
"Start": 1714696775,
"End": 1714696778
}
,
{
"ID": 6870,
"Binary": "DGLTC_LOTTERY",
"State": 3,
"Progress": 100,
"Start": 1714696774,
"End": 1714696778
}
,
{
"ID": 6871,
"Binary": "DGLTC_LOTTERY",
"State": 3,
"Progress": 100,
"Start": 1714696778,
"End": 1714696785
}
,
{
"ID": 6872,
"Binary": "DGLTC_LOTTERY",
"State": 4,
"Progress": 100,
"Start": 1714696778,
"End": 1714696785
}
,
{
"ID": 6873,
"Binary": "DGLTC_LOTTERY",
"State": 3,
"Progress": 100,
"Start": 1714696778,
"End": 1714696785
}
,
{
"ID": 6874,
"Binary": "DGLTC_LOTTERY",
"State": 4,
"Progress": 100,
"Start": 1714696778,
"End": 1714696785
}
,
{
"ID": 6875,
"Binary": "DGLTC_LOTTERY",
"State": 4,
"Progress": 100,
"Start": 1714696778,
"End": 1714696785
}
,
{
"ID": 6876,
"Binary": "DGLTC_LOTTERY",
"State": 3,
"Progress": 100,
"Start": 1714696778,
"End": 1714696785
}
,
{
"ID": 6877,
"Binary": "DGLTC_LOTTERY",
"State": 3,
"Progress": 100,
"Start": 1714696778,
"End": 1714696785
}
,
{
"ID": 6878,
"Binary": "DGLTC_LOTTERY",
"State": 3,
"Progress": 0,
"Start": 0,
"End": 0
}
,
{
"ID": 6879,
"Binary": "DGLTC_LOTTERY",
"State": 3,
"Progress": 0,
"Start": 0,
"End": 0
}
,
{
"ID": 6880,
"Binary": "DGLTC_LOTTERY",
"State": 3,
"Progress": 0,
"Start": 0,
"End": 0
}
,
{
"ID": 6881,
"Binary": "DGLTC_LOTTERY",
"State": 4,
"Progress": 100,
"Start": 1714696785,
"End": 1714696789
}
,
{
"ID": 6882,
"Binary": "DGLTC_LOTTERY",
"State": 4,
"Progress": 100,
"Start": 1714696785,
"End": 1714696796
}
,
{
"ID": 6883,
"Binary": "DGLTC_LOTTERY",
"State": 4,
"Progress": 100,
"Start": 1714696785,
"End": 1714696796
}
,
{
"ID": 6884,
"Binary": "DGLTC_LOTTERY",
"State": 4,
"Progress": 100,
"Start": 1714696785,
"End": 1714696790
}
,
{
"ID": 6885,
"Binary": "DGLTC_LOTTERY",
"State": 4,
"Progress": 100,
"Start": 1714696785,
"End": 1714696791
}
,
{
"ID": 6886,
"Binary": "DGLTC_LOTTERY",
"State": 2,
"Progress": 0,
"Start": 1714696785,
"End": 0
}
,
{
"ID": 6887,
"Binary": "DGLTC_LOTTERY",
"State": 4,
"Progress": 100,
"Start": 1714696785,
"End": 1714696798
}
,
{
"ID": 6888,
"Binary": "DGLTC_LOTTERY",
"State": 4,
"Progress": 100,
"Start": 1714696791,
"End": 1714696795
}
,
{
"ID": 6889,
"Binary": "DGLTC_LOTTERY",
"State": 4,
"Progress": 100,
"Start": 1714696789,
"End": 1714696793
}
,
{
"ID": 6890,
"Binary": "DGLTC_LOTTERY",
"State": 4,
"Progress": 100,
"Start": 1714696790,
"End": 1714696795
}
],
"Nodes":[
{
"ID": "PI_GRIDMAN",
"Class": 1,
"Task": 0,
"CPUCount": 4,
"LoadAverage": 1.071289,
"TasksCompleted": 147,
"System": 6,
"Enabled": 1
}
,
{
"ID": "DELL2",
"Class": 1,
"Task": 0,
"CPUCount": 8,
"LoadAverage": 2.259766,
"TasksCompleted": 1201,
"System": 5,
"Enabled": 1
}
,
{
"ID": "J_PROX",
"Class": 1,
"Task": 0,
"CPUCount": 2,
"LoadAverage": 1.366211,
"TasksCompleted": 606,
"System": 5,
"Enabled": 1
}
,
{
"ID": "J_PROX",
"Class": 1,
"Task": 0,
"CPUCount": 2,
"LoadAverage": 1.366211,
"TasksCompleted": 606,
"System": 5,
"Enabled": 1
}
,
{
"ID": "PI_SOLAR",
"Class": 1,
"Task": 6825,
"CPUCount": 4,
"LoadAverage": 2.134277,
"TasksCompleted": 138,
"System": 6,
"Enabled": 1
}
,
{
"ID": "DELL1",
"Class": 1,
"Task": 0,
"CPUCount": 8,
"LoadAverage": 2.259766,
"TasksCompleted": 1166,
"System": 5,
"Enabled": 1
}
,
{
"ID": "DELL",
"Class": 1,
"Task": 0,
"CPUCount": 8,
"LoadAverage": 2.259766,
"TasksCompleted": 1168,
"System": 5,
"Enabled": 1
}
,
{
"ID": "GS_WORK",
"Class": 1,
"Task": 6886,
"CPUCount": 1,
"LoadAverage": 1.210000,
"TasksCompleted": 558,
"System": 5,
"Enabled": 1
}
,
{
"ID": "GS_EXPLORER",
"Class": 1,
"Task": 0,
"CPUCount": 1,
"LoadAverage": 0.930000,
"TasksCompleted": 586,
"System": 5,
"Enabled": 1
}
,
{
"ID": "PI_KNS",
"Class": 1,
"Task": 6830,
"CPUCount": 4,
"LoadAverage": 2.510000,
"TasksCompleted": 144,
"System": 6,
"Enabled": 1
}
,
{
"ID": "PI_KNS",
"Class": 1,
"Task": 0,
"CPUCount": 4,
"LoadAverage": 2.510000,
"TasksCompleted": 46,
"System": 6,
"Enabled": 1
}
,
{
"ID": "PI_WIFI",
"Class": 1,
"Task": 0,
"CPUCount": 4,
"LoadAverage": 0.250000,
"TasksCompleted": 45,
"System": 6,
"Enabled": 1
}
,
{
"ID": "AWHITE",
"Class": 1,
"Task": 0,
"CPUCount": 8,
"LoadAverage": 0.000000,
"TasksCompleted": 41,
"System": 7,
"Enabled": 1
}
,
{
"ID": "PI_WIFI",
"Class": 1,
"Task": 0,
"CPUCount": 4,
"LoadAverage": 0.250000,
"TasksCompleted": 37,
"System": 6,
"Enabled": 1
}
,
{
"ID": "PI_WIFI",
"Class": 1,
"Task": 0,
"CPUCount": 4,
"LoadAverage": 0.250000,
"TasksCompleted": 33,
"System": 6,
"Enabled": 1
}
,
{
"ID": "ABLACK",
"Class": 1,
"Task": 0,
"CPUCount": 1,
"LoadAverage": 9.120000,
"TasksCompleted": 31,
"System": 6,
"Enabled": 1
}
,
{
"ID": "LibClient",
"Class": 2,
"Task": 0,
"CPUCount": 4,
"LoadAverage": 0.985352,
"TasksCompleted": 0,
"System": 6,
"Enabled": 1
}
,
{
"ID": "LibClient",
"Class": 2,
"Task": 0,
"CPUCount": 8,
"LoadAverage": 2.078613,
"TasksCompleted": 0,
"System": 5,
"Enabled": 1
}
]}