{
"CPU": 13.447064,
"Starttime": 1714751364,
"Epoch": 1714836564,
"Version": "0.8",
"Throttled": 8,
"Utilization": 25.000000,
"Connections": 2,
"NodesCount": 12,
"TasksNew": 0,
"TasksCompleted": 20,
"TasksRunning": 3,
"TasksFailed": 0,
"TasksCount": 23,
"Tasks":[
{
"ID": 13834,
"Binary": "BTC_LOTTERY",
"State": 2,
"Progress": 0,
"Start": 1714836139,
"End": 0
}
,
{
"ID": 13839,
"Binary": "BTC_LOTTERY",
"State": 2,
"Progress": 0,
"Start": 1714836139,
"End": 0
}
,
{
"ID": 13840,
"Binary": "BTC_LOTTERY",
"State": 2,
"Progress": 0,
"Start": 1714836139,
"End": 0
}
,
{
"ID": 13931,
"Binary": "DGLTC_LOTTERY",
"State": 4,
"Progress": 100,
"Start": 1714836504,
"End": 1714836506
}
,
{
"ID": 13932,
"Binary": "DGLTC_LOTTERY",
"State": 4,
"Progress": 100,
"Start": 1714836504,
"End": 1714836508
}
,
{
"ID": 13933,
"Binary": "DGLTC_LOTTERY",
"State": 4,
"Progress": 100,
"Start": 1714836504,
"End": 1714836508
}
,
{
"ID": 13934,
"Binary": "DGLTC_LOTTERY",
"State": 4,
"Progress": 100,
"Start": 1714836504,
"End": 1714836507
}
,
{
"ID": 13935,
"Binary": "DGLTC_LOTTERY",
"State": 4,
"Progress": 100,
"Start": 1714836504,
"End": 1714836507
}
,
{
"ID": 13936,
"Binary": "DGLTC_LOTTERY",
"State": 4,
"Progress": 100,
"Start": 1714836504,
"End": 1714836507
}
,
{
"ID": 13937,
"Binary": "DGLTC_LOTTERY",
"State": 4,
"Progress": 100,
"Start": 1714836504,
"End": 1714836507
}
,
{
"ID": 13938,
"Binary": "DGLTC_LOTTERY",
"State": 4,
"Progress": 100,
"Start": 1714836507,
"End": 1714836510
}
,
{
"ID": 13939,
"Binary": "DGLTC_LOTTERY",
"State": 4,
"Progress": 100,
"Start": 1714836506,
"End": 1714836508
}
,
{
"ID": 13940,
"Binary": "DGLTC_LOTTERY",
"State": 4,
"Progress": 100,
"Start": 1714836507,
"End": 1714836509
}
,
{
"ID": 13941,
"Binary": "DGLTC_LOTTERY",
"State": 4,
"Progress": 100,
"Start": 1714836514,
"End": 1714836517
}
,
{
"ID": 13942,
"Binary": "DGLTC_LOTTERY",
"State": 4,
"Progress": 100,
"Start": 1714836514,
"End": 1714836517
}
,
{
"ID": 13943,
"Binary": "DGLTC_LOTTERY",
"State": 4,
"Progress": 100,
"Start": 1714836514,
"End": 1714836518
}
,
{
"ID": 13944,
"Binary": "DGLTC_LOTTERY",
"State": 4,
"Progress": 100,
"Start": 1714836514,
"End": 1714836516
}
,
{
"ID": 13945,
"Binary": "DGLTC_LOTTERY",
"State": 4,
"Progress": 100,
"Start": 1714836514,
"End": 1714836517
}
,
{
"ID": 13946,
"Binary": "DGLTC_LOTTERY",
"State": 4,
"Progress": 100,
"Start": 1714836514,
"End": 1714836516
}
,
{
"ID": 13947,
"Binary": "DGLTC_LOTTERY",
"State": 4,
"Progress": 100,
"Start": 1714836514,
"End": 1714836517
}
,
{
"ID": 13948,
"Binary": "DGLTC_LOTTERY",
"State": 4,
"Progress": 100,
"Start": 1714836516,
"End": 1714836518
}
,
{
"ID": 13949,
"Binary": "DGLTC_LOTTERY",
"State": 4,
"Progress": 100,
"Start": 1714836516,
"End": 1714836519
}
,
{
"ID": 13950,
"Binary": "DGLTC_LOTTERY",
"State": 4,
"Progress": 100,
"Start": 1714836517,
"End": 1714836520
}
],
"Nodes":[
{
"ID": "ABLACK",
"Class": 1,
"Task": 0,
"CPUCount": 1,
"LoadAverage": 9.120000,
"TasksCompleted": 109,
"System": 6,
"Enabled": 1
}
,
{
"ID": "AWHITE",
"Class": 1,
"Task": 0,
"CPUCount": 8,
"LoadAverage": 0.000000,
"TasksCompleted": 113,
"System": 7,
"Enabled": 1
}
,
{
"ID": "PI_SOLAR",
"Class": 1,
"Task": 13840,
"CPUCount": 4,
"LoadAverage": 2.110352,
"TasksCompleted": 103,
"System": 6,
"Enabled": 1
}
,
{
"ID": "LibClient",
"Class": 2,
"Task": 0,
"CPUCount": 1,
"LoadAverage": 0.158203,
"TasksCompleted": 0,
"System": 5,
"Enabled": 1
}
,
{
"ID": "LibClient",
"Class": 2,
"Task": 0,
"CPUCount": 1,
"LoadAverage": 0.158203,
"TasksCompleted": 0,
"System": 5,
"Enabled": 1
}
,
{
"ID": "DELL1",
"Class": 1,
"Task": 0,
"CPUCount": 8,
"LoadAverage": 1.149414,
"TasksCompleted": 2885,
"System": 5,
"Enabled": 1
}
,
{
"ID": "J_PROX",
"Class": 1,
"Task": 0,
"CPUCount": 2,
"LoadAverage": 0.093750,
"TasksCompleted": 206,
"System": 5,
"Enabled": 1
}
,
{
"ID": "J_PROX",
"Class": 1,
"Task": 0,
"CPUCount": 2,
"LoadAverage": 0.093750,
"TasksCompleted": 205,
"System": 5,
"Enabled": 1
}
,
{
"ID": "GS_WORK",
"Class": 1,
"Task": 0,
"CPUCount": 1,
"LoadAverage": 0.190000,
"TasksCompleted": 114,
"System": 5,
"Enabled": 1
}
,
{
"ID": "GS_EXPLORER",
"Class": 1,
"Task": 0,
"CPUCount": 1,
"LoadAverage": 0.040000,
"TasksCompleted": 170,
"System": 5,
"Enabled": 1
}
,
{
"ID": "PI_KNS",
"Class": 1,
"Task": 13839,
"CPUCount": 4,
"LoadAverage": 4.710000,
"TasksCompleted": 13,
"System": 6,
"Enabled": 1
}
,
{
"ID": "PI_KNS",
"Class": 1,
"Task": 13834,
"CPUCount": 4,
"LoadAverage": 4.710000,
"TasksCompleted": 13,
"System": 6,
"Enabled": 1
}
,
{
"ID": "P_PROX",
"Class": 1,
"Task": 0,
"CPUCount": 2,
"LoadAverage": 0.158203,
"TasksCompleted": 33,
"System": 5,
"Enabled": 1
}
,
{
"ID": "P_PROX",
"Class": 1,
"Task": 0,
"CPUCount": 2,
"LoadAverage": 0.158203,
"TasksCompleted": 36,
"System": 5,
"Enabled": 1
}
]}