{
"CPU": 1.423070,
"Starttime": 1714888439,
"Epoch": 1714921799,
"Version": "0.8",
"Throttled": 2,
"Utilization": 55.555557,
"Connections": 2,
"NodesCount": 9,
"TasksNew": 0,
"TasksCompleted": 13,
"TasksRunning": 5,
"TasksFailed": 0,
"TasksCount": 18,
"Tasks":[
{
"ID": 28721,
"Binary": "BTC_LOTTERY",
"State": 2,
"Progress": 0,
"Start": 1714921673,
"End": 0
}
,
{
"ID": 28722,
"Binary": "BTC_LOTTERY",
"State": 2,
"Progress": 0,
"Start": 1714921673,
"End": 0
}
,
{
"ID": 28723,
"Binary": "BTC_LOTTERY",
"State": 2,
"Progress": 0,
"Start": 1714921673,
"End": 0
}
,
{
"ID": 28724,
"Binary": "BTC_LOTTERY",
"State": 2,
"Progress": 0,
"Start": 1714921673,
"End": 0
}
,
{
"ID": 28725,
"Binary": "BTC_LOTTERY",
"State": 4,
"Progress": 100,
"Start": 1714921673,
"End": 1714921765
}
,
{
"ID": 28726,
"Binary": "BTC_LOTTERY",
"State": 4,
"Progress": 100,
"Start": 1714921673,
"End": 1714921743
}
,
{
"ID": 28727,
"Binary": "BTC_LOTTERY",
"State": 4,
"Progress": 100,
"Start": 1714921673,
"End": 1714921742
}
,
{
"ID": 28730,
"Binary": "BTC_LOTTERY",
"State": 2,
"Progress": 0,
"Start": 1714921673,
"End": 0
}
,
{
"ID": 28741,
"Binary": "DGLTC_LOTTERY",
"State": 4,
"Progress": 100,
"Start": 1714921781,
"End": 1714921783
}
,
{
"ID": 28742,
"Binary": "DGLTC_LOTTERY",
"State": 4,
"Progress": 100,
"Start": 1714921781,
"End": 1714921783
}
,
{
"ID": 28743,
"Binary": "DGLTC_LOTTERY",
"State": 4,
"Progress": 100,
"Start": 1714921781,
"End": 1714921783
}
,
{
"ID": 28744,
"Binary": "DGLTC_LOTTERY",
"State": 4,
"Progress": 100,
"Start": 1714921781,
"End": 1714921783
}
,
{
"ID": 28745,
"Binary": "DGLTC_LOTTERY",
"State": 4,
"Progress": 100,
"Start": 1714921785,
"End": 1714921788
}
,
{
"ID": 28746,
"Binary": "DGLTC_LOTTERY",
"State": 4,
"Progress": 100,
"Start": 1714921783,
"End": 1714921785
}
,
{
"ID": 28747,
"Binary": "DGLTC_LOTTERY",
"State": 4,
"Progress": 100,
"Start": 1714921785,
"End": 1714921787
}
,
{
"ID": 28748,
"Binary": "DGLTC_LOTTERY",
"State": 4,
"Progress": 100,
"Start": 1714921783,
"End": 1714921785
}
,
{
"ID": 28749,
"Binary": "DGLTC_LOTTERY",
"State": 4,
"Progress": 100,
"Start": 1714921783,
"End": 1714921786
}
,
{
"ID": 28750,
"Binary": "DGLTC_LOTTERY",
"State": 4,
"Progress": 100,
"Start": 1714921783,
"End": 1714921786
}
],
"Nodes":[
{
"ID": "PI_SOLAR",
"Class": 1,
"Task": 28724,
"CPUCount": 4,
"LoadAverage": 1.951660,
"TasksCompleted": 54,
"System": 6,
"Enabled": 1
}
,
{
"ID": "LibClient",
"Class": 2,
"Task": 0,
"CPUCount": 1,
"LoadAverage": 0.000000,
"TasksCompleted": 0,
"System": 5,
"Enabled": 1
}
,
{
"ID": "PI_KNS",
"Class": 1,
"Task": 28723,
"CPUCount": 4,
"LoadAverage": 3.880000,
"TasksCompleted": 45,
"System": 6,
"Enabled": 1
}
,
{
"ID": "PI_KNS",
"Class": 1,
"Task": 28721,
"CPUCount": 4,
"LoadAverage": 3.880000,
"TasksCompleted": 45,
"System": 6,
"Enabled": 1
}
,
{
"ID": "GS_EXPLORER",
"Class": 1,
"Task": 0,
"CPUCount": 1,
"LoadAverage": 0.870000,
"TasksCompleted": 1099,
"System": 5,
"Enabled": 1
}
,
{
"ID": "GS_WORK",
"Class": 1,
"Task": 28722,
"CPUCount": 1,
"LoadAverage": 1.760000,
"TasksCompleted": 953,
"System": 5,
"Enabled": 1
}
,
{
"ID": "LibClient",
"Class": 2,
"Task": 0,
"CPUCount": 1,
"LoadAverage": 0.000000,
"TasksCompleted": 0,
"System": 5,
"Enabled": 1
}
,
{
"ID": "J_PROX",
"Class": 1,
"Task": 0,
"CPUCount": 2,
"LoadAverage": 1.099609,
"TasksCompleted": 1378,
"System": 5,
"Enabled": 1
}
,
{
"ID": "J_PROX",
"Class": 1,
"Task": 0,
"CPUCount": 2,
"LoadAverage": 1.099609,
"TasksCompleted": 1343,
"System": 5,
"Enabled": 1
}
,
{
"ID": "IMAC1",
"Class": 1,
"Task": 0,
"CPUCount": 8,
"LoadAverage": 1.523438,
"TasksCompleted": 136,
"System": 3,
"Enabled": 1
}
,
{
"ID": "ABLACK",
"Class": 1,
"Task": 28730,
"CPUCount": 4,
"LoadAverage": 11.590000,
"TasksCompleted": 1,
"System": 6,
"Enabled": 1
}
]}