{
"CPU": 1.122278,
"Starttime": 1714888439,
"Epoch": 1714921199,
"Version": "0.8",
"Throttled": 1,
"Utilization": 66.666672,
"Connections": 2,
"NodesCount": 9,
"TasksNew": 0,
"TasksCompleted": 13,
"TasksRunning": 6,
"TasksFailed": 0,
"TasksCount": 19,
"Tasks":[
{
"ID": 28611,
"Binary": "BTC_LOTTERY",
"State": 2,
"Progress": 0,
"Start": 1714921113,
"End": 0
}
,
{
"ID": 28612,
"Binary": "BTC_LOTTERY",
"State": 2,
"Progress": 0,
"Start": 1714921113,
"End": 0
}
,
{
"ID": 28613,
"Binary": "BTC_LOTTERY",
"State": 2,
"Progress": 0,
"Start": 1714921113,
"End": 0
}
,
{
"ID": 28614,
"Binary": "BTC_LOTTERY",
"State": 2,
"Progress": 0,
"Start": 1714921113,
"End": 0
}
,
{
"ID": 28616,
"Binary": "BTC_LOTTERY",
"State": 4,
"Progress": 100,
"Start": 1714921113,
"End": 1714921183
}
,
{
"ID": 28617,
"Binary": "BTC_LOTTERY",
"State": 2,
"Progress": 0,
"Start": 1714921113,
"End": 0
}
,
{
"ID": 28618,
"Binary": "BTC_LOTTERY",
"State": 2,
"Progress": 0,
"Start": 1714921113,
"End": 0
}
,
{
"ID": 28619,
"Binary": "BTC_LOTTERY",
"State": 4,
"Progress": 100,
"Start": 1714921113,
"End": 1714921183
}
,
{
"ID": 28620,
"Binary": "BTC_LOTTERY",
"State": 4,
"Progress": 100,
"Start": 1714921133,
"End": 1714921152
}
,
{
"ID": 28621,
"Binary": "DGLTC_LOTTERY",
"State": 4,
"Progress": 100,
"Start": 1714921182,
"End": 1714921185
}
,
{
"ID": 28622,
"Binary": "DGLTC_LOTTERY",
"State": 4,
"Progress": 100,
"Start": 1714921189,
"End": 1714921191
}
,
{
"ID": 28623,
"Binary": "DGLTC_LOTTERY",
"State": 4,
"Progress": 100,
"Start": 1714921187,
"End": 1714921190
}
,
{
"ID": 28624,
"Binary": "DGLTC_LOTTERY",
"State": 4,
"Progress": 100,
"Start": 1714921185,
"End": 1714921187
}
,
{
"ID": 28625,
"Binary": "DGLTC_LOTTERY",
"State": 4,
"Progress": 100,
"Start": 1714921183,
"End": 1714921185
}
,
{
"ID": 28626,
"Binary": "DGLTC_LOTTERY",
"State": 4,
"Progress": 100,
"Start": 1714921185,
"End": 1714921187
}
,
{
"ID": 28627,
"Binary": "DGLTC_LOTTERY",
"State": 4,
"Progress": 100,
"Start": 1714921185,
"End": 1714921187
}
,
{
"ID": 28628,
"Binary": "DGLTC_LOTTERY",
"State": 4,
"Progress": 100,
"Start": 1714921187,
"End": 1714921189
}
,
{
"ID": 28629,
"Binary": "DGLTC_LOTTERY",
"State": 4,
"Progress": 100,
"Start": 1714921183,
"End": 1714921185
}
,
{
"ID": 28630,
"Binary": "DGLTC_LOTTERY",
"State": 4,
"Progress": 100,
"Start": 1714921187,
"End": 1714921189
}
],
"Nodes":[
{
"ID": "PI_SOLAR",
"Class": 1,
"Task": 28614,
"CPUCount": 4,
"LoadAverage": 1.616699,
"TasksCompleted": 53,
"System": 6,
"Enabled": 1
}
,
{
"ID": "LibClient",
"Class": 2,
"Task": 0,
"CPUCount": 1,
"LoadAverage": 0.073242,
"TasksCompleted": 0,
"System": 5,
"Enabled": 1
}
,
{
"ID": "PI_KNS",
"Class": 1,
"Task": 28613,
"CPUCount": 4,
"LoadAverage": 3.560000,
"TasksCompleted": 44,
"System": 6,
"Enabled": 1
}
,
{
"ID": "PI_KNS",
"Class": 1,
"Task": 28612,
"CPUCount": 4,
"LoadAverage": 3.560000,
"TasksCompleted": 44,
"System": 6,
"Enabled": 1
}
,
{
"ID": "GS_EXPLORER",
"Class": 1,
"Task": 28611,
"CPUCount": 1,
"LoadAverage": 1.550000,
"TasksCompleted": 1077,
"System": 5,
"Enabled": 1
}
,
{
"ID": "GS_WORK",
"Class": 1,
"Task": 28617,
"CPUCount": 1,
"LoadAverage": 1.510000,
"TasksCompleted": 934,
"System": 5,
"Enabled": 1
}
,
{
"ID": "LibClient",
"Class": 2,
"Task": 0,
"CPUCount": 1,
"LoadAverage": 0.080078,
"TasksCompleted": 0,
"System": 5,
"Enabled": 1
}
,
{
"ID": "J_PROX",
"Class": 1,
"Task": 0,
"CPUCount": 2,
"LoadAverage": 2.253418,
"TasksCompleted": 1356,
"System": 5,
"Enabled": 1
}
,
{
"ID": "J_PROX",
"Class": 1,
"Task": 0,
"CPUCount": 2,
"LoadAverage": 2.253418,
"TasksCompleted": 1321,
"System": 5,
"Enabled": 1
}
,
{
"ID": "IMAC1",
"Class": 1,
"Task": 0,
"CPUCount": 8,
"LoadAverage": 1.325684,
"TasksCompleted": 104,
"System": 3,
"Enabled": 1
}
,
{
"ID": "ABLACK",
"Class": 1,
"Task": 28618,
"CPUCount": 4,
"LoadAverage": 10.110000,
"TasksCompleted": 0,
"System": 6,
"Enabled": 1
}
]}