{
"CPU": 36.932285,
"Starttime": 1714648137,
"Epoch": 1714744148,
"Version": "0.8",
"Utilization": 57.142860,
"Connections": 3,
"NodesCount": 14,
"TasksNew": 0,
"TasksCompleted": 13,
"TasksRunning": 8,
"TasksFailed": 0,
"TasksCount": 21,
"Tasks":[
{
"ID": 16331,
"Binary": "BTC_LOTTERY",
"State": 2,
"Progress": 0,
"Start": 1714743740,
"End": 0
}
,
{
"ID": 16332,
"Binary": "BTC_LOTTERY",
"State": 2,
"Progress": 0,
"Start": 1714743740,
"End": 0
}
,
{
"ID": 16333,
"Binary": "BTC_LOTTERY",
"State": 2,
"Progress": 0,
"Start": 1714743740,
"End": 0
}
,
{
"ID": 16411,
"Binary": "HELIUM_MNEMONICS",
"State": 4,
"Progress": 100,
"Start": 1714744071,
"End": 1714744129
}
,
{
"ID": 16412,
"Binary": "HELIUM_MNEMONICS",
"State": 4,
"Progress": 100,
"Start": 1714744071,
"End": 1714744120
}
,
{
"ID": 16413,
"Binary": "HELIUM_MNEMONICS",
"State": 4,
"Progress": 100,
"Start": 1714744071,
"End": 1714744118
}
,
{
"ID": 16414,
"Binary": "HELIUM_MNEMONICS",
"State": 2,
"Progress": 0,
"Start": 1714744071,
"End": 0
}
,
{
"ID": 16415,
"Binary": "HELIUM_MNEMONICS",
"State": 2,
"Progress": 0,
"Start": 1714744071,
"End": 0
}
,
{
"ID": 16416,
"Binary": "HELIUM_MNEMONICS",
"State": 4,
"Progress": 100,
"Start": 1714744072,
"End": 1714744120
}
,
{
"ID": 16417,
"Binary": "HELIUM_MNEMONICS",
"State": 2,
"Progress": 0,
"Start": 1714744072,
"End": 0
}
,
{
"ID": 16418,
"Binary": "HELIUM_MNEMONICS",
"State": 2,
"Progress": 0,
"Start": 1714744072,
"End": 0
}
,
{
"ID": 16421,
"Binary": "DGLTC_LOTTERY",
"State": 4,
"Progress": 100,
"Start": 1714744112,
"End": 1714744123
}
,
{
"ID": 16422,
"Binary": "DGLTC_LOTTERY",
"State": 4,
"Progress": 100,
"Start": 1714744112,
"End": 1714744123
}
,
{
"ID": 16423,
"Binary": "DGLTC_LOTTERY",
"State": 4,
"Progress": 100,
"Start": 1714744133,
"End": 1714744144
}
,
{
"ID": 16424,
"Binary": "DGLTC_LOTTERY",
"State": 4,
"Progress": 100,
"Start": 1714744123,
"End": 1714744133
}
,
{
"ID": 16425,
"Binary": "DGLTC_LOTTERY",
"State": 2,
"Progress": 0,
"Start": 1714744135,
"End": 0
}
,
{
"ID": 16426,
"Binary": "DGLTC_LOTTERY",
"State": 4,
"Progress": 100,
"Start": 1714744123,
"End": 1714744133
}
,
{
"ID": 16427,
"Binary": "DGLTC_LOTTERY",
"State": 4,
"Progress": 100,
"Start": 1714744132,
"End": 1714744144
}
,
{
"ID": 16428,
"Binary": "DGLTC_LOTTERY",
"State": 4,
"Progress": 100,
"Start": 1714744120,
"End": 1714744132
}
,
{
"ID": 16429,
"Binary": "DGLTC_LOTTERY",
"State": 4,
"Progress": 100,
"Start": 1714744120,
"End": 1714744135
}
,
{
"ID": 16430,
"Binary": "DGLTC_LOTTERY",
"State": 4,
"Progress": 100,
"Start": 1714744133,
"End": 1714744144
}
],
"Nodes":[
{
"ID": "PI_GRIDMAN",
"Class": 1,
"Task": 0,
"CPUCount": 4,
"LoadAverage": 1.994141,
"TasksCompleted": 326,
"System": 6,
"Enabled": 1
}
,
{
"ID": "GS_WORK",
"Class": 1,
"Task": 16425,
"CPUCount": 1,
"LoadAverage": 1.570000,
"TasksCompleted": 1563,
"System": 5,
"Enabled": 1
}
,
{
"ID": "PI_WIFI",
"Class": 1,
"Task": 16331,
"CPUCount": 4,
"LoadAverage": 6.720000,
"TasksCompleted": 176,
"System": 6,
"Enabled": 1
}
,
{
"ID": "AWHITE",
"Class": 1,
"Task": 0,
"CPUCount": 8,
"LoadAverage": 0.000000,
"TasksCompleted": 198,
"System": 7,
"Enabled": 1
}
,
{
"ID": "PI_WIFI",
"Class": 1,
"Task": 16414,
"CPUCount": 4,
"LoadAverage": 6.830000,
"TasksCompleted": 169,
"System": 6,
"Enabled": 1
}
,
{
"ID": "ABLACK",
"Class": 1,
"Task": 16415,
"CPUCount": 3,
"LoadAverage": 10.810000,
"TasksCompleted": 157,
"System": 6,
"Enabled": 1
}
,
{
"ID": "LibClient",
"Class": 2,
"Task": 0,
"CPUCount": 4,
"LoadAverage": 1.994141,
"TasksCompleted": 0,
"System": 6,
"Enabled": 1
}
,
{
"ID": "LibClient",
"Class": 2,
"Task": 0,
"CPUCount": 8,
"LoadAverage": 2.173828,
"TasksCompleted": 0,
"System": 5,
"Enabled": 1
}
,
{
"ID": "GS_EXPLORER",
"Class": 1,
"Task": 0,
"CPUCount": 1,
"LoadAverage": 1.430000,
"TasksCompleted": 704,
"System": 5,
"Enabled": 1
}
,
{
"ID": "PI_WIFI",
"Class": 1,
"Task": 16332,
"CPUCount": 4,
"LoadAverage": 6.830000,
"TasksCompleted": 122,
"System": 6,
"Enabled": 1
}
,
{
"ID": "PI_SOLAR",
"Class": 1,
"Task": 16417,
"CPUCount": 4,
"LoadAverage": 2.235352,
"TasksCompleted": 69,
"System": 6,
"Enabled": 1
}
,
{
"ID": "PI_KNS",
"Class": 1,
"Task": 16418,
"CPUCount": 4,
"LoadAverage": 4.700000,
"TasksCompleted": 73,
"System": 6,
"Enabled": 1
}
,
{
"ID": "PI_KNS",
"Class": 1,
"Task": 16333,
"CPUCount": 4,
"LoadAverage": 4.700000,
"TasksCompleted": 60,
"System": 6,
"Enabled": 1
}
,
{
"ID": "LibClient",
"Class": 2,
"Task": 0,
"CPUCount": 8,
"LoadAverage": 2.173828,
"TasksCompleted": 0,
"System": 5,
"Enabled": 1
}
,
{
"ID": "J_PROX",
"Class": 1,
"Task": 0,
"CPUCount": 2,
"LoadAverage": 2.745117,
"TasksCompleted": 162,
"System": 5,
"Enabled": 1
}
,
{
"ID": "J_PROX",
"Class": 1,
"Task": 0,
"CPUCount": 2,
"LoadAverage": 2.745117,
"TasksCompleted": 165,
"System": 5,
"Enabled": 1
}
,
{
"ID": "IMAC1",
"Class": 1,
"Task": 0,
"CPUCount": 8,
"LoadAverage": 1.572266,
"TasksCompleted": 5,
"System": 3,
"Enabled": 1
}
]}