{
"CPU": 18.519758,
"Starttime": 1714751364,
"Epoch": 1714763964,
"Version": "0.8",
"Throttled": 2,
"Utilization": 45.454548,
"Connections": 2,
"NodesCount": 11,
"TasksNew": 0,
"TasksCompleted": 17,
"TasksRunning": 5,
"TasksFailed": 20,
"TasksCount": 42,
"Tasks":[
{
"ID": 935,
"Binary": "BTC_LOTTERY",
"State": 2,
"Progress": 0,
"Start": 1714763566,
"End": 0
}
,
{
"ID": 940,
"Binary": "BTC_LOTTERY",
"State": 2,
"Progress": 0,
"Start": 1714763566,
"End": 0
}
,
{
"ID": 1001,
"Binary": "DGLTC_LOTTERY",
"State": 3,
"Progress": 100,
"Start": 1714763909,
"End": 1714763912
}
,
{
"ID": 1002,
"Binary": "DGLTC_LOTTERY",
"State": 3,
"Progress": 100,
"Start": 1714763909,
"End": 1714763912
}
,
{
"ID": 1003,
"Binary": "DGLTC_LOTTERY",
"State": 3,
"Progress": 100,
"Start": 1714763909,
"End": 1714763913
}
,
{
"ID": 1004,
"Binary": "DGLTC_LOTTERY",
"State": 3,
"Progress": 100,
"Start": 1714763909,
"End": 1714763913
}
,
{
"ID": 1005,
"Binary": "DGLTC_LOTTERY",
"State": 3,
"Progress": 100,
"Start": 1714763909,
"End": 1714763912
}
,
{
"ID": 1006,
"Binary": "DGLTC_LOTTERY",
"State": 3,
"Progress": 100,
"Start": 1714763909,
"End": 1714763912
}
,
{
"ID": 1007,
"Binary": "DGLTC_LOTTERY",
"State": 3,
"Progress": 100,
"Start": 1714763912,
"End": 1714763915
}
,
{
"ID": 1008,
"Binary": "DGLTC_LOTTERY",
"State": 3,
"Progress": 100,
"Start": 1714763912,
"End": 1714763915
}
,
{
"ID": 1009,
"Binary": "DGLTC_LOTTERY",
"State": 3,
"Progress": 100,
"Start": 1714763912,
"End": 1714763915
}
,
{
"ID": 1010,
"Binary": "DGLTC_LOTTERY",
"State": 3,
"Progress": 100,
"Start": 1714763912,
"End": 1714763915
}
,
{
"ID": 1011,
"Binary": "DGLTC_LOTTERY",
"State": 3,
"Progress": 100,
"Start": 1714763915,
"End": 1714763917
}
,
{
"ID": 1012,
"Binary": "DGLTC_LOTTERY",
"State": 3,
"Progress": 100,
"Start": 1714763915,
"End": 1714763917
}
,
{
"ID": 1013,
"Binary": "DGLTC_LOTTERY",
"State": 3,
"Progress": 100,
"Start": 1714763915,
"End": 1714763917
}
,
{
"ID": 1014,
"Binary": "DGLTC_LOTTERY",
"State": 3,
"Progress": 100,
"Start": 1714763915,
"End": 1714763917
}
,
{
"ID": 1015,
"Binary": "DGLTC_LOTTERY",
"State": 3,
"Progress": 100,
"Start": 1714763915,
"End": 1714763917
}
,
{
"ID": 1016,
"Binary": "DGLTC_LOTTERY",
"State": 3,
"Progress": 100,
"Start": 1714763915,
"End": 1714763917
}
,
{
"ID": 1017,
"Binary": "DGLTC_LOTTERY",
"State": 3,
"Progress": 0,
"Start": 0,
"End": 0
}
,
{
"ID": 1018,
"Binary": "DGLTC_LOTTERY",
"State": 3,
"Progress": 0,
"Start": 0,
"End": 0
}
,
{
"ID": 1019,
"Binary": "DGLTC_LOTTERY",
"State": 3,
"Progress": 0,
"Start": 0,
"End": 0
}
,
{
"ID": 1020,
"Binary": "DGLTC_LOTTERY",
"State": 3,
"Progress": 0,
"Start": 0,
"End": 0
}
,
{
"ID": 1021,
"Binary": "DGLTC_LOTTERY",
"State": 4,
"Progress": 100,
"Start": 1714763917,
"End": 1714763920
}
,
{
"ID": 1022,
"Binary": "DGLTC_LOTTERY",
"State": 4,
"Progress": 100,
"Start": 1714763917,
"End": 1714763920
}
,
{
"ID": 1023,
"Binary": "DGLTC_LOTTERY",
"State": 4,
"Progress": 100,
"Start": 1714763917,
"End": 1714763920
}
,
{
"ID": 1024,
"Binary": "DGLTC_LOTTERY",
"State": 4,
"Progress": 100,
"Start": 1714763920,
"End": 1714763922
}
,
{
"ID": 1025,
"Binary": "DGLTC_LOTTERY",
"State": 4,
"Progress": 100,
"Start": 1714763917,
"End": 1714763920
}
,
{
"ID": 1026,
"Binary": "DGLTC_LOTTERY",
"State": 4,
"Progress": 100,
"Start": 1714763920,
"End": 1714763923
}
,
{
"ID": 1027,
"Binary": "DGLTC_LOTTERY",
"State": 4,
"Progress": 100,
"Start": 1714763920,
"End": 1714763923
}
,
{
"ID": 1028,
"Binary": "DGLTC_LOTTERY",
"State": 4,
"Progress": 100,
"Start": 1714763917,
"End": 1714763921
}
,
{
"ID": 1029,
"Binary": "DGLTC_LOTTERY",
"State": 4,
"Progress": 100,
"Start": 1714763917,
"End": 1714763920
}
,
{
"ID": 1030,
"Binary": "DGLTC_LOTTERY",
"State": 4,
"Progress": 100,
"Start": 1714763920,
"End": 1714763923
}
,
{
"ID": 1031,
"Binary": "DGLTC_LOTTERY",
"State": 4,
"Progress": 100,
"Start": 1714763959,
"End": 1714763963
}
,
{
"ID": 1032,
"Binary": "DGLTC_LOTTERY",
"State": 4,
"Progress": 100,
"Start": 1714763959,
"End": 1714763962
}
,
{
"ID": 1033,
"Binary": "DGLTC_LOTTERY",
"State": 4,
"Progress": 100,
"Start": 1714763959,
"End": 1714763961
}
,
{
"ID": 1034,
"Binary": "DGLTC_LOTTERY",
"State": 4,
"Progress": 100,
"Start": 1714763959,
"End": 1714763962
}
,
{
"ID": 1035,
"Binary": "DGLTC_LOTTERY",
"State": 4,
"Progress": 100,
"Start": 1714763959,
"End": 1714763962
}
,
{
"ID": 1036,
"Binary": "DGLTC_LOTTERY",
"State": 4,
"Progress": 100,
"Start": 1714763959,
"End": 1714763962
}
,
{
"ID": 1037,
"Binary": "DGLTC_LOTTERY",
"State": 4,
"Progress": 100,
"Start": 1714763961,
"End": 1714763963
}
,
{
"ID": 1038,
"Binary": "DGLTC_LOTTERY",
"State": 2,
"Progress": 0,
"Start": 1714763962,
"End": 0
}
,
{
"ID": 1039,
"Binary": "DGLTC_LOTTERY",
"State": 2,
"Progress": 0,
"Start": 1714763962,
"End": 0
}
,
{
"ID": 1040,
"Binary": "DGLTC_LOTTERY",
"State": 2,
"Progress": 0,
"Start": 1714763962,
"End": 0
}
],
"Nodes":[
{
"ID": "P_PROX",
"Class": 1,
"Task": 0,
"CPUCount": 2,
"LoadAverage": 0.027344,
"TasksCompleted": 184,
"System": 5,
"Enabled": 1
}
,
{
"ID": "P_PROX",
"Class": 1,
"Task": 1039,
"CPUCount": 2,
"LoadAverage": 0.345703,
"TasksCompleted": 174,
"System": 5,
"Enabled": 1
}
,
{
"ID": "ABLACK",
"Class": 1,
"Task": 0,
"CPUCount": 1,
"LoadAverage": 9.820000,
"TasksCompleted": 3,
"System": 6,
"Enabled": 1
}
,
{
"ID": "AWHITE",
"Class": 1,
"Task": 0,
"CPUCount": 8,
"LoadAverage": 0.000000,
"TasksCompleted": 3,
"System": 7,
"Enabled": 1
}
,
{
"ID": "J_PROX",
"Class": 1,
"Task": 1038,
"CPUCount": 2,
"LoadAverage": 0.368652,
"TasksCompleted": 36,
"System": 5,
"Enabled": 1
}
,
{
"ID": "J_PROX",
"Class": 1,
"Task": 1040,
"CPUCount": 2,
"LoadAverage": 0.368652,
"TasksCompleted": 36,
"System": 5,
"Enabled": 1
}
,
{
"ID": "GS_WORK",
"Class": 1,
"Task": 0,
"CPUCount": 1,
"LoadAverage": 0.090000,
"TasksCompleted": 28,
"System": 5,
"Enabled": 1
}
,
{
"ID": "GS_EXPLORER",
"Class": 1,
"Task": 0,
"CPUCount": 1,
"LoadAverage": 0.120000,
"TasksCompleted": 24,
"System": 5,
"Enabled": 1
}
,
{
"ID": "PI_KNS",
"Class": 1,
"Task": 935,
"CPUCount": 4,
"LoadAverage": 4.650000,
"TasksCompleted": 3,
"System": 6,
"Enabled": 1
}
,
{
"ID": "PI_KNS",
"Class": 1,
"Task": 940,
"CPUCount": 4,
"LoadAverage": 4.650000,
"TasksCompleted": 3,
"System": 6,
"Enabled": 1
}
,
{
"ID": "PI_SOLAR",
"Class": 1,
"Task": 0,
"CPUCount": 4,
"LoadAverage": 0.167480,
"TasksCompleted": 2,
"System": 6,
"Enabled": 1
}
,
{
"ID": "LibClient",
"Class": 2,
"Task": 0,
"CPUCount": 1,
"LoadAverage": 0.027344,
"TasksCompleted": 0,
"System": 5,
"Enabled": 1
}
,
{
"ID": "LibClient",
"Class": 2,
"Task": 0,
"CPUCount": 1,
"LoadAverage": 0.027344,
"TasksCompleted": 0,
"System": 5,
"Enabled": 1
}
]}