{
"CPU": 12.407904,
"Starttime": 1714751364,
"Epoch": 1714765164,
"Version": "0.8",
"Throttled": 2,
"Utilization": 45.454548,
"Connections": 2,
"NodesCount": 11,
"TasksNew": 0,
"TasksCompleted": 17,
"TasksRunning": 5,
"TasksFailed": 0,
"TasksCount": 22,
"Tasks":[
{
"ID": 1121,
"Binary": "BTC_LOTTERY",
"State": 2,
"Progress": 0,
"Start": 1714764722,
"End": 0
}
,
{
"ID": 1129,
"Binary": "BTC_LOTTERY",
"State": 2,
"Progress": 0,
"Start": 1714764722,
"End": 0
}
,
{
"ID": 1221,
"Binary": "DGLTC_LOTTERY",
"State": 4,
"Progress": 100,
"Start": 1714765138,
"End": 1714765141
}
,
{
"ID": 1222,
"Binary": "DGLTC_LOTTERY",
"State": 4,
"Progress": 100,
"Start": 1714765138,
"End": 1714765142
}
,
{
"ID": 1223,
"Binary": "DGLTC_LOTTERY",
"State": 4,
"Progress": 100,
"Start": 1714765138,
"End": 1714765141
}
,
{
"ID": 1224,
"Binary": "DGLTC_LOTTERY",
"State": 4,
"Progress": 100,
"Start": 1714765138,
"End": 1714765141
}
,
{
"ID": 1225,
"Binary": "DGLTC_LOTTERY",
"State": 4,
"Progress": 100,
"Start": 1714765138,
"End": 1714765141
}
,
{
"ID": 1226,
"Binary": "DGLTC_LOTTERY",
"State": 4,
"Progress": 100,
"Start": 1714765138,
"End": 1714765141
}
,
{
"ID": 1227,
"Binary": "DGLTC_LOTTERY",
"State": 4,
"Progress": 100,
"Start": 1714765141,
"End": 1714765144
}
,
{
"ID": 1228,
"Binary": "DGLTC_LOTTERY",
"State": 4,
"Progress": 100,
"Start": 1714765141,
"End": 1714765144
}
,
{
"ID": 1229,
"Binary": "DGLTC_LOTTERY",
"State": 4,
"Progress": 100,
"Start": 1714765141,
"End": 1714765144
}
,
{
"ID": 1230,
"Binary": "DGLTC_LOTTERY",
"State": 4,
"Progress": 100,
"Start": 1714765141,
"End": 1714765143
}
,
{
"ID": 1231,
"Binary": "DGLTC_LOTTERY",
"State": 4,
"Progress": 100,
"Start": 1714765159,
"End": 1714765162
}
,
{
"ID": 1232,
"Binary": "DGLTC_LOTTERY",
"State": 4,
"Progress": 100,
"Start": 1714765159,
"End": 1714765161
}
,
{
"ID": 1233,
"Binary": "DGLTC_LOTTERY",
"State": 4,
"Progress": 100,
"Start": 1714765159,
"End": 1714765162
}
,
{
"ID": 1234,
"Binary": "DGLTC_LOTTERY",
"State": 4,
"Progress": 100,
"Start": 1714765159,
"End": 1714765162
}
,
{
"ID": 1235,
"Binary": "DGLTC_LOTTERY",
"State": 4,
"Progress": 100,
"Start": 1714765159,
"End": 1714765163
}
,
{
"ID": 1236,
"Binary": "DGLTC_LOTTERY",
"State": 4,
"Progress": 100,
"Start": 1714765159,
"End": 1714765162
}
,
{
"ID": 1237,
"Binary": "DGLTC_LOTTERY",
"State": 4,
"Progress": 100,
"Start": 1714765161,
"End": 1714765163
}
,
{
"ID": 1238,
"Binary": "DGLTC_LOTTERY",
"State": 2,
"Progress": 0,
"Start": 1714765162,
"End": 0
}
,
{
"ID": 1239,
"Binary": "DGLTC_LOTTERY",
"State": 2,
"Progress": 0,
"Start": 1714765162,
"End": 0
}
,
{
"ID": 1240,
"Binary": "DGLTC_LOTTERY",
"State": 2,
"Progress": 0,
"Start": 1714765162,
"End": 0
}
],
"Nodes":[
{
"ID": "P_PROX",
"Class": 1,
"Task": 1240,
"CPUCount": 2,
"LoadAverage": 0.583008,
"TasksCompleted": 215,
"System": 5,
"Enabled": 1
}
,
{
"ID": "P_PROX",
"Class": 1,
"Task": 0,
"CPUCount": 2,
"LoadAverage": 0.285156,
"TasksCompleted": 208,
"System": 5,
"Enabled": 1
}
,
{
"ID": "ABLACK",
"Class": 1,
"Task": 0,
"CPUCount": 1,
"LoadAverage": 9.300000,
"TasksCompleted": 5,
"System": 6,
"Enabled": 1
}
,
{
"ID": "AWHITE",
"Class": 1,
"Task": 0,
"CPUCount": 8,
"LoadAverage": 0.000000,
"TasksCompleted": 5,
"System": 7,
"Enabled": 1
}
,
{
"ID": "J_PROX",
"Class": 1,
"Task": 1239,
"CPUCount": 2,
"LoadAverage": 0.256836,
"TasksCompleted": 70,
"System": 5,
"Enabled": 1
}
,
{
"ID": "J_PROX",
"Class": 1,
"Task": 1238,
"CPUCount": 2,
"LoadAverage": 0.256836,
"TasksCompleted": 72,
"System": 5,
"Enabled": 1
}
,
{
"ID": "GS_WORK",
"Class": 1,
"Task": 0,
"CPUCount": 1,
"LoadAverage": 0.150000,
"TasksCompleted": 43,
"System": 5,
"Enabled": 1
}
,
{
"ID": "GS_EXPLORER",
"Class": 1,
"Task": 0,
"CPUCount": 1,
"LoadAverage": 0.140000,
"TasksCompleted": 42,
"System": 5,
"Enabled": 1
}
,
{
"ID": "PI_KNS",
"Class": 1,
"Task": 1129,
"CPUCount": 4,
"LoadAverage": 4.720000,
"TasksCompleted": 5,
"System": 6,
"Enabled": 1
}
,
{
"ID": "PI_KNS",
"Class": 1,
"Task": 1121,
"CPUCount": 4,
"LoadAverage": 4.720000,
"TasksCompleted": 5,
"System": 6,
"Enabled": 1
}
,
{
"ID": "PI_SOLAR",
"Class": 1,
"Task": 0,
"CPUCount": 4,
"LoadAverage": 0.159668,
"TasksCompleted": 2,
"System": 6,
"Enabled": 1
}
,
{
"ID": "LibClient",
"Class": 2,
"Task": 0,
"CPUCount": 1,
"LoadAverage": 0.285156,
"TasksCompleted": 0,
"System": 5,
"Enabled": 1
}
,
{
"ID": "LibClient",
"Class": 2,
"Task": 0,
"CPUCount": 1,
"LoadAverage": 0.285156,
"TasksCompleted": 0,
"System": 5,
"Enabled": 1
}
]}