{
"CPU": 1.355875,
"Starttime": 1715001162,
"Epoch": 1715069382,
"Version": "0.8",
"Throttled": 18,
"Utilization": 100.000000,
"Connections": 2,
"NodesCount": 10,
"TasksNew": 0,
"TasksCompleted": 9,
"TasksRunning": 10,
"TasksFailed": 6,
"TasksCount": 25,
"Tasks":[
{
"ID": 49076,
"Binary": "BTC_LOTTERY",
"State": 4,
"Progress": 100,
"Start": 1715069216,
"End": 1715069343
}
,
{
"ID": 49080,
"Binary": "BTC_LOTTERY",
"State": 3,
"Progress": 100,
"Start": 1715069216,
"End": 1715069342
}
,
{
"ID": 49081,
"Binary": "BTC_LOTTERY",
"State": 3,
"Progress": 100,
"Start": 1715069216,
"End": 1715069342
}
,
{
"ID": 49082,
"Binary": "BTC_LOTTERY",
"State": 3,
"Progress": 100,
"Start": 1715069216,
"End": 1715069342
}
,
{
"ID": 49084,
"Binary": "BTC_LOTTERY",
"State": 3,
"Progress": 100,
"Start": 1715069216,
"End": 1715069343
}
,
{
"ID": 49101,
"Binary": "DGLTC_LOTTERY",
"State": 4,
"Progress": 100,
"Start": 1715069324,
"End": 1715069326
}
,
{
"ID": 49102,
"Binary": "DGLTC_LOTTERY",
"State": 3,
"Progress": 100,
"Start": 1715069324,
"End": 1715069326
}
,
{
"ID": 49103,
"Binary": "DGLTC_LOTTERY",
"State": 4,
"Progress": 100,
"Start": 1715069324,
"End": 1715069327
}
,
{
"ID": 49104,
"Binary": "DGLTC_LOTTERY",
"State": 4,
"Progress": 100,
"Start": 1715069324,
"End": 1715069327
}
,
{
"ID": 49105,
"Binary": "DGLTC_LOTTERY",
"State": 4,
"Progress": 100,
"Start": 1715069324,
"End": 1715069326
}
,
{
"ID": 49106,
"Binary": "DGLTC_LOTTERY",
"State": 4,
"Progress": 100,
"Start": 1715069339,
"End": 1715069341
}
,
{
"ID": 49107,
"Binary": "DGLTC_LOTTERY",
"State": 4,
"Progress": 100,
"Start": 1715069339,
"End": 1715069341
}
,
{
"ID": 49108,
"Binary": "DGLTC_LOTTERY",
"State": 3,
"Progress": 100,
"Start": 1715069339,
"End": 1715069340
}
,
{
"ID": 49109,
"Binary": "DGLTC_LOTTERY",
"State": 4,
"Progress": 100,
"Start": 1715069339,
"End": 1715069341
}
,
{
"ID": 49110,
"Binary": "DGLTC_LOTTERY",
"State": 4,
"Progress": 100,
"Start": 1715069339,
"End": 1715069341
}
,
{
"ID": 49111,
"Binary": "BTC_LOTTERY",
"State": 2,
"Progress": 0,
"Start": 1715069342,
"End": 0
}
,
{
"ID": 49112,
"Binary": "BTC_LOTTERY",
"State": 2,
"Progress": 0,
"Start": 1715069342,
"End": 0
}
,
{
"ID": 49113,
"Binary": "BTC_LOTTERY",
"State": 2,
"Progress": 0,
"Start": 1715069342,
"End": 0
}
,
{
"ID": 49114,
"Binary": "BTC_LOTTERY",
"State": 2,
"Progress": 0,
"Start": 1715069342,
"End": 0
}
,
{
"ID": 49115,
"Binary": "BTC_LOTTERY",
"State": 2,
"Progress": 0,
"Start": 1715069342,
"End": 0
}
,
{
"ID": 49116,
"Binary": "BTC_LOTTERY",
"State": 2,
"Progress": 0,
"Start": 1715069343,
"End": 0
}
,
{
"ID": 49117,
"Binary": "BTC_LOTTERY",
"State": 2,
"Progress": 0,
"Start": 1715069343,
"End": 0
}
,
{
"ID": 49118,
"Binary": "BTC_LOTTERY",
"State": 2,
"Progress": 0,
"Start": 1715069343,
"End": 0
}
,
{
"ID": 49119,
"Binary": "BTC_LOTTERY",
"State": 2,
"Progress": 0,
"Start": 1715069343,
"End": 0
}
,
{
"ID": 49120,
"Binary": "BTC_LOTTERY",
"State": 2,
"Progress": 0,
"Start": 1715069343,
"End": 0
}
],
"Nodes":[
{
"ID": "GS_WORK",
"Class": 1,
"Task": 49114,
"CPUCount": 1,
"LoadAverage": 1.880000,
"TasksCompleted": 949,
"System": 5,
"Enabled": 1
}
,
{
"ID": "GS_EXPLORER",
"Class": 1,
"Task": 49117,
"CPUCount": 1,
"LoadAverage": 1.480000,
"TasksCompleted": 964,
"System": 5,
"Enabled": 1
}
,
{
"ID": "J_PROX",
"Class": 1,
"Task": 49118,
"CPUCount": 2,
"LoadAverage": 2.597168,
"TasksCompleted": 1176,
"System": 5,
"Enabled": 1
}
,
{
"ID": "J_PROX",
"Class": 1,
"Task": 49116,
"CPUCount": 2,
"LoadAverage": 2.597168,
"TasksCompleted": 1152,
"System": 5,
"Enabled": 1
}
,
{
"ID": "LibClient",
"Class": 2,
"Task": 0,
"CPUCount": 1,
"LoadAverage": 0.139648,
"TasksCompleted": 0,
"System": 5,
"Enabled": 1
}
,
{
"ID": "ABLACK",
"Class": 1,
"Task": 49120,
"CPUCount": 3,
"LoadAverage": 10.720000,
"TasksCompleted": 64,
"System": 6,
"Enabled": 1
}
,
{
"ID": "AWHITE",
"Class": 1,
"Task": 49119,
"CPUCount": 8,
"LoadAverage": 0.000000,
"TasksCompleted": 62,
"System": 7,
"Enabled": 1
}
,
{
"ID": "GS_API",
"Class": 1,
"Task": 49111,
"CPUCount": 1,
"LoadAverage": 1.420000,
"TasksCompleted": 650,
"System": 5,
"Enabled": 1
}
,
{
"ID": "L2_PROD",
"Class": 1,
"Task": 49112,
"CPUCount": 2,
"LoadAverage": 1.530000,
"TasksCompleted": 811,
"System": 5,
"Enabled": 1
}
,
{
"ID": "LibClient",
"Class": 2,
"Task": 0,
"CPUCount": 1,
"LoadAverage": 0.139648,
"TasksCompleted": 0,
"System": 5,
"Enabled": 1
}
,
{
"ID": "PI_KNS",
"Class": 1,
"Task": 49113,
"CPUCount": 4,
"LoadAverage": 4.320000,
"TasksCompleted": 28,
"System": 6,
"Enabled": 1
}
,
{
"ID": "PI_KNS",
"Class": 1,
"Task": 49115,
"CPUCount": 4,
"LoadAverage": 4.320000,
"TasksCompleted": 30,
"System": 6,
"Enabled": 1
}
]}