{
"CPU": 2.314660,
"Starttime": 1714745749,
"Epoch": 1714747189,
"Version": "0.8",
"Utilization": 100.000000,
"Connections": 3,
"NodesCount": 9,
"TasksNew": 11,
"TasksCompleted": 43,
"TasksRunning": 9,
"TasksFailed": 0,
"TasksCount": 63,
"Tasks":[
{
"ID": 122,
"Binary": "HELIUM_MNEMONICS",
"State": 4,
"Progress": 100,
"Start": 1714747114,
"End": 1714747132
}
,
{
"ID": 124,
"Binary": "HELIUM_MNEMONICS",
"State": 4,
"Progress": 100,
"Start": 1714747114,
"End": 1714747132
}
,
{
"ID": 125,
"Binary": "HELIUM_MNEMONICS",
"State": 4,
"Progress": 100,
"Start": 1714747114,
"End": 1714747131
}
,
{
"ID": 131,
"Binary": "HELIUM_MNEMONICS",
"State": 4,
"Progress": 100,
"Start": 1714747132,
"End": 1714747139
}
,
{
"ID": 132,
"Binary": "HELIUM_MNEMONICS",
"State": 4,
"Progress": 100,
"Start": 1714747132,
"End": 1714747150
}
,
{
"ID": 133,
"Binary": "HELIUM_MNEMONICS",
"State": 4,
"Progress": 100,
"Start": 1714747132,
"End": 1714747139
}
,
{
"ID": 134,
"Binary": "HELIUM_MNEMONICS",
"State": 4,
"Progress": 100,
"Start": 1714747132,
"End": 1714747149
}
,
{
"ID": 135,
"Binary": "HELIUM_MNEMONICS",
"State": 4,
"Progress": 100,
"Start": 1714747132,
"End": 1714747137
}
,
{
"ID": 136,
"Binary": "HELIUM_MNEMONICS",
"State": 4,
"Progress": 100,
"Start": 1714747132,
"End": 1714747141
}
,
{
"ID": 137,
"Binary": "HELIUM_MNEMONICS",
"State": 4,
"Progress": 100,
"Start": 1714747133,
"End": 1714747139
}
,
{
"ID": 138,
"Binary": "HELIUM_MNEMONICS",
"State": 4,
"Progress": 100,
"Start": 1714747133,
"End": 1714747137
}
,
{
"ID": 139,
"Binary": "HELIUM_MNEMONICS",
"State": 4,
"Progress": 100,
"Start": 1714747133,
"End": 1714747150
}
,
{
"ID": 140,
"Binary": "HELIUM_MNEMONICS",
"State": 4,
"Progress": 100,
"Start": 1714747137,
"End": 1714747140
}
,
{
"ID": 141,
"Binary": "DGLTC_LOTTERY",
"State": 4,
"Progress": 100,
"Start": 1714747148,
"End": 1714747154
}
,
{
"ID": 142,
"Binary": "DGLTC_LOTTERY",
"State": 4,
"Progress": 100,
"Start": 1714747148,
"End": 1714747154
}
,
{
"ID": 143,
"Binary": "DGLTC_LOTTERY",
"State": 4,
"Progress": 100,
"Start": 1714747148,
"End": 1714747156
}
,
{
"ID": 144,
"Binary": "DGLTC_LOTTERY",
"State": 4,
"Progress": 100,
"Start": 1714747148,
"End": 1714747155
}
,
{
"ID": 145,
"Binary": "DGLTC_LOTTERY",
"State": 4,
"Progress": 100,
"Start": 1714747165,
"End": 1714747171
}
,
{
"ID": 146,
"Binary": "DGLTC_LOTTERY",
"State": 4,
"Progress": 100,
"Start": 1714747159,
"End": 1714747165
}
,
{
"ID": 147,
"Binary": "DGLTC_LOTTERY",
"State": 4,
"Progress": 100,
"Start": 1714747161,
"End": 1714747168
}
,
{
"ID": 148,
"Binary": "DGLTC_LOTTERY",
"State": 4,
"Progress": 100,
"Start": 1714747156,
"End": 1714747165
}
,
{
"ID": 149,
"Binary": "DGLTC_LOTTERY",
"State": 4,
"Progress": 100,
"Start": 1714747165,
"End": 1714747170
}
,
{
"ID": 150,
"Binary": "DGLTC_LOTTERY",
"State": 4,
"Progress": 100,
"Start": 1714747159,
"End": 1714747165
}
,
{
"ID": 151,
"Binary": "HELIUM_MNEMONICS",
"State": 4,
"Progress": 100,
"Start": 1714747150,
"End": 1714747168
}
,
{
"ID": 152,
"Binary": "HELIUM_MNEMONICS",
"State": 4,
"Progress": 100,
"Start": 1714747151,
"End": 1714747168
}
,
{
"ID": 153,
"Binary": "HELIUM_MNEMONICS",
"State": 4,
"Progress": 100,
"Start": 1714747151,
"End": 1714747157
}
,
{
"ID": 154,
"Binary": "HELIUM_MNEMONICS",
"State": 4,
"Progress": 100,
"Start": 1714747151,
"End": 1714747159
}
,
{
"ID": 155,
"Binary": "HELIUM_MNEMONICS",
"State": 4,
"Progress": 100,
"Start": 1714747151,
"End": 1714747168
}
,
{
"ID": 156,
"Binary": "HELIUM_MNEMONICS",
"State": 4,
"Progress": 100,
"Start": 1714747154,
"End": 1714747159
}
,
{
"ID": 157,
"Binary": "HELIUM_MNEMONICS",
"State": 4,
"Progress": 100,
"Start": 1714747157,
"End": 1714747163
}
,
{
"ID": 158,
"Binary": "HELIUM_MNEMONICS",
"State": 4,
"Progress": 100,
"Start": 1714747155,
"End": 1714747161
}
,
{
"ID": 159,
"Binary": "HELIUM_MNEMONICS",
"State": 4,
"Progress": 100,
"Start": 1714747154,
"End": 1714747159
}
,
{
"ID": 160,
"Binary": "HELIUM_MNEMONICS",
"State": 4,
"Progress": 100,
"Start": 1714747159,
"End": 1714747167
}
,
{
"ID": 161,
"Binary": "HELIUM_MNEMONICS",
"State": 4,
"Progress": 100,
"Start": 1714747168,
"End": 1714747186
}
,
{
"ID": 162,
"Binary": "HELIUM_MNEMONICS",
"State": 4,
"Progress": 100,
"Start": 1714747168,
"End": 1714747175
}
,
{
"ID": 163,
"Binary": "HELIUM_MNEMONICS",
"State": 4,
"Progress": 100,
"Start": 1714747168,
"End": 1714747185
}
,
{
"ID": 164,
"Binary": "HELIUM_MNEMONICS",
"State": 4,
"Progress": 100,
"Start": 1714747168,
"End": 1714747176
}
,
{
"ID": 165,
"Binary": "HELIUM_MNEMONICS",
"State": 4,
"Progress": 100,
"Start": 1714747168,
"End": 1714747185
}
,
{
"ID": 166,
"Binary": "HELIUM_MNEMONICS",
"State": 4,
"Progress": 100,
"Start": 1714747168,
"End": 1714747175
}
,
{
"ID": 167,
"Binary": "HELIUM_MNEMONICS",
"State": 4,
"Progress": 100,
"Start": 1714747168,
"End": 1714747175
}
,
{
"ID": 168,
"Binary": "HELIUM_MNEMONICS",
"State": 4,
"Progress": 100,
"Start": 1714747171,
"End": 1714747175
}
,
{
"ID": 169,
"Binary": "HELIUM_MNEMONICS",
"State": 4,
"Progress": 100,
"Start": 1714747170,
"End": 1714747175
}
,
{
"ID": 170,
"Binary": "HELIUM_MNEMONICS",
"State": 4,
"Progress": 100,
"Start": 1714747175,
"End": 1714747181
}
,
{
"ID": 171,
"Binary": "DGLTC_LOTTERY",
"State": 2,
"Progress": 0,
"Start": 1714747185,
"End": 0
}
,
{
"ID": 172,
"Binary": "DGLTC_LOTTERY",
"State": 2,
"Progress": 0,
"Start": 1714747185,
"End": 0
}
,
{
"ID": 173,
"Binary": "DGLTC_LOTTERY",
"State": 2,
"Progress": 0,
"Start": 1714747185,
"End": 0
}
,
{
"ID": 174,
"Binary": "DGLTC_LOTTERY",
"State": 2,
"Progress": 0,
"Start": 1714747185,
"End": 0
}
,
{
"ID": 175,
"Binary": "DGLTC_LOTTERY",
"State": 1,
"Progress": 0,
"Start": 0,
"End": 0
}
,
{
"ID": 176,
"Binary": "DGLTC_LOTTERY",
"State": 1,
"Progress": 0,
"Start": 0,
"End": 0
}
,
{
"ID": 177,
"Binary": "DGLTC_LOTTERY",
"State": 1,
"Progress": 0,
"Start": 0,
"End": 0
}
,
{
"ID": 178,
"Binary": "DGLTC_LOTTERY",
"State": 1,
"Progress": 0,
"Start": 0,
"End": 0
}
,
{
"ID": 179,
"Binary": "DGLTC_LOTTERY",
"State": 1,
"Progress": 0,
"Start": 0,
"End": 0
}
,
{
"ID": 180,
"Binary": "DGLTC_LOTTERY",
"State": 1,
"Progress": 0,
"Start": 0,
"End": 0
}
,
{
"ID": 181,
"Binary": "HELIUM_MNEMONICS",
"State": 2,
"Progress": 0,
"Start": 1714747186,
"End": 0
}
,
{
"ID": 182,
"Binary": "HELIUM_MNEMONICS",
"State": 2,
"Progress": 0,
"Start": 1714747186,
"End": 0
}
,
{
"ID": 183,
"Binary": "HELIUM_MNEMONICS",
"State": 2,
"Progress": 0,
"Start": 1714747186,
"End": 0
}
,
{
"ID": 184,
"Binary": "HELIUM_MNEMONICS",
"State": 2,
"Progress": 0,
"Start": 1714747186,
"End": 0
}
,
{
"ID": 185,
"Binary": "HELIUM_MNEMONICS",
"State": 2,
"Progress": 0,
"Start": 1714747186,
"End": 0
}
,
{
"ID": 186,
"Binary": "HELIUM_MNEMONICS",
"State": 1,
"Progress": 0,
"Start": 0,
"End": 0
}
,
{
"ID": 187,
"Binary": "HELIUM_MNEMONICS",
"State": 1,
"Progress": 0,
"Start": 0,
"End": 0
}
,
{
"ID": 188,
"Binary": "HELIUM_MNEMONICS",
"State": 1,
"Progress": 0,
"Start": 0,
"End": 0
}
,
{
"ID": 189,
"Binary": "HELIUM_MNEMONICS",
"State": 1,
"Progress": 0,
"Start": 0,
"End": 0
}
,
{
"ID": 190,
"Binary": "HELIUM_MNEMONICS",
"State": 1,
"Progress": 0,
"Start": 0,
"End": 0
}
],
"Nodes":[
{
"ID": "PI_KNS",
"Class": 1,
"Task": 183,
"CPUCount": 4,
"LoadAverage": 4.110000,
"TasksCompleted": 14,
"System": 6,
"Enabled": 1
}
,
{
"ID": "PI_KNS",
"Class": 1,
"Task": 184,
"CPUCount": 4,
"LoadAverage": 4.110000,
"TasksCompleted": 13,
"System": 6,
"Enabled": 1
}
,
{
"ID": "GS_WORK",
"Class": 1,
"Task": 174,
"CPUCount": 1,
"LoadAverage": 0.780000,
"TasksCompleted": 20,
"System": 5,
"Enabled": 1
}
,
{
"ID": "J_PROX",
"Class": 1,
"Task": 172,
"CPUCount": 2,
"LoadAverage": 1.459961,
"TasksCompleted": 30,
"System": 5,
"Enabled": 1
}
,
{
"ID": "GS_EXPLORER",
"Class": 1,
"Task": 173,
"CPUCount": 1,
"LoadAverage": 0.870000,
"TasksCompleted": 22,
"System": 5,
"Enabled": 1
}
,
{
"ID": "J_PROX",
"Class": 1,
"Task": 171,
"CPUCount": 2,
"LoadAverage": 1.459961,
"TasksCompleted": 26,
"System": 5,
"Enabled": 1
}
,
{
"ID": "PI_SOLAR",
"Class": 1,
"Task": 185,
"CPUCount": 4,