{
"CPU": 1.856808,
"Starttime": 1714888439,
"Epoch": 1714902599,
"Version": "0.8",
"Throttled": 0,
"Utilization": 11.111112,
"Connections": 2,
"NodesCount": 9,
"TasksNew": 0,
"TasksCompleted": 10,
"TasksRunning": 0,
"TasksFailed": 10,
"TasksCount": 20,
"Tasks":[
{
"ID": 25381,
"Binary": "DGLTC_LOTTERY",
"State": 3,
"Progress": 100,
"Start": 1714902571,
"End": 1714902574
}
,
{
"ID": 25382,
"Binary": "DGLTC_LOTTERY",
"State": 3,
"Progress": 0,
"Start": 1714902571,
"End": 0
}
,
{
"ID": 25383,
"Binary": "DGLTC_LOTTERY",
"State": 3,
"Progress": 100,
"Start": 1714902571,
"End": 1714902574
}
,
{
"ID": 25384,
"Binary": "DGLTC_LOTTERY",
"State": 3,
"Progress": 100,
"Start": 1714902571,
"End": 1714902573
}
,
{
"ID": 25385,
"Binary": "DGLTC_LOTTERY",
"State": 3,
"Progress": 100,
"Start": 1714902571,
"End": 1714902573
}
,
{
"ID": 25386,
"Binary": "DGLTC_LOTTERY",
"State": 3,
"Progress": 100,
"Start": 1714902574,
"End": 1714902576
}
,
{
"ID": 25387,
"Binary": "DGLTC_LOTTERY",
"State": 3,
"Progress": 100,
"Start": 1714902573,
"End": 1714902576
}
,
{
"ID": 25388,
"Binary": "DGLTC_LOTTERY",
"State": 3,
"Progress": 100,
"Start": 1714902576,
"End": 1714902577
}
,
{
"ID": 25389,
"Binary": "DGLTC_LOTTERY",
"State": 3,
"Progress": 100,
"Start": 1714902573,
"End": 1714902576
}
,
{
"ID": 25390,
"Binary": "DGLTC_LOTTERY",
"State": 3,
"Progress": 100,
"Start": 1714902574,
"End": 1714902576
}
,
{
"ID": 25391,
"Binary": "DGLTC_LOTTERY",
"State": 4,
"Progress": 100,
"Start": 1714902576,
"End": 1714902578
}
,
{
"ID": 25392,
"Binary": "DGLTC_LOTTERY",
"State": 4,
"Progress": 100,
"Start": 1714902576,
"End": 1714902579
}
,
{
"ID": 25393,
"Binary": "DGLTC_LOTTERY",
"State": 4,
"Progress": 100,
"Start": 1714902576,
"End": 1714902578
}
,
{
"ID": 25394,
"Binary": "DGLTC_LOTTERY",
"State": 4,
"Progress": 100,
"Start": 1714902579,
"End": 1714902581
}
,
{
"ID": 25395,
"Binary": "DGLTC_LOTTERY",
"State": 4,
"Progress": 100,
"Start": 1714902581,
"End": 1714902582
}
,
{
"ID": 25396,
"Binary": "DGLTC_LOTTERY",
"State": 4,
"Progress": 100,
"Start": 1714902579,
"End": 1714902581
}
,
{
"ID": 25397,
"Binary": "DGLTC_LOTTERY",
"State": 4,
"Progress": 100,
"Start": 1714902579,
"End": 1714902582
}
,
{
"ID": 25398,
"Binary": "DGLTC_LOTTERY",
"State": 4,
"Progress": 100,
"Start": 1714902578,
"End": 1714902579
}
,
{
"ID": 25399,
"Binary": "DGLTC_LOTTERY",
"State": 4,
"Progress": 100,
"Start": 1714902577,
"End": 1714902579
}
,
{
"ID": 25400,
"Binary": "DGLTC_LOTTERY",
"State": 4,
"Progress": 100,
"Start": 1714902578,
"End": 1714902581
}
],
"Nodes":[
{
"ID": "PI_SOLAR",
"Class": 1,
"Task": 0,
"CPUCount": 4,
"LoadAverage": 0.226562,
"TasksCompleted": 28,
"System": 6,
"Enabled": 1
}
,
{
"ID": "LibClient",
"Class": 2,
"Task": 0,
"CPUCount": 1,
"LoadAverage": 0.107910,
"TasksCompleted": 0,
"System": 5,
"Enabled": 1
}
,
{
"ID": "PI_KNS",
"Class": 1,
"Task": 0,
"CPUCount": 4,
"LoadAverage": 0.530000,
"TasksCompleted": 18,
"System": 6,
"Enabled": 1
}
,
{
"ID": "PI_KNS",
"Class": 1,
"Task": 0,
"CPUCount": 4,
"LoadAverage": 0.530000,
"TasksCompleted": 19,
"System": 6,
"Enabled": 1
}
,
{
"ID": "GS_EXPLORER",
"Class": 1,
"Task": 0,
"CPUCount": 1,
"LoadAverage": 0.000000,
"TasksCompleted": 465,
"System": 5,
"Enabled": 1
}
,
{
"ID": "GS_WORK",
"Class": 1,
"Task": 0,
"CPUCount": 1,
"LoadAverage": 0.100000,
"TasksCompleted": 399,
"System": 5,
"Enabled": 1
}
,
{
"ID": "LibClient",
"Class": 2,
"Task": 0,
"CPUCount": 1,
"LoadAverage": 0.107910,
"TasksCompleted": 0,
"System": 5,
"Enabled": 1
}
,
{
"ID": "J_PROX",
"Class": 1,
"Task": 0,
"CPUCount": 2,
"LoadAverage": 0.228516,
"TasksCompleted": 607,
"System": 5,
"Enabled": 1
}
,
{
"ID": "J_PROX",
"Class": 1,
"Task": 0,
"CPUCount": 2,
"LoadAverage": 0.228516,
"TasksCompleted": 563,
"System": 5,
"Enabled": 1
}
,
{
"ID": "ABLACK",
"Class": 1,
"Task": 0,
"CPUCount": 4,
"LoadAverage": 9.060000,
"TasksCompleted": 0,
"System": 6,
"Enabled": 1
}
,
{
"ID": "IMAC1",
"Class": 1,
"Task": 25382,
"CPUCount": 8,
"LoadAverage": 1.524414,
"TasksCompleted": 4,
"System": 3,
"Enabled": 1
}
]}