{
"CPU": 7.544329,
"Starttime": 1714751364,
"Epoch": 1714841964,
"Version": "0.8",
"Throttled": 8,
"Utilization": 25.000000,
"Connections": 2,
"NodesCount": 12,
"TasksNew": 0,
"TasksCompleted": 10,
"TasksRunning": 3,
"TasksFailed": 10,
"TasksCount": 23,
"Tasks":[
{
"ID": 14581,
"Binary": "BTC_LOTTERY",
"State": 2,
"Progress": 0,
"Start": 1714841534,
"End": 0
}
,
{
"ID": 14582,
"Binary": "BTC_LOTTERY",
"State": 2,
"Progress": 0,
"Start": 1714841534,
"End": 0
}
,
{
"ID": 14586,
"Binary": "BTC_LOTTERY",
"State": 2,
"Progress": 0,
"Start": 1714841534,
"End": 0
}
,
{
"ID": 14671,
"Binary": "DGLTC_LOTTERY",
"State": 3,
"Progress": 100,
"Start": 1714841931,
"End": 1714841932
}
,
{
"ID": 14672,
"Binary": "DGLTC_LOTTERY",
"State": 3,
"Progress": 100,
"Start": 1714841931,
"End": 1714841932
}
,
{
"ID": 14673,
"Binary": "DGLTC_LOTTERY",
"State": 3,
"Progress": 100,
"Start": 1714841931,
"End": 1714841932
}
,
{
"ID": 14674,
"Binary": "DGLTC_LOTTERY",
"State": 3,
"Progress": 100,
"Start": 1714841931,
"End": 1714841932
}
,
{
"ID": 14675,
"Binary": "DGLTC_LOTTERY",
"State": 3,
"Progress": 100,
"Start": 1714841931,
"End": 1714841932
}
,
{
"ID": 14676,
"Binary": "DGLTC_LOTTERY",
"State": 3,
"Progress": 100,
"Start": 1714841931,
"End": 1714841932
}
,
{
"ID": 14677,
"Binary": "DGLTC_LOTTERY",
"State": 3,
"Progress": 100,
"Start": 1714841931,
"End": 1714841932
}
,
{
"ID": 14678,
"Binary": "DGLTC_LOTTERY",
"State": 3,
"Progress": 0,
"Start": 0,
"End": 0
}
,
{
"ID": 14679,
"Binary": "DGLTC_LOTTERY",
"State": 3,
"Progress": 0,
"Start": 0,
"End": 0
}
,
{
"ID": 14680,
"Binary": "DGLTC_LOTTERY",
"State": 3,
"Progress": 0,
"Start": 0,
"End": 0
}
,
{
"ID": 14681,
"Binary": "DGLTC_LOTTERY",
"State": 4,
"Progress": 100,
"Start": 1714841932,
"End": 1714841936
}
,
{
"ID": 14682,
"Binary": "DGLTC_LOTTERY",
"State": 4,
"Progress": 100,
"Start": 1714841932,
"End": 1714841935
}
,
{
"ID": 14683,
"Binary": "DGLTC_LOTTERY",
"State": 4,
"Progress": 100,
"Start": 1714841932,
"End": 1714841935
}
,
{
"ID": 14684,
"Binary": "DGLTC_LOTTERY",
"State": 4,
"Progress": 100,
"Start": 1714841932,
"End": 1714841934
}
,
{
"ID": 14685,
"Binary": "DGLTC_LOTTERY",
"State": 4,
"Progress": 100,
"Start": 1714841932,
"End": 1714841935
}
,
{
"ID": 14686,
"Binary": "DGLTC_LOTTERY",
"State": 4,
"Progress": 100,
"Start": 1714841935,
"End": 1714841937
}
,
{
"ID": 14687,
"Binary": "DGLTC_LOTTERY",
"State": 4,
"Progress": 100,
"Start": 1714841932,
"End": 1714841935
}
,
{
"ID": 14688,
"Binary": "DGLTC_LOTTERY",
"State": 4,
"Progress": 100,
"Start": 1714841932,
"End": 1714841934
}
,
{
"ID": 14689,
"Binary": "DGLTC_LOTTERY",
"State": 4,
"Progress": 100,
"Start": 1714841934,
"End": 1714841937
}
,
{
"ID": 14690,
"Binary": "DGLTC_LOTTERY",
"State": 4,
"Progress": 100,
"Start": 1714841934,
"End": 1714841936
}
],
"Nodes":[
{
"ID": "ABLACK",
"Class": 1,
"Task": 0,
"CPUCount": 1,
"LoadAverage": 9.440000,
"TasksCompleted": 117,
"System": 6,
"Enabled": 1
}
,
{
"ID": "AWHITE",
"Class": 1,
"Task": 0,
"CPUCount": 8,
"LoadAverage": 0.000000,
"TasksCompleted": 121,
"System": 7,
"Enabled": 1
}
,
{
"ID": "PI_SOLAR",
"Class": 1,
"Task": 14586,
"CPUCount": 4,
"LoadAverage": 2.156738,
"TasksCompleted": 112,
"System": 6,
"Enabled": 1
}
,
{
"ID": "DELL1",
"Class": 1,
"Task": 0,
"CPUCount": 8,
"LoadAverage": 2.964355,
"TasksCompleted": 3135,
"System": 5,
"Enabled": 1
}
,
{
"ID": "J_PROX",
"Class": 1,
"Task": 0,
"CPUCount": 2,
"LoadAverage": 0.347656,
"TasksCompleted": 92,
"System": 5,
"Enabled": 1
}
,
{
"ID": "J_PROX",
"Class": 1,
"Task": 0,
"CPUCount": 2,
"LoadAverage": 0.347656,
"TasksCompleted": 90,
"System": 5,
"Enabled": 1
}
,
{
"ID": "GS_EXPLORER",
"Class": 1,
"Task": 0,
"CPUCount": 1,
"LoadAverage": 0.050000,
"TasksCompleted": 81,
"System": 5,
"Enabled": 1
}
,
{
"ID": "PI_KNS",
"Class": 1,
"Task": 14582,
"CPUCount": 4,
"LoadAverage": 4.480000,
"TasksCompleted": 7,
"System": 6,
"Enabled": 1
}
,
{
"ID": "PI_KNS",
"Class": 1,
"Task": 14581,
"CPUCount": 4,
"LoadAverage": 4.480000,
"TasksCompleted": 7,
"System": 6,
"Enabled": 1
}
,
{
"ID": "LibClient",
"Class": 2,
"Task": 0,
"CPUCount": 1,
"LoadAverage": 0.376953,
"TasksCompleted": 0,
"System": 5,
"Enabled": 1
}
,
{
"ID": "LibClient",
"Class": 2,
"Task": 0,
"CPUCount": 1,
"LoadAverage": 0.376953,
"TasksCompleted": 0,
"System": 5,
"Enabled": 1
}
,
{
"ID": "P_PROX",
"Class": 1,
"Task": 0,
"CPUCount": 2,
"LoadAverage": 0.376953,
"TasksCompleted": 9,
"System": 5,
"Enabled": 1
}
,
{
"ID": "P_PROX",
"Class": 1,
"Task": 0,
"CPUCount": 2,
"LoadAverage": 0.376953,
"TasksCompleted": 8,
"System": 5,
"Enabled": 1
}
,
{
"ID": "GS_WORK",
"Class": 1,
"Task": 0,
"CPUCount": 1,
"LoadAverage": 0.000000,
"TasksCompleted": 2,
"System": 5,
"Enabled": 1
}
]}