{
"CPU": 25.142094,
"Starttime": 1714751364,
"Epoch": 1714864764,
"Version": "0.8",
"Throttled": 10,
"Utilization": 0.000000,
"Connections": 2,
"NodesCount": 11,
"TasksNew": 0,
"TasksCompleted": 10,
"TasksRunning": 0,
"TasksFailed": 10,
"TasksCount": 20,
"Tasks":[
{
"ID": 19081,
"Binary": "DGLTC_LOTTERY",
"State": 3,
"Progress": 100,
"Start": 1714864713,
"End": 1714864719
}
,
{
"ID": 19082,
"Binary": "DGLTC_LOTTERY",
"State": 3,
"Progress": 100,
"Start": 1714864713,
"End": 1714864719
}
,
{
"ID": 19083,
"Binary": "DGLTC_LOTTERY",
"State": 3,
"Progress": 100,
"Start": 1714864713,
"End": 1714864719
}
,
{
"ID": 19084,
"Binary": "DGLTC_LOTTERY",
"State": 3,
"Progress": 100,
"Start": 1714864713,
"End": 1714864719
}
,
{
"ID": 19085,
"Binary": "DGLTC_LOTTERY",
"State": 3,
"Progress": 100,
"Start": 1714864713,
"End": 1714864716
}
,
{
"ID": 19086,
"Binary": "DGLTC_LOTTERY",
"State": 3,
"Progress": 100,
"Start": 1714864713,
"End": 1714864718
}
,
{
"ID": 19087,
"Binary": "DGLTC_LOTTERY",
"State": 3,
"Progress": 100,
"Start": 1714864716,
"End": 1714864719
}
,
{
"ID": 19088,
"Binary": "DGLTC_LOTTERY",
"State": 3,
"Progress": 100,
"Start": 1714864719,
"End": 1714864720
}
,
{
"ID": 19089,
"Binary": "DGLTC_LOTTERY",
"State": 3,
"Progress": 100,
"Start": 1714864719,
"End": 1714864720
}
,
{
"ID": 19090,
"Binary": "DGLTC_LOTTERY",
"State": 3,
"Progress": 100,
"Start": 1714864718,
"End": 1714864720
}
,
{
"ID": 19091,
"Binary": "DGLTC_LOTTERY",
"State": 4,
"Progress": 100,
"Start": 1714864719,
"End": 1714864724
}
,
{
"ID": 19092,
"Binary": "DGLTC_LOTTERY",
"State": 4,
"Progress": 100,
"Start": 1714864719,
"End": 1714864726
}
,
{
"ID": 19093,
"Binary": "DGLTC_LOTTERY",
"State": 4,
"Progress": 100,
"Start": 1714864719,
"End": 1714864728
}
,
{
"ID": 19094,
"Binary": "DGLTC_LOTTERY",
"State": 4,
"Progress": 100,
"Start": 1714864725,
"End": 1714864730
}
,
{
"ID": 19095,
"Binary": "DGLTC_LOTTERY",
"State": 4,
"Progress": 100,
"Start": 1714864720,
"End": 1714864726
}
,
{
"ID": 19096,
"Binary": "DGLTC_LOTTERY",
"State": 4,
"Progress": 100,
"Start": 1714864726,
"End": 1714864732
}
,
{
"ID": 19097,
"Binary": "DGLTC_LOTTERY",
"State": 4,
"Progress": 100,
"Start": 1714864726,
"End": 1714864730
}
,
{
"ID": 19098,
"Binary": "DGLTC_LOTTERY",
"State": 4,
"Progress": 100,
"Start": 1714864724,
"End": 1714864729
}
,
{
"ID": 19099,
"Binary": "DGLTC_LOTTERY",
"State": 4,
"Progress": 100,
"Start": 1714864720,
"End": 1714864725
}
,
{
"ID": 19100,
"Binary": "DGLTC_LOTTERY",
"State": 4,
"Progress": 100,
"Start": 1714864720,
"End": 1714864726
}
],
"Nodes":[
{
"ID": "ABLACK",
"Class": 1,
"Task": 0,
"CPUCount": 1,
"LoadAverage": 9.080000,
"TasksCompleted": 167,
"System": 6,
"Enabled": 1
}
,
{
"ID": "AWHITE",
"Class": 1,
"Task": 0,
"CPUCount": 8,
"LoadAverage": 0.000000,
"TasksCompleted": 177,
"System": 7,
"Enabled": 1
}
,
{
"ID": "PI_SOLAR",
"Class": 1,
"Task": 0,
"CPUCount": 4,
"LoadAverage": 0.310059,
"TasksCompleted": 160,
"System": 6,
"Enabled": 1
}
,
{
"ID": "J_PROX",
"Class": 1,
"Task": 0,
"CPUCount": 2,
"LoadAverage": 0.754883,
"TasksCompleted": 658,
"System": 5,
"Enabled": 1
}
,
{
"ID": "J_PROX",
"Class": 1,
"Task": 0,
"CPUCount": 2,
"LoadAverage": 0.754883,
"TasksCompleted": 631,
"System": 5,
"Enabled": 1
}
,
{
"ID": "GS_EXPLORER",
"Class": 1,
"Task": 0,
"CPUCount": 1,
"LoadAverage": 0.460000,
"TasksCompleted": 501,
"System": 5,
"Enabled": 1
}
,
{
"ID": "PI_KNS",
"Class": 1,
"Task": 0,
"CPUCount": 4,
"LoadAverage": 0.890000,
"TasksCompleted": 61,
"System": 6,
"Enabled": 1
}
,
{
"ID": "PI_KNS",
"Class": 1,
"Task": 0,
"CPUCount": 4,
"LoadAverage": 0.890000,
"TasksCompleted": 61,
"System": 6,
"Enabled": 1
}
,
{
"ID": "LibClient",
"Class": 2,
"Task": 0,
"CPUCount": 1,
"LoadAverage": 0.909668,
"TasksCompleted": 0,
"System": 5,
"Enabled": 1
}
,
{
"ID": "P_PROX",
"Class": 1,
"Task": 0,
"CPUCount": 2,
"LoadAverage": 0.909668,
"TasksCompleted": 612,
"System": 5,
"Enabled": 1
}
,
{
"ID": "P_PROX",
"Class": 1,
"Task": 0,
"CPUCount": 2,
"LoadAverage": 0.909668,
"TasksCompleted": 609,
"System": 5,
"Enabled": 1
}
,
{
"ID": "GS_WORK",
"Class": 1,
"Task": 0,
"CPUCount": 1,
"LoadAverage": 0.290000,
"TasksCompleted": 392,
"System": 5,
"Enabled": 1
}
,
{
"ID": "LibClient",
"Class": 2,
"Task": 0,
"CPUCount": 1,
"LoadAverage": 0.909668,
"TasksCompleted": 0,
"System": 5,
"Enabled": 1
}
]}