{
"CPU": 2.180842,
"Starttime": 1714751364,
"Epoch": 1714790364,
"Version": "0.8",
"Throttled": 3,
"Utilization": 25.000000,
"Connections": 2,
"NodesCount": 12,
"TasksNew": 0,
"TasksCompleted": 23,
"TasksRunning": 3,
"TasksFailed": 0,
"TasksCount": 26,
"Tasks":[
{
"ID": 5752,
"Binary": "BTC_LOTTERY",
"State": 4,
"Progress": 100,
"Start": 1714790213,
"End": 1714790316
}
,
{
"ID": 5753,
"Binary": "BTC_LOTTERY",
"State": 4,
"Progress": 100,
"Start": 1714790213,
"End": 1714790304
}
,
{
"ID": 5754,
"Binary": "BTC_LOTTERY",
"State": 2,
"Progress": 0,
"Start": 1714790213,
"End": 0
}
,
{
"ID": 5755,
"Binary": "BTC_LOTTERY",
"State": 2,
"Progress": 0,
"Start": 1714790213,
"End": 0
}
,
{
"ID": 5757,
"Binary": "BTC_LOTTERY",
"State": 4,
"Progress": 100,
"Start": 1714790213,
"End": 1714790340
}
,
{
"ID": 5759,
"Binary": "BTC_LOTTERY",
"State": 2,
"Progress": 0,
"Start": 1714790213,
"End": 0
}
,
{
"ID": 5771,
"Binary": "DGLTC_LOTTERY",
"State": 4,
"Progress": 100,
"Start": 1714790316,
"End": 1714790319
}
,
{
"ID": 5772,
"Binary": "DGLTC_LOTTERY",
"State": 4,
"Progress": 100,
"Start": 1714790316,
"End": 1714790320
}
,
{
"ID": 5773,
"Binary": "DGLTC_LOTTERY",
"State": 4,
"Progress": 100,
"Start": 1714790316,
"End": 1714790319
}
,
{
"ID": 5774,
"Binary": "DGLTC_LOTTERY",
"State": 4,
"Progress": 100,
"Start": 1714790316,
"End": 1714790319
}
,
{
"ID": 5775,
"Binary": "DGLTC_LOTTERY",
"State": 4,
"Progress": 100,
"Start": 1714790316,
"End": 1714790320
}
,
{
"ID": 5776,
"Binary": "DGLTC_LOTTERY",
"State": 4,
"Progress": 100,
"Start": 1714790316,
"End": 1714790319
}
,
{
"ID": 5777,
"Binary": "DGLTC_LOTTERY",
"State": 4,
"Progress": 100,
"Start": 1714790316,
"End": 1714790318
}
,
{
"ID": 5778,
"Binary": "DGLTC_LOTTERY",
"State": 4,
"Progress": 100,
"Start": 1714790319,
"End": 1714790323
}
,
{
"ID": 5779,
"Binary": "DGLTC_LOTTERY",
"State": 4,
"Progress": 100,
"Start": 1714790318,
"End": 1714790321
}
,
{
"ID": 5780,
"Binary": "DGLTC_LOTTERY",
"State": 4,
"Progress": 100,
"Start": 1714790319,
"End": 1714790323
}
,
{
"ID": 5781,
"Binary": "DGLTC_LOTTERY",
"State": 4,
"Progress": 100,
"Start": 1714790350,
"End": 1714790352
}
,
{
"ID": 5782,
"Binary": "DGLTC_LOTTERY",
"State": 4,
"Progress": 100,
"Start": 1714790350,
"End": 1714790353
}
,
{
"ID": 5783,
"Binary": "DGLTC_LOTTERY",
"State": 4,
"Progress": 100,
"Start": 1714790350,
"End": 1714790353
}
,
{
"ID": 5784,
"Binary": "DGLTC_LOTTERY",
"State": 4,
"Progress": 100,
"Start": 1714790350,
"End": 1714790353
}
,
{
"ID": 5785,
"Binary": "DGLTC_LOTTERY",
"State": 4,
"Progress": 100,
"Start": 1714790350,
"End": 1714790352
}
,
{
"ID": 5786,
"Binary": "DGLTC_LOTTERY",
"State": 4,
"Progress": 100,
"Start": 1714790350,
"End": 1714790352
}
,
{
"ID": 5787,
"Binary": "DGLTC_LOTTERY",
"State": 4,
"Progress": 100,
"Start": 1714790350,
"End": 1714790353
}
,
{
"ID": 5788,
"Binary": "DGLTC_LOTTERY",
"State": 4,
"Progress": 100,
"Start": 1714790352,
"End": 1714790353
}
,
{
"ID": 5789,
"Binary": "DGLTC_LOTTERY",
"State": 4,
"Progress": 100,
"Start": 1714790352,
"End": 1714790354
}
,
{
"ID": 5790,
"Binary": "DGLTC_LOTTERY",
"State": 4,
"Progress": 100,
"Start": 1714790352,
"End": 1714790355
}
],
"Nodes":[
{
"ID": "ABLACK",
"Class": 1,
"Task": 5755,
"CPUCount": 3,
"LoadAverage": 10.600000,
"TasksCompleted": 37,
"System": 6,
"Enabled": 1
}
,
{
"ID": "AWHITE",
"Class": 1,
"Task": 0,
"CPUCount": 8,
"LoadAverage": 0.000000,
"TasksCompleted": 43,
"System": 7,
"Enabled": 1
}
,
{
"ID": "J_PROX",
"Class": 1,
"Task": 0,
"CPUCount": 2,
"LoadAverage": 0.423340,
"TasksCompleted": 664,
"System": 5,
"Enabled": 1
}
,
{
"ID": "J_PROX",
"Class": 1,
"Task": 0,
"CPUCount": 2,
"LoadAverage": 0.423340,
"TasksCompleted": 661,
"System": 5,
"Enabled": 1
}
,
{
"ID": "GS_WORK",
"Class": 1,
"Task": 0,
"CPUCount": 1,
"LoadAverage": 0.950000,
"TasksCompleted": 446,
"System": 5,
"Enabled": 1
}
,
{
"ID": "GS_EXPLORER",
"Class": 1,
"Task": 0,
"CPUCount": 1,
"LoadAverage": 0.780000,
"TasksCompleted": 444,
"System": 5,
"Enabled": 1
}
,
{
"ID": "PI_KNS",
"Class": 1,
"Task": 0,
"CPUCount": 4,
"LoadAverage": 2.560000,
"TasksCompleted": 45,
"System": 6,
"Enabled": 1
}
,
{
"ID": "PI_KNS",
"Class": 1,
"Task": 5754,
"CPUCount": 4,
"LoadAverage": 2.560000,
"TasksCompleted": 43,
"System": 6,
"Enabled": 1
}
,
{
"ID": "PI_SOLAR",
"Class": 1,
"Task": 5759,
"CPUCount": 4,
"LoadAverage": 2.156738,
"TasksCompleted": 33,
"System": 6,
"Enabled": 1
}
,
{
"ID": "LibClient",
"Class": 2,
"Task": 0,
"CPUCount": 1,
"LoadAverage": 0.975098,
"TasksCompleted": 0,
"System": 5,
"Enabled": 1
}
,
{
"ID": "LibClient",
"Class": 2,
"Task": 0,
"CPUCount": 1,
"LoadAverage": 0.975098,
"TasksCompleted": 0,
"System": 5,
"Enabled": 1
}
,
{
"ID": "DELL1",
"Class": 1,
"Task": 0,
"CPUCount": 8,
"LoadAverage": 1.224121,
"TasksCompleted": 759,
"System": 5,
"Enabled": 1
}
,
{
"ID": "P_PROX",
"Class": 1,
"Task": 0,
"CPUCount": 2,
"LoadAverage": 0.975098,
"TasksCompleted": 452,
"System": 5,
"Enabled": 1
}
,
{
"ID": "P_PROX",
"Class": 1,
"Task": 0,
"CPUCount": 2,
"LoadAverage": 0.975098,
"TasksCompleted": 473,
"System": 5,
"Enabled": 1
}
]}