{
"CPU": 1.822508,
"Starttime": 1714648137,
"Epoch": 1714670997,
"Version": "0.8",
"Utilization": 35.294117,
"Connections": 2,
"NodesCount": 17,
"TasksNew": 0,
"TasksCompleted": 6,
"TasksRunning": 6,
"TasksFailed": 9,
"TasksCount": 21,
"Tasks":[
{
"ID": 2226,
"Binary": "DGLTC_LOTTERY",
"State": 4,
"Progress": 100,
"Start": 1714670944,
"End": 1714670962
}
,
{
"ID": 2231,
"Binary": "DGLTC_LOTTERY",
"State": 3,
"Progress": 100,
"Start": 1714670978,
"End": 1714670983
}
,
{
"ID": 2232,
"Binary": "DGLTC_LOTTERY",
"State": 3,
"Progress": 100,
"Start": 1714670979,
"End": 1714670987
}
,
{
"ID": 2233,
"Binary": "DGLTC_LOTTERY",
"State": 3,
"Progress": 100,
"Start": 1714670979,
"End": 1714670987
}
,
{
"ID": 2234,
"Binary": "DGLTC_LOTTERY",
"State": 3,
"Progress": 100,
"Start": 1714670979,
"End": 1714670983
}
,
{
"ID": 2235,
"Binary": "DGLTC_LOTTERY",
"State": 3,
"Progress": 100,
"Start": 1714670979,
"End": 1714670983
}
,
{
"ID": 2236,
"Binary": "DGLTC_LOTTERY",
"State": 3,
"Progress": 100,
"Start": 1714670979,
"End": 1714670987
}
,
{
"ID": 2237,
"Binary": "DGLTC_LOTTERY",
"State": 3,
"Progress": 100,
"Start": 1714670979,
"End": 1714670987
}
,
{
"ID": 2238,
"Binary": "DGLTC_LOTTERY",
"State": 3,
"Progress": 100,
"Start": 1714670984,
"End": 1714670987
}
,
{
"ID": 2239,
"Binary": "DGLTC_LOTTERY",
"State": 3,
"Progress": 100,
"Start": 1714670983,
"End": 1714670987
}
,
{
"ID": 2240,
"Binary": "DGLTC_LOTTERY",
"State": 4,
"Progress": 100,
"Start": 1714670983,
"End": 1714670987
}
,
{
"ID": 2241,
"Binary": "DGLTC_LOTTERY",
"State": 4,
"Progress": 100,
"Start": 1714670987,
"End": 1714670993
}
,
{
"ID": 2242,
"Binary": "DGLTC_LOTTERY",
"State": 2,
"Progress": 0,
"Start": 1714670987,
"End": 0
}
,
{
"ID": 2243,
"Binary": "DGLTC_LOTTERY",
"State": 2,
"Progress": 0,
"Start": 1714670987,
"End": 0
}
,
{
"ID": 2244,
"Binary": "DGLTC_LOTTERY",
"State": 4,
"Progress": 100,
"Start": 1714670987,
"End": 1714670992
}
,
{
"ID": 2245,
"Binary": "DGLTC_LOTTERY",
"State": 4,
"Progress": 100,
"Start": 1714670988,
"End": 1714670993
}
,
{
"ID": 2246,
"Binary": "DGLTC_LOTTERY",
"State": 2,
"Progress": 0,
"Start": 1714670988,
"End": 0
}
,
{
"ID": 2247,
"Binary": "DGLTC_LOTTERY",
"State": 2,
"Progress": 0,
"Start": 1714670988,
"End": 0
}
,
{
"ID": 2248,
"Binary": "DGLTC_LOTTERY",
"State": 2,
"Progress": 0,
"Start": 1714670993,
"End": 0
}
,
{
"ID": 2249,
"Binary": "DGLTC_LOTTERY",
"State": 2,
"Progress": 0,
"Start": 1714670993,
"End": 0
}
,
{
"ID": 2250,
"Binary": "DGLTC_LOTTERY",
"State": 4,
"Progress": 100,
"Start": 1714670992,
"End": 1714670996
}
],
"Nodes":[
{
"ID": "PI_GRIDMAN",
"Class": 1,
"Task": 0,
"CPUCount": 4,
"LoadAverage": 0.566406,
"TasksCompleted": 98,
"System": 6,
"Enabled": 1
}
,
{
"ID": "DELL2",
"Class": 1,
"Task": 2248,
"CPUCount": 8,
"LoadAverage": 2.070801,
"TasksCompleted": 315,
"System": 5,
"Enabled": 1
}
,
{
"ID": "J_PROX",
"Class": 1,
"Task": 2242,
"CPUCount": 2,
"LoadAverage": 1.406738,
"TasksCompleted": 199,
"System": 5,
"Enabled": 1
}
,
{
"ID": "J_PROX",
"Class": 1,
"Task": 2243,
"CPUCount": 2,
"LoadAverage": 1.406738,
"TasksCompleted": 200,
"System": 5,
"Enabled": 1
}
,
{
"ID": "PI_SOLAR",
"Class": 1,
"Task": 0,
"CPUCount": 4,
"LoadAverage": 0.186035,
"TasksCompleted": 94,
"System": 6,
"Enabled": 1
}
,
{
"ID": "DELL1",
"Class": 1,
"Task": 0,
"CPUCount": 8,
"LoadAverage": 2.070801,
"TasksCompleted": 308,
"System": 5,
"Enabled": 1
}
,
{
"ID": "DELL",
"Class": 1,
"Task": 2249,
"CPUCount": 8,
"LoadAverage": 2.070801,
"TasksCompleted": 308,
"System": 5,
"Enabled": 1
}
,
{
"ID": "GS_WORK",
"Class": 1,
"Task": 2246,
"CPUCount": 1,
"LoadAverage": 0.940000,
"TasksCompleted": 177,
"System": 5,
"Enabled": 1
}
,
{
"ID": "GS_EXPLORER",
"Class": 1,
"Task": 2247,
"CPUCount": 1,
"LoadAverage": 0.950000,
"TasksCompleted": 188,
"System": 5,
"Enabled": 1
}
,
{
"ID": "PI_KNS",
"Class": 1,
"Task": 0,
"CPUCount": 4,
"LoadAverage": 0.600000,
"TasksCompleted": 97,
"System": 6,
"Enabled": 1
}
,
{
"ID": "PI_KNS",
"Class": 1,
"Task": 0,
"CPUCount": 4,
"LoadAverage": 0.600000,
"TasksCompleted": 30,
"System": 6,
"Enabled": 1
}
,
{
"ID": "PI_WIFI",
"Class": 1,
"Task": 0,
"CPUCount": 4,
"LoadAverage": 0.550000,
"TasksCompleted": 33,
"System": 6,
"Enabled": 1
}
,
{
"ID": "AWHITE",
"Class": 1,
"Task": 0,
"CPUCount": 8,
"LoadAverage": 0.000000,
"TasksCompleted": 31,
"System": 7,
"Enabled": 1
}
,
{
"ID": "PI_WIFI",
"Class": 1,
"Task": 0,
"CPUCount": 4,
"LoadAverage": 0.590000,
"TasksCompleted": 27,
"System": 6,
"Enabled": 1
}
,
{
"ID": "PI_WIFI",
"Class": 1,
"Task": 0,
"CPUCount": 4,
"LoadAverage": 0.590000,
"TasksCompleted": 24,
"System": 6,
"Enabled": 1
}
,
{
"ID": "ABLACK",
"Class": 1,
"Task": 0,
"CPUCount": 1,
"LoadAverage": 9.010000,
"TasksCompleted": 21,
"System": 6,
"Enabled": 1
}
,
{
"ID": "LibClient",
"Class": 2,
"Task": 0,
"CPUCount": 4,
"LoadAverage": 0.566406,
"TasksCompleted": 0,
"System": 6,
"Enabled": 1
}
,
{
"ID": "LibClient",
"Class": 2,
"Task": 0,
"CPUCount": 8,
"LoadAverage": 2.070801,
"TasksCompleted": 0,
"System": 5,
"Enabled": 1
}
,
{
"ID": "IMAC1",
"Class": 1,
"Task": 0,
"CPUCount": 8,
"LoadAverage": 1.351074,
"TasksCompleted": 0,
"System": 3,
"Enabled": 1
}
]}