{
"CPU": 17.512646,
"Starttime": 1714648137,
"Epoch": 1714731543,
"Version": "0.8",
"Utilization": 71.428574,
"Connections": 3,
"NodesCount": 14,
"TasksNew": 2,
"TasksCompleted": 15,
"TasksRunning": 10,
"TasksFailed": 0,
"TasksCount": 27,
"Tasks":[
{
"ID": 13171,
"Binary": "BTC_LOTTERY",
"State": 4,
"Progress": 100,
"Start": 1714731351,
"End": 1714731502
}
,
{
"ID": 13173,
"Binary": "BTC_LOTTERY",
"State": 4,
"Progress": 100,
"Start": 1714731351,
"End": 1714731500
}
,
{
"ID": 13174,
"Binary": "BTC_LOTTERY",
"State": 4,
"Progress": 100,
"Start": 1714731351,
"End": 1714731526
}
,
{
"ID": 13177,
"Binary": "BTC_LOTTERY",
"State": 2,
"Progress": 0,
"Start": 1714731351,
"End": 0
}
,
{
"ID": 13178,
"Binary": "BTC_LOTTERY",
"State": 2,
"Progress": 0,
"Start": 1714731351,
"End": 0
}
,
{
"ID": 13179,
"Binary": "BTC_LOTTERY",
"State": 2,
"Progress": 0,
"Start": 1714731351,
"End": 0
}
,
{
"ID": 13181,
"Binary": "HELIUM_MNEMONICS",
"State": 2,
"Progress": 0,
"Start": 1714731402,
"End": 0
}
,
{
"ID": 13182,
"Binary": "HELIUM_MNEMONICS",
"State": 2,
"Progress": 0,
"Start": 1714731402,
"End": 0
}
,
{
"ID": 13184,
"Binary": "HELIUM_MNEMONICS",
"State": 2,
"Progress": 0,
"Start": 1714731402,
"End": 0
}
,
{
"ID": 13203,
"Binary": "DGLTC_LOTTERY",
"State": 4,
"Progress": 100,
"Start": 1714731494,
"End": 1714731505
}
,
{
"ID": 13204,
"Binary": "DGLTC_LOTTERY",
"State": 4,
"Progress": 100,
"Start": 1714731494,
"End": 1714731505
}
,
{
"ID": 13205,
"Binary": "DGLTC_LOTTERY",
"State": 4,
"Progress": 100,
"Start": 1714731500,
"End": 1714731514
}
,
{
"ID": 13206,
"Binary": "DGLTC_LOTTERY",
"State": 4,
"Progress": 100,
"Start": 1714731505,
"End": 1714731517
}
,
{
"ID": 13207,
"Binary": "DGLTC_LOTTERY",
"State": 4,
"Progress": 100,
"Start": 1714731484,
"End": 1714731494
}
,
{
"ID": 13208,
"Binary": "DGLTC_LOTTERY",
"State": 4,
"Progress": 100,
"Start": 1714731484,
"End": 1714731494
}
,
{
"ID": 13209,
"Binary": "DGLTC_LOTTERY",
"State": 4,
"Progress": 100,
"Start": 1714731492,
"End": 1714731505
}
,
{
"ID": 13210,
"Binary": "DGLTC_LOTTERY",
"State": 4,
"Progress": 100,
"Start": 1714731480,
"End": 1714731492
}
,
{
"ID": 13211,
"Binary": "DGLTC_LOTTERY",
"State": 4,
"Progress": 100,
"Start": 1714731526,
"End": 1714731537
}
,
{
"ID": 13212,
"Binary": "DGLTC_LOTTERY",
"State": 4,
"Progress": 100,
"Start": 1714731526,
"End": 1714731540
}
,
{
"ID": 13213,
"Binary": "DGLTC_LOTTERY",
"State": 4,
"Progress": 100,
"Start": 1714731526,
"End": 1714731537
}
,
{
"ID": 13214,
"Binary": "DGLTC_LOTTERY",
"State": 4,
"Progress": 100,
"Start": 1714731526,
"End": 1714731539
}
,
{
"ID": 13215,
"Binary": "DGLTC_LOTTERY",
"State": 1,
"Progress": 0,
"Start": 0,
"End": 0
}
,
{
"ID": 13216,
"Binary": "DGLTC_LOTTERY",
"State": 2,
"Progress": 0,
"Start": 1714731537,
"End": 0
}
,
{
"ID": 13217,
"Binary": "DGLTC_LOTTERY",
"State": 2,
"Progress": 0,
"Start": 1714731539,
"End": 0
}
,
{
"ID": 13218,
"Binary": "DGLTC_LOTTERY",
"State": 2,
"Progress": 0,
"Start": 1714731540,
"End": 0
}
,
{
"ID": 13219,
"Binary": "DGLTC_LOTTERY",
"State": 1,
"Progress": 0,
"Start": 0,
"End": 0
}
,
{
"ID": 13220,
"Binary": "DGLTC_LOTTERY",
"State": 2,
"Progress": 0,
"Start": 1714731537,
"End": 0
}
],
"Nodes":[
{
"ID": "PI_GRIDMAN",
"Class": 1,
"Task": 0,
"CPUCount": 4,
"LoadAverage": 2.157227,
"TasksCompleted": 232,
"System": 6,
"Enabled": 1
}
,
{
"ID": "J_PROX",
"Class": 1,
"Task": 13216,
"CPUCount": 2,
"LoadAverage": 2.771973,
"TasksCompleted": 1466,
"System": 5,
"Enabled": 1
}
,
{
"ID": "GS_WORK",
"Class": 1,
"Task": 13218,
"CPUCount": 1,
"LoadAverage": 1.600000,
"TasksCompleted": 1204,
"System": 5,
"Enabled": 1
}
,
{
"ID": "PI_WIFI",
"Class": 1,
"Task": 13181,
"CPUCount": 4,
"LoadAverage": 7.070000,
"TasksCompleted": 102,
"System": 6,
"Enabled": 1
}
,
{
"ID": "AWHITE",
"Class": 1,
"Task": 0,
"CPUCount": 8,
"LoadAverage": 0.000000,
"TasksCompleted": 108,
"System": 7,
"Enabled": 1
}
,
{
"ID": "PI_WIFI",
"Class": 1,
"Task": 13182,
"CPUCount": 4,
"LoadAverage": 6.990000,
"TasksCompleted": 91,
"System": 6,
"Enabled": 1
}
,
{
"ID": "ABLACK",
"Class": 1,
"Task": 0,
"CPUCount": 1,
"LoadAverage": 9.950000,
"TasksCompleted": 82,
"System": 6,
"Enabled": 1
}
,
{
"ID": "LibClient",
"Class": 2,
"Task": 0,
"CPUCount": 4,
"LoadAverage": 1.984375,
"TasksCompleted": 0,
"System": 6,
"Enabled": 1
}
,
{
"ID": "LibClient",
"Class": 2,
"Task": 0,
"CPUCount": 8,
"LoadAverage": 1.531250,
"TasksCompleted": 0,
"System": 5,
"Enabled": 1
}
,
{
"ID": "J_PROX",
"Class": 1,
"Task": 13220,
"CPUCount": 2,
"LoadAverage": 2.771973,
"TasksCompleted": 389,
"System": 5,
"Enabled": 1
}
,
{
"ID": "GS_EXPLORER",
"Class": 1,
"Task": 13217,
"CPUCount": 1,
"LoadAverage": 1.580000,
"TasksCompleted": 304,
"System": 5,
"Enabled": 1
}
,
{
"ID": "PI_WIFI",
"Class": 1,
"Task": 13184,
"CPUCount": 4,
"LoadAverage": 6.990000,
"TasksCompleted": 46,
"System": 6,
"Enabled": 1
}
,
{
"ID": "PI_SOLAR",
"Class": 1,
"Task": 13177,
"CPUCount": 4,
"LoadAverage": 2.169434,
"TasksCompleted": 21,
"System": 6,
"Enabled": 1
}
,
{
"ID": "PI_KNS",
"Class": 1,
"Task": 13178,
"CPUCount": 4,
"LoadAverage": 4.600000,
"TasksCompleted": 20,
"System": 6,
"Enabled": 1
}
,
{
"ID": "PI_KNS",
"Class": 1,
"Task": 13179,
"CPUCount": 4,
"LoadAverage": 4.600000,
"TasksCompleted": 20,
"System": 6,
"Enabled": 1
}
,
{
"ID": "LibClient",
"Class": 2,
"Task": 0,
"CPUCount": 8,
"LoadAverage": 1.531250,
"TasksCompleted": 0,
"System": 5,
"Enabled": 1
}
,
{
"ID": "IMAC1",
"Class": 1,
"Task": 0,
"CPUCount": 8,
"LoadAverage": 3.523926,
"TasksCompleted": 48,
"System": 3,
"Enabled": 1
}
]}