{
"CPU": 53.089226,
"Starttime": 1714648137,
"Epoch": 1714712402,
"Version": "0.8",
"Utilization": 25.000000,
"Connections": 2,
"NodesCount": 16,
"TasksNew": 0,
"TasksCompleted": 20,
"TasksRunning": 4,
"TasksFailed": 0,
"TasksCount": 24,
"Tasks":[
{
"ID": 9481,
"Binary": "BTC_LOTTERY",
"State": 2,
"Progress": 0,
"Start": 1714712267,
"End": 0
}
,
{
"ID": 9483,
"Binary": "BTC_LOTTERY",
"State": 4,
"Progress": 100,
"Start": 1714712267,
"End": 1714712363
}
,
{
"ID": 9484,
"Binary": "BTC_LOTTERY",
"State": 4,
"Progress": 100,
"Start": 1714712267,
"End": 1714712364
}
,
{
"ID": 9485,
"Binary": "BTC_LOTTERY",
"State": 2,
"Progress": 0,
"Start": 1714712267,
"End": 0
}
,
{
"ID": 9488,
"Binary": "BTC_LOTTERY",
"State": 2,
"Progress": 0,
"Start": 1714712267,
"End": 0
}
,
{
"ID": 9489,
"Binary": "BTC_LOTTERY",
"State": 4,
"Progress": 100,
"Start": 1714712267,
"End": 1714712394
}
,
{
"ID": 9490,
"Binary": "BTC_LOTTERY",
"State": 2,
"Progress": 0,
"Start": 1714712267,
"End": 0
}
,
{
"ID": 9504,
"Binary": "DGLTC_LOTTERY",
"State": 4,
"Progress": 100,
"Start": 1714712343,
"End": 1714712347
}
,
{
"ID": 9505,
"Binary": "DGLTC_LOTTERY",
"State": 4,
"Progress": 100,
"Start": 1714712343,
"End": 1714712348
}
,
{
"ID": 9506,
"Binary": "DGLTC_LOTTERY",
"State": 4,
"Progress": 100,
"Start": 1714712347,
"End": 1714712351
}
,
{
"ID": 9507,
"Binary": "DGLTC_LOTTERY",
"State": 4,
"Progress": 100,
"Start": 1714712343,
"End": 1714712347
}
,
{
"ID": 9508,
"Binary": "DGLTC_LOTTERY",
"State": 4,
"Progress": 100,
"Start": 1714712338,
"End": 1714712343
}
,
{
"ID": 9509,
"Binary": "DGLTC_LOTTERY",
"State": 4,
"Progress": 100,
"Start": 1714712337,
"End": 1714712343
}
,
{
"ID": 9510,
"Binary": "DGLTC_LOTTERY",
"State": 4,
"Progress": 100,
"Start": 1714712338,
"End": 1714712343
}
,
{
"ID": 9511,
"Binary": "DGLTC_LOTTERY",
"State": 4,
"Progress": 100,
"Start": 1714712363,
"End": 1714712367
}
,
{
"ID": 9512,
"Binary": "DGLTC_LOTTERY",
"State": 4,
"Progress": 100,
"Start": 1714712363,
"End": 1714712368
}
,
{
"ID": 9513,
"Binary": "DGLTC_LOTTERY",
"State": 4,
"Progress": 100,
"Start": 1714712363,
"End": 1714712368
}
,
{
"ID": 9514,
"Binary": "DGLTC_LOTTERY",
"State": 4,
"Progress": 100,
"Start": 1714712368,
"End": 1714712373
}
,
{
"ID": 9515,
"Binary": "DGLTC_LOTTERY",
"State": 4,
"Progress": 100,
"Start": 1714712367,
"End": 1714712371
}
,
{
"ID": 9516,
"Binary": "DGLTC_LOTTERY",
"State": 4,
"Progress": 100,
"Start": 1714712371,
"End": 1714712375
}
,
{
"ID": 9517,
"Binary": "DGLTC_LOTTERY",
"State": 4,
"Progress": 100,
"Start": 1714712363,
"End": 1714712374
}
,
{
"ID": 9518,
"Binary": "DGLTC_LOTTERY",
"State": 4,
"Progress": 100,
"Start": 1714712368,
"End": 1714712372
}
,
{
"ID": 9519,
"Binary": "DGLTC_LOTTERY",
"State": 4,
"Progress": 100,
"Start": 1714712372,
"End": 1714712376
}
,
{
"ID": 9520,
"Binary": "DGLTC_LOTTERY",
"State": 4,
"Progress": 100,
"Start": 1714712364,
"End": 1714712374
}
],
"Nodes":[
{
"ID": "PI_GRIDMAN",
"Class": 1,
"Task": 9481,
"CPUCount": 4,
"LoadAverage": 2.656738,
"TasksCompleted": 165,
"System": 6,
"Enabled": 1
}
,
{
"ID": "DELL2",
"Class": 1,
"Task": 0,
"CPUCount": 8,
"LoadAverage": 2.214844,
"TasksCompleted": 1694,
"System": 5,
"Enabled": 1
}
,
{
"ID": "J_PROX",
"Class": 1,
"Task": 0,
"CPUCount": 2,
"LoadAverage": 2.369141,
"TasksCompleted": 856,
"System": 5,
"Enabled": 1
}
,
{
"ID": "J_PROX",
"Class": 1,
"Task": 0,
"CPUCount": 2,
"LoadAverage": 2.369141,
"TasksCompleted": 852,
"System": 5,
"Enabled": 1
}
,
{
"ID": "PI_SOLAR",
"Class": 1,
"Task": 9485,
"CPUCount": 4,
"LoadAverage": 2.212891,
"TasksCompleted": 156,
"System": 6,
"Enabled": 1
}
,
{
"ID": "DELL1",
"Class": 1,
"Task": 0,
"CPUCount": 8,
"LoadAverage": 2.214844,
"TasksCompleted": 1657,
"System": 5,
"Enabled": 1
}
,
{
"ID": "DELL",
"Class": 1,
"Task": 0,
"CPUCount": 8,
"LoadAverage": 2.214844,
"TasksCompleted": 1650,
"System": 5,
"Enabled": 1
}
,
{
"ID": "GS_WORK",
"Class": 1,
"Task": 9488,
"CPUCount": 1,
"LoadAverage": 1.870000,
"TasksCompleted": 791,
"System": 5,
"Enabled": 1
}
,
{
"ID": "GS_EXPLORER",
"Class": 1,
"Task": 0,
"CPUCount": 1,
"LoadAverage": 1.870000,
"TasksCompleted": 831,
"System": 5,
"Enabled": 1
}
,
{
"ID": "PI_KNS",
"Class": 1,
"Task": 9490,
"CPUCount": 4,
"LoadAverage": 2.810000,
"TasksCompleted": 163,
"System": 6,
"Enabled": 1
}
,
{
"ID": "PI_KNS",
"Class": 1,
"Task": 0,
"CPUCount": 4,
"LoadAverage": 2.810000,
"TasksCompleted": 55,
"System": 6,
"Enabled": 1
}
,
{
"ID": "PI_WIFI",
"Class": 1,
"Task": 0,
"CPUCount": 4,
"LoadAverage": 0.360000,
"TasksCompleted": 52,
"System": 6,
"Enabled": 1
}
,
{
"ID": "AWHITE",
"Class": 1,
"Task": 0,
"CPUCount": 8,
"LoadAverage": 0.000000,
"TasksCompleted": 48,
"System": 7,
"Enabled": 1
}
,
{
"ID": "PI_WIFI",
"Class": 1,
"Task": 0,
"CPUCount": 4,
"LoadAverage": 0.360000,
"TasksCompleted": 45,
"System": 6,
"Enabled": 1
}
,
{
"ID": "PI_WIFI",
"Class": 1,
"Task": 0,
"CPUCount": 4,
"LoadAverage": 0.360000,
"TasksCompleted": 39,
"System": 6,
"Enabled": 1
}
,
{
"ID": "ABLACK",
"Class": 1,
"Task": 0,
"CPUCount": 1,
"LoadAverage": 9.180000,
"TasksCompleted": 37,
"System": 6,
"Enabled": 1
}
,
{
"ID": "LibClient",
"Class": 2,
"Task": 0,
"CPUCount": 4,
"LoadAverage": 2.656738,
"TasksCompleted": 0,
"System": 6,
"Enabled": 1
}
,
{
"ID": "LibClient",
"Class": 2,
"Task": 0,
"CPUCount": 8,
"LoadAverage": 2.407715,
"TasksCompleted": 0,
"System": 5,
"Enabled": 1
}
]}