{
"CPU": 1.789896,
"Starttime": 1714888439,
"Epoch": 1714910399,
"Version": "0.8",
"Throttled": 0,
"Utilization": 12.500000,
"Connections": 2,
"NodesCount": 8,
"TasksNew": 0,
"TasksCompleted": 30,
"TasksRunning": 1,
"TasksFailed": 0,
"TasksCount": 31,
"Tasks":[
{
"ID": 26615,
"Binary": "BTC_LOTTERY",
"State": 2,
"Progress": 0,
"Start": 1714909289,
"End": 0
}
,
{
"ID": 26751,
"Binary": "DGLTC_LOTTERY",
"State": 4,
"Progress": 100,
"Start": 1714910340,
"End": 1714910342
}
,
{
"ID": 26752,
"Binary": "DGLTC_LOTTERY",
"State": 4,
"Progress": 100,
"Start": 1714910340,
"End": 1714910342
}
,
{
"ID": 26753,
"Binary": "DGLTC_LOTTERY",
"State": 4,
"Progress": 100,
"Start": 1714910340,
"End": 1714910342
}
,
{
"ID": 26754,
"Binary": "DGLTC_LOTTERY",
"State": 4,
"Progress": 100,
"Start": 1714910340,
"End": 1714910342
}
,
{
"ID": 26755,
"Binary": "DGLTC_LOTTERY",
"State": 4,
"Progress": 100,
"Start": 1714910342,
"End": 1714910344
}
,
{
"ID": 26756,
"Binary": "DGLTC_LOTTERY",
"State": 4,
"Progress": 100,
"Start": 1714910342,
"End": 1714910345
}
,
{
"ID": 26757,
"Binary": "DGLTC_LOTTERY",
"State": 4,
"Progress": 100,
"Start": 1714910342,
"End": 1714910344
}
,
{
"ID": 26758,
"Binary": "DGLTC_LOTTERY",
"State": 4,
"Progress": 100,
"Start": 1714910344,
"End": 1714910346
}
,
{
"ID": 26759,
"Binary": "DGLTC_LOTTERY",
"State": 4,
"Progress": 100,
"Start": 1714910342,
"End": 1714910344
}
,
{
"ID": 26760,
"Binary": "DGLTC_LOTTERY",
"State": 4,
"Progress": 100,
"Start": 1714910344,
"End": 1714910346
}
,
{
"ID": 26761,
"Binary": "DGLTC_LOTTERY",
"State": 4,
"Progress": 100,
"Start": 1714910367,
"End": 1714910369
}
,
{
"ID": 26762,
"Binary": "DGLTC_LOTTERY",
"State": 4,
"Progress": 100,
"Start": 1714910367,
"End": 1714910370
}
,
{
"ID": 26763,
"Binary": "DGLTC_LOTTERY",
"State": 4,
"Progress": 100,
"Start": 1714910367,
"End": 1714910370
}
,
{
"ID": 26764,
"Binary": "DGLTC_LOTTERY",
"State": 4,
"Progress": 100,
"Start": 1714910367,
"End": 1714910369
}
,
{
"ID": 26765,
"Binary": "DGLTC_LOTTERY",
"State": 4,
"Progress": 100,
"Start": 1714910369,
"End": 1714910372
}
,
{
"ID": 26766,
"Binary": "DGLTC_LOTTERY",
"State": 4,
"Progress": 100,
"Start": 1714910370,
"End": 1714910372
}
,
{
"ID": 26767,
"Binary": "DGLTC_LOTTERY",
"State": 4,
"Progress": 100,
"Start": 1714910371,
"End": 1714910374
}
,
{
"ID": 26768,
"Binary": "DGLTC_LOTTERY",
"State": 4,
"Progress": 100,
"Start": 1714910370,
"End": 1714910372
}
,
{
"ID": 26769,
"Binary": "DGLTC_LOTTERY",
"State": 4,
"Progress": 100,
"Start": 1714910369,
"End": 1714910371
}
,
{
"ID": 26770,
"Binary": "DGLTC_LOTTERY",
"State": 4,
"Progress": 100,
"Start": 1714910372,
"End": 1714910374
}
,
{
"ID": 26771,
"Binary": "DGLTC_LOTTERY",
"State": 4,
"Progress": 100,
"Start": 1714910377,
"End": 1714910380
}
,
{
"ID": 26772,
"Binary": "DGLTC_LOTTERY",
"State": 4,
"Progress": 100,
"Start": 1714910377,
"End": 1714910380
}
,
{
"ID": 26773,
"Binary": "DGLTC_LOTTERY",
"State": 4,
"Progress": 100,
"Start": 1714910377,
"End": 1714910380
}
,
{
"ID": 26774,
"Binary": "DGLTC_LOTTERY",
"State": 4,
"Progress": 100,
"Start": 1714910377,
"End": 1714910380
}
,
{
"ID": 26775,
"Binary": "DGLTC_LOTTERY",
"State": 4,
"Progress": 100,
"Start": 1714910382,
"End": 1714910384
}
,
{
"ID": 26776,
"Binary": "DGLTC_LOTTERY",
"State": 4,
"Progress": 100,
"Start": 1714910382,
"End": 1714910384
}
,
{
"ID": 26777,
"Binary": "DGLTC_LOTTERY",
"State": 4,
"Progress": 100,
"Start": 1714910380,
"End": 1714910383
}
,
{
"ID": 26778,
"Binary": "DGLTC_LOTTERY",
"State": 4,
"Progress": 100,
"Start": 1714910380,
"End": 1714910382
}
,
{
"ID": 26779,
"Binary": "DGLTC_LOTTERY",
"State": 4,
"Progress": 100,
"Start": 1714910380,
"End": 1714910382
}
,
{
"ID": 26780,
"Binary": "DGLTC_LOTTERY",
"State": 4,
"Progress": 100,
"Start": 1714910380,
"End": 1714910382
}
],
"Nodes":[
{
"ID": "PI_SOLAR",
"Class": 1,
"Task": 0,
"CPUCount": 4,
"LoadAverage": 0.209961,
"TasksCompleted": 37,
"System": 6,
"Enabled": 1
}
,
{
"ID": "LibClient",
"Class": 2,
"Task": 0,
"CPUCount": 1,
"LoadAverage": 0.094238,
"TasksCompleted": 0,
"System": 5,
"Enabled": 1
}
,
{
"ID": "PI_KNS",
"Class": 1,
"Task": 0,
"CPUCount": 4,
"LoadAverage": 1.230000,
"TasksCompleted": 28,
"System": 6,
"Enabled": 1
}
,
{
"ID": "PI_KNS",
"Class": 1,
"Task": 0,
"CPUCount": 4,
"LoadAverage": 1.230000,
"TasksCompleted": 28,
"System": 6,
"Enabled": 1
}
,
{
"ID": "GS_EXPLORER",
"Class": 1,
"Task": 0,
"CPUCount": 1,
"LoadAverage": 0.230000,
"TasksCompleted": 742,
"System": 5,
"Enabled": 1
}
,
{
"ID": "GS_WORK",
"Class": 1,
"Task": 0,
"CPUCount": 1,
"LoadAverage": 0.000000,
"TasksCompleted": 640,
"System": 5,
"Enabled": 1
}
,
{
"ID": "LibClient",
"Class": 2,
"Task": 0,
"CPUCount": 1,
"LoadAverage": 0.094238,
"TasksCompleted": 0,
"System": 5,
"Enabled": 1
}
,
{
"ID": "J_PROX",
"Class": 1,
"Task": 0,
"CPUCount": 2,
"LoadAverage": 1.134766,
"TasksCompleted": 961,
"System": 5,
"Enabled": 1
}
,
{
"ID": "J_PROX",
"Class": 1,
"Task": 0,
"CPUCount": 2,
"LoadAverage": 1.134766,
"TasksCompleted": 915,
"System": 5,
"Enabled": 1
}
,
{
"ID": "ABLACK",
"Class": 1,
"Task": 26615,
"CPUCount": 3,
"LoadAverage": 11.000000,
"TasksCompleted": 0,
"System": 6,
"Enabled": 1
}
]}