{
"CPU": 1.472803,
"Starttime": 1715001162,
"Epoch": 1715086782,
"Version": "0.8",
"Throttled": 18,
"Utilization": 20.000000,
"Connections": 2,
"NodesCount": 10,
"TasksNew": 0,
"TasksCompleted": 8,
"TasksRunning": 2,
"TasksFailed": 7,
"TasksCount": 17,
"Tasks":[
{
"ID": 50737,
"Binary": "BTC_LOTTERY",
"State": 2,
"Progress": 0,
"Start": 1715086397,
"End": 0
}
,
{
"ID": 50738,
"Binary": "BTC_LOTTERY",
"State": 2,
"Progress": 0,
"Start": 1715086397,
"End": 0
}
,
{
"ID": 50771,
"Binary": "DGLTC_LOTTERY",
"State": 3,
"Progress": 100,
"Start": 1715086725,
"End": 1715086726
}
,
{
"ID": 50772,
"Binary": "DGLTC_LOTTERY",
"State": 3,
"Progress": 100,
"Start": 1715086725,
"End": 1715086726
}
,
{
"ID": 50773,
"Binary": "DGLTC_LOTTERY",
"State": 3,
"Progress": 100,
"Start": 1715086725,
"End": 1715086726
}
,
{
"ID": 50774,
"Binary": "DGLTC_LOTTERY",
"State": 3,
"Progress": 100,
"Start": 1715086725,
"End": 1715086726
}
,
{
"ID": 50775,
"Binary": "DGLTC_LOTTERY",
"State": 3,
"Progress": 100,
"Start": 1715086725,
"End": 1715086726
}
,
{
"ID": 50776,
"Binary": "DGLTC_LOTTERY",
"State": 3,
"Progress": 100,
"Start": 1715086726,
"End": 1715086727
}
,
{
"ID": 50777,
"Binary": "DGLTC_LOTTERY",
"State": 4,
"Progress": 100,
"Start": 1715086726,
"End": 1715086728
}
,
{
"ID": 50778,
"Binary": "DGLTC_LOTTERY",
"State": 4,
"Progress": 100,
"Start": 1715086726,
"End": 1715086728
}
,
{
"ID": 50779,
"Binary": "DGLTC_LOTTERY",
"State": 4,
"Progress": 100,
"Start": 1715086726,
"End": 1715086729
}
,
{
"ID": 50780,
"Binary": "DGLTC_LOTTERY",
"State": 4,
"Progress": 100,
"Start": 1715086726,
"End": 1715086728
}
,
{
"ID": 50781,
"Binary": "DGLTC_LOTTERY",
"State": 4,
"Progress": 100,
"Start": 1715086773,
"End": 1715086775
}
,
{
"ID": 50782,
"Binary": "DGLTC_LOTTERY",
"State": 4,
"Progress": 100,
"Start": 1715086773,
"End": 1715086775
}
,
{
"ID": 50783,
"Binary": "DGLTC_LOTTERY",
"State": 3,
"Progress": 100,
"Start": 1715086773,
"End": 1715086774
}
,
{
"ID": 50784,
"Binary": "DGLTC_LOTTERY",
"State": 4,
"Progress": 100,
"Start": 1715086773,
"End": 1715086774
}
,
{
"ID": 50785,
"Binary": "DGLTC_LOTTERY",
"State": 4,
"Progress": 100,
"Start": 1715086773,
"End": 1715086775
}
],
"Nodes":[
{
"ID": "GS_WORK",
"Class": 1,
"Task": 0,
"CPUCount": 1,
"LoadAverage": 0.080000,
"TasksCompleted": 1176,
"System": 5,
"Enabled": 1
}
,
{
"ID": "GS_EXPLORER",
"Class": 1,
"Task": 0,
"CPUCount": 1,
"LoadAverage": 0.010000,
"TasksCompleted": 1197,
"System": 5,
"Enabled": 1
}
,
{
"ID": "J_PROX",
"Class": 1,
"Task": 0,
"CPUCount": 2,
"LoadAverage": 0.082031,
"TasksCompleted": 1424,
"System": 5,
"Enabled": 1
}
,
{
"ID": "J_PROX",
"Class": 1,
"Task": 0,
"CPUCount": 2,
"LoadAverage": 0.082031,
"TasksCompleted": 1400,
"System": 5,
"Enabled": 1
}
,
{
"ID": "LibClient",
"Class": 2,
"Task": 0,
"CPUCount": 1,
"LoadAverage": 0.141602,
"TasksCompleted": 0,
"System": 5,
"Enabled": 1
}
,
{
"ID": "ABLACK",
"Class": 1,
"Task": 0,
"CPUCount": 1,
"LoadAverage": 9.370000,
"TasksCompleted": 91,
"System": 6,
"Enabled": 1
}
,
{
"ID": "AWHITE",
"Class": 1,
"Task": 0,
"CPUCount": 8,
"LoadAverage": 0.000000,
"TasksCompleted": 88,
"System": 7,
"Enabled": 1
}
,
{
"ID": "GS_API",
"Class": 1,
"Task": 0,
"CPUCount": 1,
"LoadAverage": 0.020000,
"TasksCompleted": 872,
"System": 5,
"Enabled": 1
}
,
{
"ID": "L2_PROD",
"Class": 1,
"Task": 0,
"CPUCount": 2,
"LoadAverage": 0.290000,
"TasksCompleted": 1138,
"System": 5,
"Enabled": 1
}
,
{
"ID": "LibClient",
"Class": 2,
"Task": 0,
"CPUCount": 1,
"LoadAverage": 0.129883,
"TasksCompleted": 0,
"System": 5,
"Enabled": 1
}
,
{
"ID": "PI_KNS",
"Class": 1,
"Task": 50738,
"CPUCount": 4,
"LoadAverage": 4.610000,
"TasksCompleted": 54,
"System": 6,
"Enabled": 1
}
,
{
"ID": "PI_KNS",
"Class": 1,
"Task": 50737,
"CPUCount": 4,
"LoadAverage": 4.610000,
"TasksCompleted": 56,
"System": 6,
"Enabled": 1
}
]}