{
"CPU": 1.506024,
"Starttime": 1714888439,
"Epoch": 1714907999,
"Version": "0.8",
"Throttled": 0,
"Utilization": 50.000000,
"Connections": 2,
"NodesCount": 8,
"TasksNew": 0,
"TasksCompleted": 20,
"TasksRunning": 4,
"TasksFailed": 0,
"TasksCount": 24,
"Tasks":[
{
"ID": 26313,
"Binary": "BTC_LOTTERY",
"State": 2,
"Progress": 0,
"Start": 1714907695,
"End": 0
}
,
{
"ID": 26314,
"Binary": "BTC_LOTTERY",
"State": 2,
"Progress": 0,
"Start": 1714907695,
"End": 0
}
,
{
"ID": 26315,
"Binary": "BTC_LOTTERY",
"State": 2,
"Progress": 0,
"Start": 1714907695,
"End": 0
}
,
{
"ID": 26320,
"Binary": "BTC_LOTTERY",
"State": 2,
"Progress": 0,
"Start": 1714907699,
"End": 0
}
,
{
"ID": 26371,
"Binary": "DGLTC_LOTTERY",
"State": 4,
"Progress": 100,
"Start": 1714907964,
"End": 1714907967
}
,
{
"ID": 26372,
"Binary": "DGLTC_LOTTERY",
"State": 4,
"Progress": 100,
"Start": 1714907964,
"End": 1714907967
}
,
{
"ID": 26373,
"Binary": "DGLTC_LOTTERY",
"State": 4,
"Progress": 100,
"Start": 1714907964,
"End": 1714907967
}
,
{
"ID": 26374,
"Binary": "DGLTC_LOTTERY",
"State": 4,
"Progress": 100,
"Start": 1714907964,
"End": 1714907967
}
,
{
"ID": 26375,
"Binary": "DGLTC_LOTTERY",
"State": 4,
"Progress": 100,
"Start": 1714907969,
"End": 1714907971
}
,
{
"ID": 26376,
"Binary": "DGLTC_LOTTERY",
"State": 4,
"Progress": 100,
"Start": 1714907967,
"End": 1714907969
}
,
{
"ID": 26377,
"Binary": "DGLTC_LOTTERY",
"State": 4,
"Progress": 100,
"Start": 1714907969,
"End": 1714907971
}
,
{
"ID": 26378,
"Binary": "DGLTC_LOTTERY",
"State": 4,
"Progress": 100,
"Start": 1714907967,
"End": 1714907970
}
,
{
"ID": 26379,
"Binary": "DGLTC_LOTTERY",
"State": 4,
"Progress": 100,
"Start": 1714907967,
"End": 1714907969
}
,
{
"ID": 26380,
"Binary": "DGLTC_LOTTERY",
"State": 4,
"Progress": 100,
"Start": 1714907967,
"End": 1714907969
}
,
{
"ID": 26381,
"Binary": "DGLTC_LOTTERY",
"State": 4,
"Progress": 100,
"Start": 1714907989,
"End": 1714907992
}
,
{
"ID": 26382,
"Binary": "DGLTC_LOTTERY",
"State": 4,
"Progress": 100,
"Start": 1714907989,
"End": 1714907991
}
,
{
"ID": 26383,
"Binary": "DGLTC_LOTTERY",
"State": 4,
"Progress": 100,
"Start": 1714907989,
"End": 1714907991
}
,
{
"ID": 26384,
"Binary": "DGLTC_LOTTERY",
"State": 4,
"Progress": 100,
"Start": 1714907989,
"End": 1714907991
}
,
{
"ID": 26385,
"Binary": "DGLTC_LOTTERY",
"State": 4,
"Progress": 100,
"Start": 1714907991,
"End": 1714907993
}
,
{
"ID": 26386,
"Binary": "DGLTC_LOTTERY",
"State": 4,
"Progress": 100,
"Start": 1714907993,
"End": 1714907996
}
,
{
"ID": 26387,
"Binary": "DGLTC_LOTTERY",
"State": 4,
"Progress": 100,
"Start": 1714907991,
"End": 1714907994
}
,
{
"ID": 26388,
"Binary": "DGLTC_LOTTERY",
"State": 4,
"Progress": 100,
"Start": 1714907991,
"End": 1714907993
}
,
{
"ID": 26389,
"Binary": "DGLTC_LOTTERY",
"State": 4,
"Progress": 100,
"Start": 1714907993,
"End": 1714907996
}
,
{
"ID": 26390,
"Binary": "DGLTC_LOTTERY",
"State": 4,
"Progress": 100,
"Start": 1714907992,
"End": 1714907995
}
],
"Nodes":[
{
"ID": "PI_SOLAR",
"Class": 1,
"Task": 26313,
"CPUCount": 4,
"LoadAverage": 2.167969,
"TasksCompleted": 35,
"System": 6,
"Enabled": 1
}
,
{
"ID": "LibClient",
"Class": 2,
"Task": 0,
"CPUCount": 1,
"LoadAverage": 0.076660,
"TasksCompleted": 0,
"System": 5,
"Enabled": 1
}
,
{
"ID": "PI_KNS",
"Class": 1,
"Task": 26314,
"CPUCount": 4,
"LoadAverage": 4.480000,
"TasksCompleted": 25,
"System": 6,
"Enabled": 1
}
,
{
"ID": "PI_KNS",
"Class": 1,
"Task": 26315,
"CPUCount": 4,
"LoadAverage": 4.480000,
"TasksCompleted": 26,
"System": 6,
"Enabled": 1
}
,
{
"ID": "GS_EXPLORER",
"Class": 1,
"Task": 0,
"CPUCount": 1,
"LoadAverage": 0.160000,
"TasksCompleted": 656,
"System": 5,
"Enabled": 1
}
,
{
"ID": "GS_WORK",
"Class": 1,
"Task": 0,
"CPUCount": 1,
"LoadAverage": 0.580000,
"TasksCompleted": 567,
"System": 5,
"Enabled": 1
}
,
{
"ID": "LibClient",
"Class": 2,
"Task": 0,
"CPUCount": 1,
"LoadAverage": 0.076660,
"TasksCompleted": 0,
"System": 5,
"Enabled": 1
}
,
{
"ID": "J_PROX",
"Class": 1,
"Task": 0,
"CPUCount": 2,
"LoadAverage": 0.481934,
"TasksCompleted": 856,
"System": 5,
"Enabled": 1
}
,
{
"ID": "J_PROX",
"Class": 1,
"Task": 0,
"CPUCount": 2,
"LoadAverage": 0.481934,
"TasksCompleted": 805,
"System": 5,
"Enabled": 1
}
,
{
"ID": "ABLACK",
"Class": 1,
"Task": 26320,
"CPUCount": 4,
"LoadAverage": 11.850000,
"TasksCompleted": 7,
"System": 6,
"Enabled": 1
}
]}