{
"CPU": 2.063758,
"Starttime": 1714751364,
"Epoch": 1714783764,
"Version": "0.8",
"Throttled": 3,
"Utilization": 33.333336,
"Connections": 2,
"NodesCount": 12,
"TasksNew": 0,
"TasksCompleted": 14,
"TasksRunning": 4,
"TasksFailed": 10,
"TasksCount": 28,
"Tasks":[
{
"ID": 4491,
"Binary": "BTC_LOTTERY",
"State": 2,
"Progress": 0,
"Start": 1714783646,
"End": 0
}
,
{
"ID": 4492,
"Binary": "BTC_LOTTERY",
"State": 4,
"Progress": 100,
"Start": 1714783646,
"End": 1714783738
}
,
{
"ID": 4493,
"Binary": "BTC_LOTTERY",
"State": 4,
"Progress": 100,
"Start": 1714783646,
"End": 1714783743
}
,
{
"ID": 4494,
"Binary": "BTC_LOTTERY",
"State": 2,
"Progress": 0,
"Start": 1714783646,
"End": 0
}
,
{
"ID": 4496,
"Binary": "BTC_LOTTERY",
"State": 2,
"Progress": 0,
"Start": 1714783646,
"End": 0
}
,
{
"ID": 4498,
"Binary": "BTC_LOTTERY",
"State": 2,
"Progress": 0,
"Start": 1714783646,
"End": 0
}
,
{
"ID": 4499,
"Binary": "BTC_LOTTERY",
"State": 4,
"Progress": 100,
"Start": 1714783646,
"End": 1714783715
}
,
{
"ID": 4500,
"Binary": "BTC_LOTTERY",
"State": 4,
"Progress": 100,
"Start": 1714783646,
"End": 1714783715
}
,
{
"ID": 4511,
"Binary": "DGLTC_LOTTERY",
"State": 3,
"Progress": 100,
"Start": 1714783714,
"End": 1714783717
}
,
{
"ID": 4512,
"Binary": "DGLTC_LOTTERY",
"State": 3,
"Progress": 100,
"Start": 1714783714,
"End": 1714783717
}
,
{
"ID": 4513,
"Binary": "DGLTC_LOTTERY",
"State": 3,
"Progress": 100,
"Start": 1714783714,
"End": 1714783715
}
,
{
"ID": 4514,
"Binary": "DGLTC_LOTTERY",
"State": 3,
"Progress": 100,
"Start": 1714783715,
"End": 1714783718
}
,
{
"ID": 4515,
"Binary": "DGLTC_LOTTERY",
"State": 3,
"Progress": 100,
"Start": 1714783717,
"End": 1714783718
}
,
{
"ID": 4516,
"Binary": "DGLTC_LOTTERY",
"State": 3,
"Progress": 100,
"Start": 1714783717,
"End": 1714783718
}
,
{
"ID": 4517,
"Binary": "DGLTC_LOTTERY",
"State": 3,
"Progress": 100,
"Start": 1714783715,
"End": 1714783718
}
,
{
"ID": 4518,
"Binary": "DGLTC_LOTTERY",
"State": 3,
"Progress": 0,
"Start": 0,
"End": 0
}
,
{
"ID": 4519,
"Binary": "DGLTC_LOTTERY",
"State": 3,
"Progress": 100,
"Start": 1714783715,
"End": 1714783718
}
,
{
"ID": 4520,
"Binary": "DGLTC_LOTTERY",
"State": 3,
"Progress": 100,
"Start": 1714783718,
"End": 1714783719
}
,
{
"ID": 4521,
"Binary": "DGLTC_LOTTERY",
"State": 4,
"Progress": 100,
"Start": 1714783718,
"End": 1714783722
}
,
{
"ID": 4522,
"Binary": "DGLTC_LOTTERY",
"State": 4,
"Progress": 100,
"Start": 1714783718,
"End": 1714783722
}
,
{
"ID": 4523,
"Binary": "DGLTC_LOTTERY",
"State": 4,
"Progress": 100,
"Start": 1714783718,
"End": 1714783722
}
,
{
"ID": 4524,
"Binary": "DGLTC_LOTTERY",
"State": 4,
"Progress": 100,
"Start": 1714783718,
"End": 1714783722
}
,
{
"ID": 4525,
"Binary": "DGLTC_LOTTERY",
"State": 4,
"Progress": 100,
"Start": 1714783722,
"End": 1714783725
}
,
{
"ID": 4526,
"Binary": "DGLTC_LOTTERY",
"State": 4,
"Progress": 100,
"Start": 1714783721,
"End": 1714783723
}
,
{
"ID": 4527,
"Binary": "DGLTC_LOTTERY",
"State": 4,
"Progress": 100,
"Start": 1714783719,
"End": 1714783721
}
,
{
"ID": 4528,
"Binary": "DGLTC_LOTTERY",
"State": 4,
"Progress": 100,
"Start": 1714783722,
"End": 1714783725
}
,
{
"ID": 4529,
"Binary": "DGLTC_LOTTERY",
"State": 4,
"Progress": 100,
"Start": 1714783722,
"End": 1714783725
}
,
{
"ID": 4530,
"Binary": "DGLTC_LOTTERY",
"State": 4,
"Progress": 100,
"Start": 1714783722,
"End": 1714783725
}
],
"Nodes":[
{
"ID": "ABLACK",
"Class": 1,
"Task": 4491,
"CPUCount": 3,
"LoadAverage": 10.910000,
"TasksCompleted": 29,
"System": 6,
"Enabled": 1
}
,
{
"ID": "AWHITE",
"Class": 1,
"Task": 4496,
"CPUCount": 8,
"LoadAverage": 0.000000,
"TasksCompleted": 31,
"System": 7,
"Enabled": 1
}
,
{
"ID": "J_PROX",
"Class": 1,
"Task": 0,
"CPUCount": 2,
"LoadAverage": 1.514160,
"TasksCompleted": 519,
"System": 5,
"Enabled": 1
}
,
{
"ID": "J_PROX",
"Class": 1,
"Task": 0,
"CPUCount": 2,
"LoadAverage": 1.514160,
"TasksCompleted": 517,
"System": 5,
"Enabled": 1
}
,
{
"ID": "GS_WORK",
"Class": 1,
"Task": 0,
"CPUCount": 1,
"LoadAverage": 1.270000,
"TasksCompleted": 339,
"System": 5,
"Enabled": 1
}
,
{
"ID": "GS_EXPLORER",
"Class": 1,
"Task": 0,
"CPUCount": 1,
"LoadAverage": 1.120000,
"TasksCompleted": 337,
"System": 5,
"Enabled": 1
}
,
{
"ID": "PI_KNS",
"Class": 1,
"Task": 4498,
"CPUCount": 4,
"LoadAverage": 4.420000,
"TasksCompleted": 33,
"System": 6,
"Enabled": 1
}
,
{
"ID": "PI_KNS",
"Class": 1,
"Task": 4494,
"CPUCount": 4,
"LoadAverage": 4.420000,
"TasksCompleted": 32,
"System": 6,
"Enabled": 1
}
,
{
"ID": "PI_SOLAR",
"Class": 1,
"Task": 0,
"CPUCount": 4,
"LoadAverage": 0.470215,
"TasksCompleted": 24,
"System": 6,
"Enabled": 1
}
,
{
"ID": "LibClient",
"Class": 2,
"Task": 0,
"CPUCount": 1,
"LoadAverage": 0.448730,
"TasksCompleted": 0,
"System": 5,
"Enabled": 1
}
,
{
"ID": "LibClient",
"Class": 2,
"Task": 0,
"CPUCount": 1,
"LoadAverage": 0.448730,
"TasksCompleted": 0,
"System": 5,
"Enabled": 1
}
,
{
"ID": "DELL1",
"Class": 1,
"Task": 0,
"CPUCount": 8,
"LoadAverage": 1.379395,
"TasksCompleted": 491,
"System": 5,
"Enabled": 1
}
,
{
"ID": "P_PROX",
"Class": 1,
"Task": 0,
"CPUCount": 2,
"LoadAverage": 0.448730,
"TasksCompleted": 263,
"System": 5,
"Enabled": 1
}
,
{
"ID": "P_PROX",
"Class": 1,
"Task": 0,
"CPUCount": 2,
"LoadAverage": 0.448730,
"TasksCompleted": 274,
"System": 5,
"Enabled": 1
}
]}