{
"CPU": 25.839319,
"Starttime": 1714751364,
"Epoch": 1714867764,
"Version": "0.8",
"Throttled": 11,
"Utilization": 0.000000,
"Connections": 2,
"NodesCount": 11,
"TasksNew": 0,
"TasksCompleted": 20,
"TasksRunning": 0,
"TasksFailed": 0,
"TasksCount": 20,
"Tasks":[
{
"ID": 19581,
"Binary": "DGLTC_LOTTERY",
"State": 4,
"Progress": 100,
"Start": 1714867699,
"End": 1714867707
}
,
{
"ID": 19582,
"Binary": "DGLTC_LOTTERY",
"State": 4,
"Progress": 100,
"Start": 1714867699,
"End": 1714867706
}
,
{
"ID": 19583,
"Binary": "DGLTC_LOTTERY",
"State": 4,
"Progress": 100,
"Start": 1714867699,
"End": 1714867706
}
,
{
"ID": 19584,
"Binary": "DGLTC_LOTTERY",
"State": 4,
"Progress": 100,
"Start": 1714867699,
"End": 1714867705
}
,
{
"ID": 19585,
"Binary": "DGLTC_LOTTERY",
"State": 4,
"Progress": 100,
"Start": 1714867699,
"End": 1714867707
}
,
{
"ID": 19586,
"Binary": "DGLTC_LOTTERY",
"State": 4,
"Progress": 100,
"Start": 1714867699,
"End": 1714867705
}
,
{
"ID": 19587,
"Binary": "DGLTC_LOTTERY",
"State": 4,
"Progress": 100,
"Start": 1714867705,
"End": 1714867711
}
,
{
"ID": 19588,
"Binary": "DGLTC_LOTTERY",
"State": 4,
"Progress": 100,
"Start": 1714867705,
"End": 1714867711
}
,
{
"ID": 19589,
"Binary": "DGLTC_LOTTERY",
"State": 4,
"Progress": 100,
"Start": 1714867706,
"End": 1714867710
}
,
{
"ID": 19590,
"Binary": "DGLTC_LOTTERY",
"State": 4,
"Progress": 100,
"Start": 1714867706,
"End": 1714867713
}
,
{
"ID": 19591,
"Binary": "DGLTC_LOTTERY",
"State": 4,
"Progress": 100,
"Start": 1714867743,
"End": 1714867749
}
,
{
"ID": 19592,
"Binary": "DGLTC_LOTTERY",
"State": 4,
"Progress": 100,
"Start": 1714867743,
"End": 1714867749
}
,
{
"ID": 19593,
"Binary": "DGLTC_LOTTERY",
"State": 4,
"Progress": 100,
"Start": 1714867743,
"End": 1714867749
}
,
{
"ID": 19594,
"Binary": "DGLTC_LOTTERY",
"State": 4,
"Progress": 100,
"Start": 1714867743,
"End": 1714867751
}
,
{
"ID": 19595,
"Binary": "DGLTC_LOTTERY",
"State": 4,
"Progress": 100,
"Start": 1714867743,
"End": 1714867749
}
,
{
"ID": 19596,
"Binary": "DGLTC_LOTTERY",
"State": 4,
"Progress": 100,
"Start": 1714867743,
"End": 1714867750
}
,
{
"ID": 19597,
"Binary": "DGLTC_LOTTERY",
"State": 4,
"Progress": 100,
"Start": 1714867749,
"End": 1714867755
}
,
{
"ID": 19598,
"Binary": "DGLTC_LOTTERY",
"State": 4,
"Progress": 100,
"Start": 1714867749,
"End": 1714867755
}
,
{
"ID": 19599,
"Binary": "DGLTC_LOTTERY",
"State": 4,
"Progress": 100,
"Start": 1714867749,
"End": 1714867755
}
,
{
"ID": 19600,
"Binary": "DGLTC_LOTTERY",
"State": 4,
"Progress": 100,
"Start": 1714867749,
"End": 1714867755
}
],
"Nodes":[
{
"ID": "ABLACK",
"Class": 1,
"Task": 0,
"CPUCount": 1,
"LoadAverage": 9.050000,
"TasksCompleted": 167,
"System": 6,
"Enabled": 1
}
,
{
"ID": "AWHITE",
"Class": 1,
"Task": 0,
"CPUCount": 8,
"LoadAverage": 0.000000,
"TasksCompleted": 177,
"System": 7,
"Enabled": 1
}
,
{
"ID": "PI_SOLAR",
"Class": 1,
"Task": 0,
"CPUCount": 4,
"LoadAverage": 0.133789,
"TasksCompleted": 160,
"System": 6,
"Enabled": 1
}
,
{
"ID": "J_PROX",
"Class": 1,
"Task": 0,
"CPUCount": 2,
"LoadAverage": 0.840332,
"TasksCompleted": 749,
"System": 5,
"Enabled": 1
}
,
{
"ID": "J_PROX",
"Class": 1,
"Task": 0,
"CPUCount": 2,
"LoadAverage": 0.840332,
"TasksCompleted": 719,
"System": 5,
"Enabled": 1
}
,
{
"ID": "GS_EXPLORER",
"Class": 1,
"Task": 0,
"CPUCount": 1,
"LoadAverage": 0.300000,
"TasksCompleted": 556,
"System": 5,
"Enabled": 1
}
,
{
"ID": "PI_KNS",
"Class": 1,
"Task": 0,
"CPUCount": 4,
"LoadAverage": 0.510000,
"TasksCompleted": 61,
"System": 6,
"Enabled": 1
}
,
{
"ID": "PI_KNS",
"Class": 1,
"Task": 0,
"CPUCount": 4,
"LoadAverage": 0.510000,
"TasksCompleted": 61,
"System": 6,
"Enabled": 1
}
,
{
"ID": "LibClient",
"Class": 2,
"Task": 0,
"CPUCount": 1,
"LoadAverage": 0.909668,
"TasksCompleted": 0,
"System": 5,
"Enabled": 1
}
,
{
"ID": "P_PROX",
"Class": 1,
"Task": 0,
"CPUCount": 2,
"LoadAverage": 0.836426,
"TasksCompleted": 699,
"System": 5,
"Enabled": 1
}
,
{
"ID": "P_PROX",
"Class": 1,
"Task": 0,
"CPUCount": 2,
"LoadAverage": 0.836426,
"TasksCompleted": 701,
"System": 5,
"Enabled": 1
}
,
{
"ID": "GS_WORK",
"Class": 1,
"Task": 0,
"CPUCount": 1,
"LoadAverage": 0.300000,
"TasksCompleted": 443,
"System": 5,
"Enabled": 1
}
,
{
"ID": "LibClient",
"Class": 2,
"Task": 0,
"CPUCount": 1,
"LoadAverage": 0.909668,
"TasksCompleted": 0,
"System": 5,
"Enabled": 1
}
]}