{
"CPU": 12.209399,
"Starttime": 1714751364,
"Epoch": 1714846764,
"Version": "0.8",
"Throttled": 8,
"Utilization": 0.000000,
"Connections": 2,
"NodesCount": 13,
"TasksNew": 0,
"TasksCompleted": 10,
"TasksRunning": 0,
"TasksFailed": 10,
"TasksCount": 20,
"Tasks":[
{
"ID": 15791,
"Binary": "DGLTC_LOTTERY",
"State": 3,
"Progress": 100,
"Start": 1714846707,
"End": 1714846710
}
,
{
"ID": 15792,
"Binary": "DGLTC_LOTTERY",
"State": 3,
"Progress": 100,
"Start": 1714846707,
"End": 1714846710
}
,
{
"ID": 15793,
"Binary": "DGLTC_LOTTERY",
"State": 3,
"Progress": 100,
"Start": 1714846708,
"End": 1714846710
}
,
{
"ID": 15794,
"Binary": "DGLTC_LOTTERY",
"State": 3,
"Progress": 100,
"Start": 1714846708,
"End": 1714846710
}
,
{
"ID": 15795,
"Binary": "DGLTC_LOTTERY",
"State": 3,
"Progress": 100,
"Start": 1714846708,
"End": 1714846710
}
,
{
"ID": 15796,
"Binary": "DGLTC_LOTTERY",
"State": 3,
"Progress": 100,
"Start": 1714846708,
"End": 1714846710
}
,
{
"ID": 15797,
"Binary": "DGLTC_LOTTERY",
"State": 3,
"Progress": 100,
"Start": 1714846708,
"End": 1714846710
}
,
{
"ID": 15798,
"Binary": "DGLTC_LOTTERY",
"State": 3,
"Progress": 100,
"Start": 1714846708,
"End": 1714846710
}
,
{
"ID": 15799,
"Binary": "DGLTC_LOTTERY",
"State": 3,
"Progress": 100,
"Start": 1714846710,
"End": 1714846711
}
,
{
"ID": 15800,
"Binary": "DGLTC_LOTTERY",
"State": 3,
"Progress": 0,
"Start": 0,
"End": 0
}
,
{
"ID": 15801,
"Binary": "DGLTC_LOTTERY",
"State": 4,
"Progress": 100,
"Start": 1714846710,
"End": 1714846716
}
,
{
"ID": 15802,
"Binary": "DGLTC_LOTTERY",
"State": 4,
"Progress": 100,
"Start": 1714846710,
"End": 1714846717
}
,
{
"ID": 15803,
"Binary": "DGLTC_LOTTERY",
"State": 4,
"Progress": 100,
"Start": 1714846710,
"End": 1714846716
}
,
{
"ID": 15804,
"Binary": "DGLTC_LOTTERY",
"State": 4,
"Progress": 100,
"Start": 1714846710,
"End": 1714846716
}
,
{
"ID": 15805,
"Binary": "DGLTC_LOTTERY",
"State": 4,
"Progress": 100,
"Start": 1714846710,
"End": 1714846718
}
,
{
"ID": 15806,
"Binary": "DGLTC_LOTTERY",
"State": 4,
"Progress": 100,
"Start": 1714846710,
"End": 1714846716
}
,
{
"ID": 15807,
"Binary": "DGLTC_LOTTERY",
"State": 4,
"Progress": 100,
"Start": 1714846710,
"End": 1714846714
}
,
{
"ID": 15808,
"Binary": "DGLTC_LOTTERY",
"State": 4,
"Progress": 100,
"Start": 1714846714,
"End": 1714846717
}
,
{
"ID": 15809,
"Binary": "DGLTC_LOTTERY",
"State": 4,
"Progress": 100,
"Start": 1714846711,
"End": 1714846714
}
,
{
"ID": 15810,
"Binary": "DGLTC_LOTTERY",
"State": 4,
"Progress": 100,
"Start": 1714846714,
"End": 1714846718
}
],
"Nodes":[
{
"ID": "ABLACK",
"Class": 1,
"Task": 0,
"CPUCount": 1,
"LoadAverage": 9.230000,
"TasksCompleted": 142,
"System": 6,
"Enabled": 1
}
,
{
"ID": "AWHITE",
"Class": 1,
"Task": 0,
"CPUCount": 8,
"LoadAverage": 0.000000,
"TasksCompleted": 151,
"System": 7,
"Enabled": 1
}
,
{
"ID": "PI_SOLAR",
"Class": 1,
"Task": 0,
"CPUCount": 4,
"LoadAverage": 0.240234,
"TasksCompleted": 136,
"System": 6,
"Enabled": 1
}
,
{
"ID": "DELL1",
"Class": 1,
"Task": 0,
"CPUCount": 8,
"LoadAverage": 1.212891,
"TasksCompleted": 3330,
"System": 5,
"Enabled": 1
}
,
{
"ID": "J_PROX",
"Class": 1,
"Task": 0,
"CPUCount": 2,
"LoadAverage": 0.409668,
"TasksCompleted": 218,
"System": 5,
"Enabled": 1
}
,
{
"ID": "J_PROX",
"Class": 1,
"Task": 0,
"CPUCount": 2,
"LoadAverage": 0.409668,
"TasksCompleted": 211,
"System": 5,
"Enabled": 1
}
,
{
"ID": "GS_EXPLORER",
"Class": 1,
"Task": 0,
"CPUCount": 1,
"LoadAverage": 0.230000,
"TasksCompleted": 189,
"System": 5,
"Enabled": 1
}
,
{
"ID": "PI_KNS",
"Class": 1,
"Task": 0,
"CPUCount": 4,
"LoadAverage": 0.370000,
"TasksCompleted": 34,
"System": 6,
"Enabled": 1
}
,
{
"ID": "PI_KNS",
"Class": 1,
"Task": 0,
"CPUCount": 4,
"LoadAverage": 0.370000,
"TasksCompleted": 34,
"System": 6,
"Enabled": 1
}
,
{
"ID": "LibClient",
"Class": 2,
"Task": 0,
"CPUCount": 1,
"LoadAverage": 0.711914,
"TasksCompleted": 0,
"System": 5,
"Enabled": 1
}
,
{
"ID": "P_PROX",
"Class": 1,
"Task": 0,
"CPUCount": 2,
"LoadAverage": 0.654785,
"TasksCompleted": 152,
"System": 5,
"Enabled": 1
}
,
{
"ID": "P_PROX",
"Class": 1,
"Task": 0,
"CPUCount": 2,
"LoadAverage": 0.654785,
"TasksCompleted": 151,
"System": 5,
"Enabled": 1
}
,
{
"ID": "GS_WORK",
"Class": 1,
"Task": 0,
"CPUCount": 1,
"LoadAverage": 0.350000,
"TasksCompleted": 99,
"System": 5,
"Enabled": 1
}
,
{
"ID": "LibClient",
"Class": 2,
"Task": 0,
"CPUCount": 1,
"LoadAverage": 0.711914,
"TasksCompleted": 0,
"System": 5,
"Enabled": 1
}
,
{
"ID": "IMAC1",
"Class": 1,
"Task": 0,
"CPUCount": 8,
"LoadAverage": 2.297852,
"TasksCompleted": 8,
"System": 3,
"Enabled": 1
}
]}