{
"CPU": 2.212909,
"Starttime": 1714751364,
"Epoch": 1714800564,
"Version": "0.8",
"Throttled": 4,
"Utilization": 15.384616,
"Connections": 2,
"NodesCount": 13,
"TasksNew": 0,
"TasksCompleted": 18,
"TasksRunning": 2,
"TasksFailed": 0,
"TasksCount": 20,
"Tasks":[
{
"ID": 7571,
"Binary": "DGLTC_LOTTERY",
"State": 4,
"Progress": 100,
"Start": 1714800549,
"End": 1714800552
}
,
{
"ID": 7572,
"Binary": "DGLTC_LOTTERY",
"State": 4,
"Progress": 100,
"Start": 1714800549,
"End": 1714800553
}
,
{
"ID": 7573,
"Binary": "DGLTC_LOTTERY",
"State": 4,
"Progress": 100,
"Start": 1714800549,
"End": 1714800552
}
,
{
"ID": 7574,
"Binary": "DGLTC_LOTTERY",
"State": 4,
"Progress": 100,
"Start": 1714800549,
"End": 1714800553
}
,
{
"ID": 7575,
"Binary": "DGLTC_LOTTERY",
"State": 4,
"Progress": 100,
"Start": 1714800549,
"End": 1714800552
}
,
{
"ID": 7576,
"Binary": "DGLTC_LOTTERY",
"State": 4,
"Progress": 100,
"Start": 1714800549,
"End": 1714800552
}
,
{
"ID": 7577,
"Binary": "DGLTC_LOTTERY",
"State": 4,
"Progress": 100,
"Start": 1714800549,
"End": 1714800551
}
,
{
"ID": 7578,
"Binary": "DGLTC_LOTTERY",
"State": 4,
"Progress": 100,
"Start": 1714800552,
"End": 1714800555
}
,
{
"ID": 7579,
"Binary": "DGLTC_LOTTERY",
"State": 4,
"Progress": 100,
"Start": 1714800551,
"End": 1714800553
}
,
{
"ID": 7580,
"Binary": "DGLTC_LOTTERY",
"State": 4,
"Progress": 100,
"Start": 1714800552,
"End": 1714800555
}
,
{
"ID": 7581,
"Binary": "DGLTC_LOTTERY",
"State": 4,
"Progress": 100,
"Start": 1714800559,
"End": 1714800562
}
,
{
"ID": 7582,
"Binary": "DGLTC_LOTTERY",
"State": 4,
"Progress": 100,
"Start": 1714800559,
"End": 1714800563
}
,
{
"ID": 7583,
"Binary": "DGLTC_LOTTERY",
"State": 4,
"Progress": 100,
"Start": 1714800559,
"End": 1714800563
}
,
{
"ID": 7584,
"Binary": "DGLTC_LOTTERY",
"State": 4,
"Progress": 100,
"Start": 1714800559,
"End": 1714800562
}
,
{
"ID": 7585,
"Binary": "DGLTC_LOTTERY",
"State": 4,
"Progress": 100,
"Start": 1714800559,
"End": 1714800563
}
,
{
"ID": 7586,
"Binary": "DGLTC_LOTTERY",
"State": 4,
"Progress": 100,
"Start": 1714800559,
"End": 1714800561
}
,
{
"ID": 7587,
"Binary": "DGLTC_LOTTERY",
"State": 4,
"Progress": 100,
"Start": 1714800559,
"End": 1714800563
}
,
{
"ID": 7588,
"Binary": "DGLTC_LOTTERY",
"State": 2,
"Progress": 0,
"Start": 1714800562,
"End": 0
}
,
{
"ID": 7589,
"Binary": "DGLTC_LOTTERY",
"State": 4,
"Progress": 100,
"Start": 1714800561,
"End": 1714800563
}
,
{
"ID": 7590,
"Binary": "DGLTC_LOTTERY",
"State": 2,
"Progress": 0,
"Start": 1714800562,
"End": 0
}
],
"Nodes":[
{
"ID": "ABLACK",
"Class": 1,
"Task": 0,
"CPUCount": 1,
"LoadAverage": 9.030000,
"TasksCompleted": 51,
"System": 6,
"Enabled": 1
}
,
{
"ID": "AWHITE",
"Class": 1,
"Task": 0,
"CPUCount": 8,
"LoadAverage": 0.000000,
"TasksCompleted": 57,
"System": 7,
"Enabled": 1
}
,
{
"ID": "J_PROX",
"Class": 1,
"Task": 7588,
"CPUCount": 2,
"LoadAverage": 0.330078,
"TasksCompleted": 886,
"System": 5,
"Enabled": 1
}
,
{
"ID": "J_PROX",
"Class": 1,
"Task": 7590,
"CPUCount": 2,
"LoadAverage": 0.330078,
"TasksCompleted": 884,
"System": 5,
"Enabled": 1
}
,
{
"ID": "GS_WORK",
"Class": 1,
"Task": 0,
"CPUCount": 1,
"LoadAverage": 0.020000,
"TasksCompleted": 613,
"System": 5,
"Enabled": 1
}
,
{
"ID": "GS_EXPLORER",
"Class": 1,
"Task": 0,
"CPUCount": 1,
"LoadAverage": 0.010000,
"TasksCompleted": 605,
"System": 5,
"Enabled": 1
}
,
{
"ID": "PI_KNS",
"Class": 1,
"Task": 0,
"CPUCount": 4,
"LoadAverage": 1.290000,
"TasksCompleted": 58,
"System": 6,
"Enabled": 1
}
,
{
"ID": "PI_KNS",
"Class": 1,
"Task": 0,
"CPUCount": 4,
"LoadAverage": 1.290000,
"TasksCompleted": 60,
"System": 6,
"Enabled": 1
}
,
{
"ID": "PI_SOLAR",
"Class": 1,
"Task": 0,
"CPUCount": 4,
"LoadAverage": 0.179688,
"TasksCompleted": 45,
"System": 6,
"Enabled": 1
}
,
{
"ID": "LibClient",
"Class": 2,
"Task": 0,
"CPUCount": 1,
"LoadAverage": 0.016602,
"TasksCompleted": 0,
"System": 5,
"Enabled": 1
}
,
{
"ID": "LibClient",
"Class": 2,
"Task": 0,
"CPUCount": 1,
"LoadAverage": 0.018066,
"TasksCompleted": 0,
"System": 5,
"Enabled": 1
}
,
{
"ID": "DELL1",
"Class": 1,
"Task": 0,
"CPUCount": 8,
"LoadAverage": 1.435547,
"TasksCompleted": 1143,
"System": 5,
"Enabled": 1
}
,
{
"ID": "P_PROX",
"Class": 1,
"Task": 0,
"CPUCount": 2,
"LoadAverage": 0.016602,
"TasksCompleted": 713,
"System": 5,
"Enabled": 1
}
,
{
"ID": "P_PROX",
"Class": 1,
"Task": 0,
"CPUCount": 2,
"LoadAverage": 0.016602,
"TasksCompleted": 733,
"System": 5,
"Enabled": 1
}
,
{
"ID": "IMAC1",
"Class": 1,
"Task": 0,
"CPUCount": 8,
"LoadAverage": 1.911621,
"TasksCompleted": 0,
"System": 3,
"Enabled": 1
}
]}