{
"CPU": 1.240362,
"Starttime": 1714888439,
"Epoch": 1714936799,
"Version": "0.8",
"Throttled": 4,
"Utilization": 87.500000,
"Connections": 2,
"NodesCount": 8,
"TasksNew": 0,
"TasksCompleted": 13,
"TasksRunning": 7,
"TasksFailed": 0,
"TasksCount": 20,
"Tasks":[
{
"ID": 31341,
"Binary": "BTC_LOTTERY",
"State": 4,
"Progress": 100,
"Start": 1714936684,
"End": 1714936752
}
,
{
"ID": 31342,
"Binary": "BTC_LOTTERY",
"State": 2,
"Progress": 0,
"Start": 1714936683,
"End": 0
}
,
{
"ID": 31343,
"Binary": "BTC_LOTTERY",
"State": 2,
"Progress": 0,
"Start": 1714936768,
"End": 0
}
,
{
"ID": 31344,
"Binary": "BTC_LOTTERY",
"State": 2,
"Progress": 0,
"Start": 1714936683,
"End": 0
}
,
{
"ID": 31345,
"Binary": "BTC_LOTTERY",
"State": 2,
"Progress": 0,
"Start": 1714936683,
"End": 0
}
,
{
"ID": 31346,
"Binary": "BTC_LOTTERY",
"State": 4,
"Progress": 100,
"Start": 1714936686,
"End": 1714936755
}
,
{
"ID": 31347,
"Binary": "BTC_LOTTERY",
"State": 4,
"Progress": 100,
"Start": 1714936685,
"End": 1714936776
}
,
{
"ID": 31348,
"Binary": "BTC_LOTTERY",
"State": 2,
"Progress": 0,
"Start": 1714936683,
"End": 0
}
,
{
"ID": 31349,
"Binary": "BTC_LOTTERY",
"State": 2,
"Progress": 0,
"Start": 1714936685,
"End": 0
}
,
{
"ID": 31350,
"Binary": "BTC_LOTTERY",
"State": 2,
"Progress": 0,
"Start": 1714936759,
"End": 0
}
,
{
"ID": 31361,
"Binary": "DGLTC_LOTTERY",
"State": 4,
"Progress": 100,
"Start": 1714936759,
"End": 1714936761
}
,
{
"ID": 31362,
"Binary": "DGLTC_LOTTERY",
"State": 4,
"Progress": 100,
"Start": 1714936757,
"End": 1714936759
}
,
{
"ID": 31363,
"Binary": "DGLTC_LOTTERY",
"State": 4,
"Progress": 100,
"Start": 1714936755,
"End": 1714936757
}
,
{
"ID": 31364,
"Binary": "DGLTC_LOTTERY",
"State": 4,
"Progress": 100,
"Start": 1714936755,
"End": 1714936757
}
,
{
"ID": 31365,
"Binary": "DGLTC_LOTTERY",
"State": 4,
"Progress": 100,
"Start": 1714936766,
"End": 1714936768
}
,
{
"ID": 31366,
"Binary": "DGLTC_LOTTERY",
"State": 4,
"Progress": 100,
"Start": 1714936752,
"End": 1714936755
}
,
{
"ID": 31367,
"Binary": "DGLTC_LOTTERY",
"State": 4,
"Progress": 100,
"Start": 1714936757,
"End": 1714936759
}
,
{
"ID": 31368,
"Binary": "DGLTC_LOTTERY",
"State": 4,
"Progress": 100,
"Start": 1714936776,
"End": 1714936779
}
,
{
"ID": 31369,
"Binary": "DGLTC_LOTTERY",
"State": 4,
"Progress": 100,
"Start": 1714936764,
"End": 1714936766
}
,
{
"ID": 31370,
"Binary": "DGLTC_LOTTERY",
"State": 4,
"Progress": 100,
"Start": 1714936761,
"End": 1714936763
}
],
"Nodes":[
{
"ID": "PI_SOLAR",
"Class": 1,
"Task": 31348,
"CPUCount": 4,
"LoadAverage": 2.163086,
"TasksCompleted": 80,
"System": 6,
"Enabled": 1
}
,
{
"ID": "LibClient",
"Class": 2,
"Task": 0,
"CPUCount": 1,
"LoadAverage": 0.470703,
"TasksCompleted": 0,
"System": 5,
"Enabled": 1
}
,
{
"ID": "PI_KNS",
"Class": 1,
"Task": 31345,
"CPUCount": 4,
"LoadAverage": 4.370000,
"TasksCompleted": 71,
"System": 6,
"Enabled": 1
}
,
{
"ID": "PI_KNS",
"Class": 1,
"Task": 31344,
"CPUCount": 4,
"LoadAverage": 4.370000,
"TasksCompleted": 71,
"System": 6,
"Enabled": 1
}
,
{
"ID": "GS_EXPLORER",
"Class": 1,
"Task": 0,
"CPUCount": 1,
"LoadAverage": 1.240000,
"TasksCompleted": 1632,
"System": 5,
"Enabled": 1
}
,
{
"ID": "GS_WORK",
"Class": 1,
"Task": 31349,
"CPUCount": 1,
"LoadAverage": 1.690000,
"TasksCompleted": 1362,
"System": 5,
"Enabled": 1
}
,
{
"ID": "LibClient",
"Class": 2,
"Task": 0,
"CPUCount": 1,
"LoadAverage": 0.470703,
"TasksCompleted": 0,
"System": 5,
"Enabled": 1
}
,
{
"ID": "J_PROX",
"Class": 1,
"Task": 31343,
"CPUCount": 2,
"LoadAverage": 2.948730,
"TasksCompleted": 2032,
"System": 5,
"Enabled": 1
}
,
{
"ID": "J_PROX",
"Class": 1,
"Task": 31350,
"CPUCount": 2,
"LoadAverage": 2.948730,
"TasksCompleted": 1982,
"System": 5,
"Enabled": 1
}
,
{
"ID": "ABLACK",
"Class": 1,
"Task": 31342,
"CPUCount": 4,
"LoadAverage": 10.720000,
"TasksCompleted": 2,
"System": 6,
"Enabled": 1
}
]}