{
"CPU": 32.497910,
"Starttime": 1714751364,
"Epoch": 1714878564,
"Version": "0.8",
"Throttled": 11,
"Utilization": 27.272728,
"Connections": 2,
"NodesCount": 11,
"TasksNew": 0,
"TasksCompleted": 22,
"TasksRunning": 3,
"TasksFailed": 0,
"TasksCount": 25,
"Tasks":[
{
"ID": 21463,
"Binary": "BTC_LOTTERY",
"State": 2,
"Progress": 0,
"Start": 1714878404,
"End": 0
}
,
{
"ID": 21464,
"Binary": "BTC_LOTTERY",
"State": 2,
"Progress": 0,
"Start": 1714878404,
"End": 0
}
,
{
"ID": 21466,
"Binary": "BTC_LOTTERY",
"State": 4,
"Progress": 100,
"Start": 1714878404,
"End": 1714878531
}
,
{
"ID": 21467,
"Binary": "BTC_LOTTERY",
"State": 4,
"Progress": 100,
"Start": 1714878404,
"End": 1714878534
}
,
{
"ID": 21468,
"Binary": "BTC_LOTTERY",
"State": 2,
"Progress": 0,
"Start": 1714878404,
"End": 0
}
,
{
"ID": 21471,
"Binary": "DGLTC_LOTTERY",
"State": 4,
"Progress": 100,
"Start": 1714878525,
"End": 1714878531
}
,
{
"ID": 21472,
"Binary": "DGLTC_LOTTERY",
"State": 4,
"Progress": 100,
"Start": 1714878525,
"End": 1714878531
}
,
{
"ID": 21473,
"Binary": "DGLTC_LOTTERY",
"State": 4,
"Progress": 100,
"Start": 1714878526,
"End": 1714878531
}
,
{
"ID": 21474,
"Binary": "DGLTC_LOTTERY",
"State": 4,
"Progress": 100,
"Start": 1714878526,
"End": 1714878531
}
,
{
"ID": 21475,
"Binary": "DGLTC_LOTTERY",
"State": 4,
"Progress": 100,
"Start": 1714878526,
"End": 1714878532
}
,
{
"ID": 21476,
"Binary": "DGLTC_LOTTERY",
"State": 4,
"Progress": 100,
"Start": 1714878531,
"End": 1714878537
}
,
{
"ID": 21477,
"Binary": "DGLTC_LOTTERY",
"State": 4,
"Progress": 100,
"Start": 1714878531,
"End": 1714878537
}
,
{
"ID": 21478,
"Binary": "DGLTC_LOTTERY",
"State": 4,
"Progress": 100,
"Start": 1714878531,
"End": 1714878537
}
,
{
"ID": 21479,
"Binary": "DGLTC_LOTTERY",
"State": 4,
"Progress": 100,
"Start": 1714878531,
"End": 1714878537
}
,
{
"ID": 21480,
"Binary": "DGLTC_LOTTERY",
"State": 4,
"Progress": 100,
"Start": 1714878532,
"End": 1714878539
}
,
{
"ID": 21481,
"Binary": "DGLTC_LOTTERY",
"State": 4,
"Progress": 100,
"Start": 1714878549,
"End": 1714878555
}
,
{
"ID": 21482,
"Binary": "DGLTC_LOTTERY",
"State": 4,
"Progress": 100,
"Start": 1714878549,
"End": 1714878554
}
,
{
"ID": 21483,
"Binary": "DGLTC_LOTTERY",
"State": 4,
"Progress": 100,
"Start": 1714878549,
"End": 1714878554
}
,
{
"ID": 21484,
"Binary": "DGLTC_LOTTERY",
"State": 4,
"Progress": 100,
"Start": 1714878549,
"End": 1714878557
}
,
{
"ID": 21485,
"Binary": "DGLTC_LOTTERY",
"State": 4,
"Progress": 100,
"Start": 1714878549,
"End": 1714878554
}
,
{
"ID": 21486,
"Binary": "DGLTC_LOTTERY",
"State": 4,
"Progress": 100,
"Start": 1714878549,
"End": 1714878554
}
,
{
"ID": 21487,
"Binary": "DGLTC_LOTTERY",
"State": 4,
"Progress": 100,
"Start": 1714878554,
"End": 1714878560
}
,
{
"ID": 21488,
"Binary": "DGLTC_LOTTERY",
"State": 4,
"Progress": 100,
"Start": 1714878554,
"End": 1714878560
}
,
{
"ID": 21489,
"Binary": "DGLTC_LOTTERY",
"State": 4,
"Progress": 100,
"Start": 1714878554,
"End": 1714878560
}
,
{
"ID": 21490,
"Binary": "DGLTC_LOTTERY",
"State": 4,
"Progress": 100,
"Start": 1714878554,
"End": 1714878560
}
],
"Nodes":[
{
"ID": "ABLACK",
"Class": 1,
"Task": 21463,
"CPUCount": 3,
"LoadAverage": 10.700000,
"TasksCompleted": 188,
"System": 6,
"Enabled": 1
}
,
{
"ID": "AWHITE",
"Class": 1,
"Task": 0,
"CPUCount": 8,
"LoadAverage": 0.000000,
"TasksCompleted": 201,
"System": 7,
"Enabled": 1
}
,
{
"ID": "PI_SOLAR",
"Class": 1,
"Task": 21464,
"CPUCount": 4,
"LoadAverage": 2.153809,
"TasksCompleted": 185,
"System": 6,
"Enabled": 1
}
,
{
"ID": "J_PROX",
"Class": 1,
"Task": 0,
"CPUCount": 2,
"LoadAverage": 1.646973,
"TasksCompleted": 1071,
"System": 5,
"Enabled": 1
}
,
{
"ID": "J_PROX",
"Class": 1,
"Task": 0,
"CPUCount": 2,
"LoadAverage": 1.646973,
"TasksCompleted": 1030,
"System": 5,
"Enabled": 1
}
,
{
"ID": "GS_EXPLORER",
"Class": 1,
"Task": 0,
"CPUCount": 1,
"LoadAverage": 0.910000,
"TasksCompleted": 743,
"System": 5,
"Enabled": 1
}
,
{
"ID": "PI_KNS",
"Class": 1,
"Task": 21468,
"CPUCount": 4,
"LoadAverage": 3.260000,
"TasksCompleted": 84,
"System": 6,
"Enabled": 1
}
,
{
"ID": "PI_KNS",
"Class": 1,
"Task": 0,
"CPUCount": 4,
"LoadAverage": 3.260000,
"TasksCompleted": 83,
"System": 6,
"Enabled": 1
}
,
{
"ID": "LibClient",
"Class": 2,
"Task": 0,
"CPUCount": 1,
"LoadAverage": 1.937500,
"TasksCompleted": 0,
"System": 5,
"Enabled": 1
}
,
{
"ID": "P_PROX",
"Class": 1,
"Task": 0,
"CPUCount": 2,
"LoadAverage": 1.937500,
"TasksCompleted": 995,
"System": 5,
"Enabled": 1
}
,
{
"ID": "P_PROX",
"Class": 1,
"Task": 0,
"CPUCount": 2,
"LoadAverage": 1.782227,
"TasksCompleted": 1016,
"System": 5,
"Enabled": 1
}
,
{
"ID": "GS_WORK",
"Class": 1,
"Task": 0,
"CPUCount": 1,
"LoadAverage": 1.500000,
"TasksCompleted": 587,
"System": 5,
"Enabled": 1
}
,
{
"ID": "LibClient",
"Class": 2,
"Task": 0,
"CPUCount": 1,
"LoadAverage": 1.937500,
"TasksCompleted": 0,
"System": 5,
"Enabled": 1
}
]}