{
"CPU": 1.539234,
"Starttime": 1714751364,
"Epoch": 1714828164,
"Version": "0.8",
"Throttled": 7,
"Utilization": 54.545456,
"Connections": 2,
"NodesCount": 11,
"TasksNew": 0,
"TasksCompleted": 22,
"TasksRunning": 6,
"TasksFailed": 0,
"TasksCount": 28,
"Tasks":[
{
"ID": 12331,
"Binary": "BTC_LOTTERY",
"State": 4,
"Progress": 100,
"Start": 1714828057,
"End": 1714828150
}
,
{
"ID": 12332,
"Binary": "BTC_LOTTERY",
"State": 2,
"Progress": 0,
"Start": 1714828057,
"End": 0
}
,
{
"ID": 12333,
"Binary": "BTC_LOTTERY",
"State": 4,
"Progress": 100,
"Start": 1714828057,
"End": 1714828127
}
,
{
"ID": 12334,
"Binary": "BTC_LOTTERY",
"State": 4,
"Progress": 100,
"Start": 1714828057,
"End": 1714828127
}
,
{
"ID": 12335,
"Binary": "BTC_LOTTERY",
"State": 2,
"Progress": 0,
"Start": 1714828057,
"End": 0
}
,
{
"ID": 12336,
"Binary": "BTC_LOTTERY",
"State": 2,
"Progress": 0,
"Start": 1714828057,
"End": 0
}
,
{
"ID": 12337,
"Binary": "BTC_LOTTERY",
"State": 2,
"Progress": 0,
"Start": 1714828057,
"End": 0
}
,
{
"ID": 12338,
"Binary": "BTC_LOTTERY",
"State": 2,
"Progress": 0,
"Start": 1714828057,
"End": 0
}
,
{
"ID": 12340,
"Binary": "BTC_LOTTERY",
"State": 2,
"Progress": 0,
"Start": 1714828057,
"End": 0
}
,
{
"ID": 12352,
"Binary": "DGLTC_LOTTERY",
"State": 4,
"Progress": 100,
"Start": 1714828120,
"End": 1714828122
}
,
{
"ID": 12353,
"Binary": "DGLTC_LOTTERY",
"State": 4,
"Progress": 100,
"Start": 1714828115,
"End": 1714828117
}
,
{
"ID": 12354,
"Binary": "DGLTC_LOTTERY",
"State": 4,
"Progress": 100,
"Start": 1714828112,
"End": 1714828113
}
,
{
"ID": 12355,
"Binary": "DGLTC_LOTTERY",
"State": 4,
"Progress": 100,
"Start": 1714828113,
"End": 1714828115
}
,
{
"ID": 12356,
"Binary": "DGLTC_LOTTERY",
"State": 4,
"Progress": 100,
"Start": 1714828105,
"End": 1714828107
}
,
{
"ID": 12357,
"Binary": "DGLTC_LOTTERY",
"State": 4,
"Progress": 100,
"Start": 1714828103,
"End": 1714828105
}
,
{
"ID": 12358,
"Binary": "DGLTC_LOTTERY",
"State": 4,
"Progress": 100,
"Start": 1714828117,
"End": 1714828120
}
,
{
"ID": 12359,
"Binary": "DGLTC_LOTTERY",
"State": 4,
"Progress": 100,
"Start": 1714828109,
"End": 1714828112
}
,
{
"ID": 12360,
"Binary": "DGLTC_LOTTERY",
"State": 4,
"Progress": 100,
"Start": 1714828107,
"End": 1714828109
}
,
{
"ID": 12361,
"Binary": "DGLTC_LOTTERY",
"State": 4,
"Progress": 100,
"Start": 1714828127,
"End": 1714828130
}
,
{
"ID": 12362,
"Binary": "DGLTC_LOTTERY",
"State": 4,
"Progress": 100,
"Start": 1714828127,
"End": 1714828130
}
,
{
"ID": 12363,
"Binary": "DGLTC_LOTTERY",
"State": 4,
"Progress": 100,
"Start": 1714828127,
"End": 1714828129
}
,
{
"ID": 12364,
"Binary": "DGLTC_LOTTERY",
"State": 4,
"Progress": 100,
"Start": 1714828131,
"End": 1714828133
}
,
{
"ID": 12365,
"Binary": "DGLTC_LOTTERY",
"State": 4,
"Progress": 100,
"Start": 1714828130,
"End": 1714828134
}
,
{
"ID": 12366,
"Binary": "DGLTC_LOTTERY",
"State": 4,
"Progress": 100,
"Start": 1714828134,
"End": 1714828137
}
,
{
"ID": 12367,
"Binary": "DGLTC_LOTTERY",
"State": 4,
"Progress": 100,
"Start": 1714828130,
"End": 1714828134
}
,
{
"ID": 12368,
"Binary": "DGLTC_LOTTERY",
"State": 4,
"Progress": 100,
"Start": 1714828129,
"End": 1714828131
}
,
{
"ID": 12369,
"Binary": "DGLTC_LOTTERY",
"State": 4,
"Progress": 100,
"Start": 1714828134,
"End": 1714828137
}
,
{
"ID": 12370,
"Binary": "DGLTC_LOTTERY",
"State": 4,
"Progress": 100,
"Start": 1714828133,
"End": 1714828135
}
],
"Nodes":[
{
"ID": "ABLACK",
"Class": 1,
"Task": 12335,
"CPUCount": 3,
"LoadAverage": 10.560000,
"TasksCompleted": 90,
"System": 6,
"Enabled": 1
}
,
{
"ID": "AWHITE",
"Class": 1,
"Task": 12332,
"CPUCount": 8,
"LoadAverage": 0.000000,
"TasksCompleted": 94,
"System": 7,
"Enabled": 1
}
,
{
"ID": "J_PROX",
"Class": 1,
"Task": 0,
"CPUCount": 2,
"LoadAverage": 1.695801,
"TasksCompleted": 1646,
"System": 5,
"Enabled": 1
}
,
{
"ID": "PI_SOLAR",
"Class": 1,
"Task": 12337,
"CPUCount": 4,
"LoadAverage": 2.107910,
"TasksCompleted": 85,
"System": 6,
"Enabled": 1
}
,
{
"ID": "LibClient",
"Class": 2,
"Task": 0,
"CPUCount": 1,
"LoadAverage": 0.094727,
"TasksCompleted": 0,
"System": 5,
"Enabled": 1
}
,
{
"ID": "LibClient",
"Class": 2,
"Task": 0,
"CPUCount": 1,
"LoadAverage": 0.094727,
"TasksCompleted": 0,
"System": 5,
"Enabled": 1
}
,
{
"ID": "DELL1",
"Class": 1,
"Task": 0,
"CPUCount": 8,
"LoadAverage": 1.379883,
"TasksCompleted": 2440,
"System": 5,
"Enabled": 1
}
,
{
"ID": "J_PROX",
"Class": 1,
"Task": 0,
"CPUCount": 2,
"LoadAverage": 1.695801,
"TasksCompleted": 89,
"System": 5,
"Enabled": 1
}
,
{
"ID": "GS_WORK",
"Class": 1,
"Task": 12340,
"CPUCount": 1,
"LoadAverage": 1.630000,
"TasksCompleted": 3,
"System": 5,
"Enabled": 1
}
,
{
"ID": "PI_KNS",
"Class": 1,
"Task": 12338,
"CPUCount": 4,
"LoadAverage": 3.840000,
"TasksCompleted": 0,
"System": 6,
"Enabled": 1
}
,
{
"ID": "PI_KNS",
"Class": 1,
"Task": 12336,
"CPUCount": 4,
"LoadAverage": 3.840000,
"TasksCompleted": 0,
"System": 6,
"Enabled": 1
}
,
{
"ID": "GS_EXPLORER",
"Class": 1,
"Task": 0,
"CPUCount": 1,
"LoadAverage": 1.320000,
"TasksCompleted": 4,
"System": 5,
"Enabled": 1
}
,
{
"ID": "IMAC1",
"Class": 1,
"Task": 0,
"CPUCount": 8,
"LoadAverage": 0.755859,
"TasksCompleted": 0,
"System": 3,
"Enabled": 1
}
]}