{
"CPU": 1.557528,
"Starttime": 1715001162,
"Epoch": 1715312382,
"Version": "0.8",
"Throttled": 54,
"Utilization": 100.000000,
"Connections": 2,
"NodesCount": 8,
"TasksNew": 22,
"TasksCompleted": 2,
"TasksRunning": 8,
"TasksFailed": 4,
"TasksCount": 36,
"Tasks":[
{
"ID": 61510,
"Binary": "BTC_LOTTERY",
"State": 3,
"Progress": 100,
"Start": 1715312005,
"End": 1715312344
}
,
{
"ID": 61515,
"Binary": "BTC_LOTTERY",
"State": 3,
"Progress": 100,
"Start": 1715312014,
"End": 1715312344
}
,
{
"ID": 61519,
"Binary": "BTC_LOTTERY",
"State": 3,
"Progress": 100,
"Start": 1715312107,
"End": 1715312344
}
,
{
"ID": 61522,
"Binary": "BTC_LOTTERY",
"State": 3,
"Progress": 100,
"Start": 1715312107,
"End": 1715312344
}
,
{
"ID": 61531,
"Binary": "HELIUM_MNEMONICS",
"State": 4,
"Progress": 100,
"Start": 1715312181,
"End": 1715312340
}
,
{
"ID": 61534,
"Binary": "HELIUM_MNEMONICS",
"State": 4,
"Progress": 100,
"Start": 1715312195,
"End": 1715312359
}
,
{
"ID": 61536,
"Binary": "BTC_LOTTERY",
"State": 2,
"Progress": 0,
"Start": 17