{
"CPU": 2.062720,
"Starttime": 1714751364,
"Epoch": 1714798164,
"Version": "0.8",
"Throttled": 3,
"Utilization": 41.666664,
"Connections": 2,
"NodesCount": 12,
"TasksNew": 0,
"TasksCompleted": 18,
"TasksRunning": 5,
"TasksFailed": 0,
"TasksCount": 23,
"Tasks":[
{
"ID": 7151,
"Binary": "BTC_LOTTERY",
"State": 4,
"Progress": 100,
"Start": 1714798040,
"End": 1714798109
}
,
{
"ID": 7152,
"Binary": "BTC_LOTTERY",
"State": 4,
"Progress": 100,
"Start": 1714798040,
"End": 1714798132
}
,
{
"ID": 7153,
"Binary": "BTC_LOTTERY",
"State": 4,
"Progress": 100,
"Start": 1714798040,
"End": 1714798112
}
,
{
"ID": 7154,
"Binary": "BTC_LOTTERY",
"State": 2,
"Progress": 0,
"Start": 1714798040,
"End": 0
}
,
{
"ID": 7155,
"Binary": "BTC_LOTTERY",
"State": 4,
"Progress": 100,
"Start": 1714798040,
"End": 1714798110
}
,
{
"ID": 7156,
"Binary": "BTC_LOTTERY",
"State": 2,
"Progress": 0,
"Start": 1714798104,
"End": 0
}
,
{
"ID": 7157,
"Binary": "BTC_LOTTERY",
"State": 4,
"Progress": 100,
"Start": 1714798040,
"End": 1714798114
}
,
{
"ID": 7158,
"Binary": "BTC_LOTTERY",
"State": 2,
"Progress": 0,
"Start": 1714798040,
"End": 0
}
,
{
"ID": 7159,
"Binary": "BTC_LOTTERY",
"State": 2,
"Progress": 0,
"Start": 1714798040,
"End": 0
}
,
{
"ID": 7160,
"Binary": "BTC_LOTTERY",
"State": 2,
"Progress": 0,
"Start": 1714798040,
"End": 0
}
,
{
"ID": 7167,
"Binary": "DGLTC_LOTTERY",
"State": 4,
"Progress": 100,
"Start": 1714798104,
"End": 1714798106
}
,
{
"ID": 7168,
"Binary": "DGLTC_LOTTERY",
"State": 4,
"Progress": 100,
"Start": 1714798101,
"End": 1714798104
}
,
{
"ID": 7170,
"Binary": "DGLTC_LOTTERY",
"State": 4,
"Progress": 100,
"Start": 1714798102,
"End": 1714798104
}
,
{
"ID": 7171,
"Binary": "DGLTC_LOTTERY",
"State": 4,
"Progress": 100,
"Start": 1714798153,
"End": 1714798156
}
,
{
"ID": 7172,
"Binary": "DGLTC_LOTTERY",
"State": 4,
"Progress": 100,
"Start": 1714798153,
"End": 1714798157
}
,
{
"ID": 7173,
"Binary": "DGLTC_LOTTERY",
"State": 4,
"Progress": 100,
"Start": 1714798153,
"End": 1714798156
}
,
{
"ID": 7174,
"Binary": "DGLTC_LOTTERY",
"State": 4,
"Progress": 100,
"Start": 1714798153,
"End": 1714798156
}
,
{
"ID": 7175,
"Binary": "DGLTC_LOTTERY",
"State": 4,
"Progress": 100,
"Start": 1714798153,
"End": 1714798155
}
,
{
"ID": 7176,
"Binary": "DGLTC_LOTTERY",
"State": 4,
"Progress": 100,
"Start": 1714798153,
"End": 1714798157
}
,
{
"ID": 7177,
"Binary": "DGLTC_LOTTERY",
"State": 4,
"Progress": 100,
"Start": 1714798153,
"End": 1714798156
}
,
{
"ID": 7178,
"Binary": "DGLTC_LOTTERY",
"State": 4,
"Progress": 100,
"Start": 1714798156,
"End": 1714798160
}
,
{
"ID": 7179,
"Binary": "DGLTC_LOTTERY",
"State": 4,
"Progress": 100,
"Start": 1714798156,
"End": 1714798160
}
,
{
"ID": 7180,
"Binary": "DGLTC_LOTTERY",
"State": 4,
"Progress": 100,
"Start": 1714798155,
"End": 1714798157
}
],
"Nodes":[
{
"ID": "ABLACK",
"Class": 1,
"Task": 7154,
"CPUCount": 3,
"LoadAverage": 10.560000,
"TasksCompleted": 48,
"System": 6,
"Enabled": 1
}
,
{
"ID": "AWHITE",
"Class": 1,
"Task": 7156,
"CPUCount": 8,
"LoadAverage": 0.000000,
"TasksCompleted": 55,
"System": 7,
"Enabled": 1
}
,
{
"ID": "J_PROX",
"Class": 1,
"Task": 0,
"CPUCount": 2,
"LoadAverage": 1.447754,
"TasksCompleted": 836,
"System": 5,
"Enabled": 1
}
,
{
"ID": "J_PROX",
"Class": 1,
"Task": 0,
"CPUCount": 2,
"LoadAverage": 1.447754,
"TasksCompleted": 830,
"System": 5,
"Enabled": 1
}
,
{
"ID": "GS_WORK",
"Class": 1,
"Task": 0,
"CPUCount": 1,
"LoadAverage": 0.250000,
"TasksCompleted": 576,
"System": 5,
"Enabled": 1
}
,
{
"ID": "GS_EXPLORER",
"Class": 1,
"Task": 0,
"CPUCount": 1,
"LoadAverage": 0.960000,
"TasksCompleted": 567,
"System": 5,
"Enabled": 1
}
,
{
"ID": "PI_KNS",
"Class": 1,
"Task": 7158,
"CPUCount": 4,
"LoadAverage": 3.950000,
"TasksCompleted": 54,
"System": 6,
"Enabled": 1
}
,
{
"ID": "PI_KNS",
"Class": 1,
"Task": 7159,
"CPUCount": 4,
"LoadAverage": 3.950000,
"TasksCompleted": 56,
"System": 6,
"Enabled": 1
}
,
{
"ID": "PI_SOLAR",
"Class": 1,
"Task": 7160,
"CPUCount": 4,
"LoadAverage": 1.970703,
"TasksCompleted": 43,
"System": 6,
"Enabled": 1
}
,
{
"ID": "LibClient",
"Class": 2,
"Task": 0,
"CPUCount": 1,
"LoadAverage": 1.582031,
"TasksCompleted": 0,
"System": 5,
"Enabled": 1
}
,
{
"ID": "LibClient",
"Class": 2,
"Task": 0,
"CPUCount": 1,
"LoadAverage": 1.720215,
"TasksCompleted": 0,
"System": 5,
"Enabled": 1
}
,
{
"ID": "DELL1",
"Class": 1,
"Task": 0,
"CPUCount": 8,
"LoadAverage": 1.158203,
"TasksCompleted": 1048,
"System": 5,
"Enabled": 1
}
,
{
"ID": "P_PROX",
"Class": 1,
"Task": 0,
"CPUCount": 2,
"LoadAverage": 1.582031,
"TasksCompleted": 658,
"System": 5,
"Enabled": 1
}
,
{
"ID": "P_PROX",
"Class": 1,
"Task": 0,
"CPUCount": 2,
"LoadAverage": 1.582031,
"TasksCompleted": 674,
"System": 5,
"Enabled": 1
}
]}