{
"CPU": 1.423070,
"Starttime": 1715001162,
"Epoch": 1715088582,
"Version": "0.8",
"Throttled": 18,
"Utilization": 20.000000,
"Connections": 2,
"NodesCount": 10,
"TasksNew": 0,
"TasksCompleted": 13,
"TasksRunning": 2,
"TasksFailed": 2,
"TasksCount": 17,
"Tasks":[
{
"ID": 50924,
"Binary": "BTC_LOTTERY",
"State": 2,
"Progress": 0,
"Start": 1715088245,
"End": 0
}
,
{
"ID": 50926,
"Binary": "BTC_LOTTERY",
"State": 2,
"Progress": 0,
"Start": 1715088245,
"End": 0
}
,
{
"ID": 50941,
"Binary": "DGLTC_LOTTERY",
"State": 4,
"Progress": 100,
"Start": 1715088530,
"End": 1715088533
}
,
{
"ID": 50942,
"Binary": "DGLTC_LOTTERY",
"State": 4,
"Progress": 100,
"Start": 1715088530,
"End": 1715088532
}
,
{
"ID": 50943,
"Binary": "DGLTC_LOTTERY",
"State": 4,
"Progress": 100,
"Start": 1715088530,
"End": 1715088532
}
,
{
"ID": 50944,
"Binary": "DGLTC_LOTTERY",
"State": 4,
"Progress": 100,
"Start": 1715088530,
"End": 1715088532
}
,
{
"ID": 50945,
"Binary": "DGLTC_LOTTERY",
"State": 4,
"Progress": 100,
"Start": 1715088530,
"End": 1715088532
}
,
{
"ID": 50946,
"Binary": "DGLTC_LOTTERY",
"State": 4,
"Progress": 100,
"Start": 1715088565,
"End": 1715088567
}
,
{
"ID": 50947,
"Binary": "DGLTC_LOTTERY",
"State": 3,
"Progress": 100,
"Start": 1715088565,
"End": 1715088566
}
,
{
"ID": 50948,
"Binary": "DGLTC_LOTTERY",
"State": 4,
"Progress": 100,
"Start": 1715088565,
"End": 1715088566
}
,
{
"ID": 50949,
"Binary": "DGLTC_LOTTERY",
"State": 4,
"Progress": 100,
"Start": 1715088565,
"End": 1715088567
}
,
{
"ID": 50950,
"Binary": "DGLTC_LOTTERY",
"State": 4,
"Progress": 100,
"Start": 1715088565,
"End": 1715088567
}
,
{
"ID": 50951,
"Binary": "DGLTC_LOTTERY",
"State": 3,
"Progress": 100,
"Start": 1715088577,
"End": 1715088578
}
,
{
"ID": 50952,
"Binary": "DGLTC_LOTTERY",
"State": 4,
"Progress": 100,
"Start": 1715088577,
"End": 1715088579
}
,
{
"ID": 50953,
"Binary": "DGLTC_LOTTERY",
"State": 4,
"Progress": 100,
"Start": 1715088577,
"End": 1715088579
}
,
{
"ID": 50954,
"Binary": "DGLTC_LOTTERY",
"State": 4,
"Progress": 100,
"Start": 1715088577,
"End": 1715088579
}
,
{
"ID": 50955,
"Binary": "DGLTC_LOTTERY",
"State": 4,
"Progress": 100,
"Start": 1715088577,
"End": 1715088579
}
],
"Nodes":[
{
"ID": "GS_WORK",
"Class": 1,
"Task": 0,
"CPUCount": 1,
"LoadAverage": 0.070000,
"TasksCompleted": 1194,
"System": 5,
"Enabled": 1
}
,
{
"ID": "GS_EXPLORER",
"Class": 1,
"Task": 0,
"CPUCount": 1,
"LoadAverage": 0.030000,
"TasksCompleted": 1221,
"System": 5,
"Enabled": 1
}
,
{
"ID": "J_PROX",
"Class": 1,
"Task": 0,
"CPUCount": 2,
"LoadAverage": 0.600098,
"TasksCompleted": 1449,
"System": 5,
"Enabled": 1
}
,
{
"ID": "J_PROX",
"Class": 1,
"Task": 0,
"CPUCount": 2,
"LoadAverage": 0.600098,
"TasksCompleted": 1425,
"System": 5,
"Enabled": 1
}
,
{
"ID": "LibClient",
"Class": 2,
"Task": 0,
"CPUCount": 1,
"LoadAverage": 0.000000,
"TasksCompleted": 0,
"System": 5,
"Enabled": 1
}
,
{
"ID": "ABLACK",
"Class": 1,
"Task": 0,
"CPUCount": 1,
"LoadAverage": 9.760000,
"TasksCompleted": 93,
"System": 6,
"Enabled": 1
}
,
{
"ID": "AWHITE",
"Class": 1,
"Task": 0,
"CPUCount": 8,
"LoadAverage": 0.000000,
"TasksCompleted": 90,
"System": 7,
"Enabled": 1
}
,
{
"ID": "GS_API",
"Class": 1,
"Task": 0,
"CPUCount": 1,
"LoadAverage": 0.040000,
"TasksCompleted": 897,
"System": 5,
"Enabled": 1
}
,
{
"ID": "L2_PROD",
"Class": 1,
"Task": 0,
"CPUCount": 2,
"LoadAverage": 0.160000,
"TasksCompleted": 1176,
"System": 5,
"Enabled": 1
}
,
{
"ID": "LibClient",
"Class": 2,
"Task": 0,
"CPUCount": 1,
"LoadAverage": 0.000000,
"TasksCompleted": 0,
"System": 5,
"Enabled": 1
}
,
{
"ID": "PI_KNS",
"Class": 1,
"Task": 50926,
"CPUCount": 4,
"LoadAverage": 4.570000,
"TasksCompleted": 56,
"System": 6,
"Enabled": 1
}
,
{
"ID": "PI_KNS",
"Class": 1,
"Task": 50924,
"CPUCount": 4,
"LoadAverage": 4.570000,
"TasksCompleted": 58,
"System": 6,
"Enabled": 1
}
]}