{
"CPU": 15.448921,
"Starttime": 1714751364,
"Epoch": 1714847364,
"Version": "0.8",
"Throttled": 8,
"Utilization": 46.153847,
"Connections": 2,
"NodesCount": 13,
"TasksNew": 0,
"TasksCompleted": 17,
"TasksRunning": 6,
"TasksFailed": 0,
"TasksCount": 23,
"Tasks":[
{
"ID": 15831,
"Binary": "BTC_LOTTERY",
"State": 2,
"Progress": 0,
"Start": 1714846948,
"End": 0
}
,
{
"ID": 15836,
"Binary": "BTC_LOTTERY",
"State": 2,
"Progress": 0,
"Start": 1714846948,
"End": 0
}
,
{
"ID": 15839,
"Binary": "BTC_LOTTERY",
"State": 2,
"Progress": 0,
"Start": 1714846948,
"End": 0
}
,
{
"ID": 15911,
"Binary": "DGLTC_LOTTERY",
"State": 4,
"Progress": 100,
"Start": 1714847313,
"End": 1714847319
}
,
{
"ID": 15912,
"Binary": "DGLTC_LOTTERY",
"State": 4,
"Progress": 100,
"Start": 1714847313,
"End": 1714847318
}
,
{
"ID": 15913,
"Binary": "DGLTC_LOTTERY",
"State": 4,
"Progress": 100,
"Start": 1714847313,
"End": 1714847319
}
,
{
"ID": 15914,
"Binary": "DGLTC_LOTTERY",
"State": 4,
"Progress": 100,
"Start": 1714847313,
"End": 1714847321
}
,
{
"ID": 15915,
"Binary": "DGLTC_LOTTERY",
"State": 4,
"Progress": 100,
"Start": 1714847313,
"End": 1714847317
}
,
{
"ID": 15916,
"Binary": "DGLTC_LOTTERY",
"State": 4,
"Progress": 100,
"Start": 1714847313,
"End": 1714847317
}
,
{
"ID": 15917,
"Binary": "DGLTC_LOTTERY",
"State": 4,
"Progress": 100,
"Start": 1714847313,
"End": 1714847319
}
,
{
"ID": 15918,
"Binary": "DGLTC_LOTTERY",
"State": 4,
"Progress": 100,
"Start": 1714847313,
"End": 1714847320
}
,
{
"ID": 15919,
"Binary": "DGLTC_LOTTERY",
"State": 4,
"Progress": 100,
"Start": 1714847317,
"End": 1714847321
}
,
{
"ID": 15920,
"Binary": "DGLTC_LOTTERY",
"State": 4,
"Progress": 100,
"Start": 1714847317,
"End": 1714847320
}
,
{
"ID": 15921,
"Binary": "DGLTC_LOTTERY",
"State": 2,
"Progress": 0,
"Start": 1714847357,
"End": 0
}
,
{
"ID": 15922,
"Binary": "DGLTC_LOTTERY",
"State": 4,
"Progress": 100,
"Start": 1714847357,
"End": 1714847361
}
,
{
"ID": 15923,
"Binary": "DGLTC_LOTTERY",
"State": 4,
"Progress": 100,
"Start": 1714847357,
"End": 1714847363
}
,
{
"ID": 15924,
"Binary": "DGLTC_LOTTERY",
"State": 4,
"Progress": 100,
"Start": 1714847357,
"End": 1714847360
}
,
{
"ID": 15925,
"Binary": "DGLTC_LOTTERY",
"State": 2,
"Progress": 0,
"Start": 1714847357,
"End": 0
}
,
{
"ID": 15926,
"Binary": "DGLTC_LOTTERY",
"State": 4,
"Progress": 100,
"Start": 1714847357,
"End": 1714847361
}
,
{
"ID": 15927,
"Binary": "DGLTC_LOTTERY",
"State": 4,
"Progress": 100,
"Start": 1714847357,
"End": 1714847363
}
,
{
"ID": 15928,
"Binary": "DGLTC_LOTTERY",
"State": 4,
"Progress": 100,
"Start": 1714847357,
"End": 1714847363
}
,
{
"ID": 15929,
"Binary": "DGLTC_LOTTERY",
"State": 2,
"Progress": 0,
"Start": 1714847361,
"End": 0
}
,
{
"ID": 15930,
"Binary": "DGLTC_LOTTERY",
"State": 4,
"Progress": 100,
"Start": 1714847360,
"End": 1714847363
}
],
"Nodes":[
{
"ID": "ABLACK",
"Class": 1,
"Task": 0,
"CPUCount": 1,
"LoadAverage": 9.250000,
"TasksCompleted": 143,
"System": 6,
"Enabled": 1
}
,
{
"ID": "AWHITE",
"Class": 1,
"Task": 0,
"CPUCount": 8,
"LoadAverage": 0.000000,
"TasksCompleted": 152,
"System": 7,
"Enabled": 1
}
,
{
"ID": "PI_SOLAR",
"Class": 1,
"Task": 15836,
"CPUCount": 4,
"LoadAverage": 2.214844,
"TasksCompleted": 136,
"System": 6,
"Enabled": 1
}
,
{
"ID": "DELL1",
"Class": 1,
"Task": 0,
"CPUCount": 8,
"LoadAverage": 1.249023,
"TasksCompleted": 3355,
"System": 5,
"Enabled": 1
}
,
{
"ID": "J_PROX",
"Class": 1,
"Task": 0,
"CPUCount": 2,
"LoadAverage": 0.634766,
"TasksCompleted": 231,
"System": 5,
"Enabled": 1
}
,
{
"ID": "J_PROX",
"Class": 1,
"Task": 0,
"CPUCount": 2,
"LoadAverage": 0.634766,
"TasksCompleted": 223,
"System": 5,
"Enabled": 1
}
,
{
"ID": "GS_EXPLORER",
"Class": 1,
"Task": 15921,
"CPUCount": 1,
"LoadAverage": 0.140000,
"TasksCompleted": 199,
"System": 5,
"Enabled": 1
}
,
{
"ID": "PI_KNS",
"Class": 1,
"Task": 15839,
"CPUCount": 4,
"LoadAverage": 4.740000,
"TasksCompleted": 34,
"System": 6,
"Enabled": 1
}
,
{
"ID": "PI_KNS",
"Class": 1,
"Task": 15831,
"CPUCount": 4,
"LoadAverage": 4.740000,
"TasksCompleted": 34,
"System": 6,
"Enabled": 1
}
,
{
"ID": "LibClient",
"Class": 2,
"Task": 0,
"CPUCount": 1,
"LoadAverage": 0.170898,
"TasksCompleted": 0,
"System": 5,
"Enabled": 1
}
,
{
"ID": "P_PROX",
"Class": 1,
"Task": 0,
"CPUCount": 2,
"LoadAverage": 0.477539,
"TasksCompleted": 167,
"System": 5,
"Enabled": 1
}
,
{
"ID": "P_PROX",
"Class": 1,
"Task": 0,
"CPUCount": 2,
"LoadAverage": 0.477539,
"TasksCompleted": 165,
"System": 5,
"Enabled": 1
}
,
{
"ID": "GS_WORK",
"Class": 1,
"Task": 15925,
"CPUCount": 1,
"LoadAverage": 0.440000,
"TasksCompleted": 108,
"System": 5,
"Enabled": 1
}
,
{
"ID": "LibClient",
"Class": 2,
"Task": 0,
"CPUCount": 1,
"LoadAverage": 0.170898,
"TasksCompleted": 0,
"System": 5,
"Enabled": 1
}
,
{
"ID": "IMAC1",
"Class": 1,
"Task": 15929,
"CPUCount": 8,
"LoadAverage": 1.990723,
"TasksCompleted": 3,
"System": 3,
"Enabled": 1
}
]}