{
"CPU": 1.873850,
"Starttime": 1714888439,
"Epoch": 1714993199,
"Version": "0.8",
"Throttled": 22,
"Utilization": 0.000000,
"Connections": 2,
"NodesCount": 7,
"TasksNew": 0,
"TasksCompleted": 20,
"TasksRunning": 0,
"TasksFailed": 0,
"TasksCount": 20,
"Tasks":[
{
"ID": 41551,
"Binary": "DGLTC_LOTTERY",
"State": 4,
"Progress": 100,
"Start": 1714993167,
"End": 1714993169
}
,
{
"ID": 41552,
"Binary": "DGLTC_LOTTERY",
"State": 4,
"Progress": 100,
"Start": 1714993167,
"End": 1714993169
}
,
{
"ID": 41553,
"Binary": "DGLTC_LOTTERY",
"State": 4,
"Progress": 100,
"Start": 1714993167,
"End": 1714993169
}
,
{
"ID": 41554,
"Binary": "DGLTC_LOTTERY",
"State": 4,
"Progress": 100,
"Start": 1714993167,
"End": 1714993169
}
,
{
"ID": 41555,
"Binary": "DGLTC_LOTTERY",
"State": 4,
"Progress": 100,
"Start": 1714993171,
"End": 1714993173
}
,
{
"ID": 41556,
"Binary": "DGLTC_LOTTERY",
"State": 4,
"Progress": 100,
"Start": 1714993169,
"End": 1714993172
}
,
{
"ID": 41557,
"Binary": "DGLTC_LOTTERY",
"State": 4,
"Progress": 100,
"Start": 1714993169,
"End": 1714993171
}
,
{
"ID": 41558,
"Binary": "DGLTC_LOTTERY",
"State": 4,
"Progress": 100,
"Start": 1714993169,
"End": 1714993172
}
,
{
"ID": 41559,
"Binary": "DGLTC_LOTTERY",
"State": 4,
"Progress": 100,
"Start": 1714993169,
"End": 1714993171
}
,
{
"ID": 41560,
"Binary": "DGLTC_LOTTERY",
"State": 4,
"Progress": 100,
"Start": 1714993171,
"End": 1714993173
}
,
{
"ID": 41561,
"Binary": "DGLTC_LOTTERY",
"State": 4,
"Progress": 100,
"Start": 1714993177,
"End": 1714993180
}
,
{
"ID": 41562,
"Binary": "DGLTC_LOTTERY",
"State": 4,
"Progress": 100,
"Start": 1714993177,
"End": 1714993180
}
,
{
"ID": 41563,
"Binary": "DGLTC_LOTTERY",
"State": 4,
"Progress": 100,
"Start": 1714993177,
"End": 1714993180
}
,
{
"ID": 41564,
"Binary": "DGLTC_LOTTERY",
"State": 4,
"Progress": 100,
"Start": 1714993177,
"End": 1714993180
}
,
{
"ID": 41565,
"Binary": "DGLTC_LOTTERY",
"State": 4,
"Progress": 100,
"Start": 1714993180,
"End": 1714993182
}
,
{
"ID": 41566,
"Binary": "DGLTC_LOTTERY",
"State": 4,
"Progress": 100,
"Start": 1714993180,
"End": 1714993182
}
,
{
"ID": 41567,
"Binary": "DGLTC_LOTTERY",
"State": 4,
"Progress": 100,
"Start": 1714993182,
"End": 1714993184
}
,
{
"ID": 41568,
"Binary": "DGLTC_LOTTERY",
"State": 4,
"Progress": 100,
"Start": 1714993180,
"End": 1714993182
}
,
{
"ID": 41569,
"Binary": "DGLTC_LOTTERY",
"State": 4,
"Progress": 100,
"Start": 1714993182,
"End": 1714993184
}
,
{
"ID": 41570,
"Binary": "DGLTC_LOTTERY",
"State": 4,
"Progress": 100,
"Start": 1714993180,
"End": 1714993183
}
],
"Nodes":[
{
"ID": "PI_SOLAR",
"Class": 1,
"Task": 0,
"CPUCount": 4,
"LoadAverage": 0.175781,
"TasksCompleted": 252,
"System": 6,
"Enabled": 1
}
,
{
"ID": "LibClient",
"Class": 2,
"Task": 0,
"CPUCount": 1,
"LoadAverage": 0.039062,
"TasksCompleted": 0,
"System": 5,
"Enabled": 1
}
,
{
"ID": "GS_EXPLORER",
"Class": 1,
"Task": 0,
"CPUCount": 1,
"LoadAverage": 0.150000,
"TasksCompleted": 3513,
"System": 5,
"Enabled": 1
}
,
{
"ID": "GS_WORK",
"Class": 1,
"Task": 0,
"CPUCount": 1,
"LoadAverage": 0.250000,
"TasksCompleted": 3128,
"System": 5,
"Enabled": 1
}
,
{
"ID": "LibClient",
"Class": 2,
"Task": 0,
"CPUCount": 1,
"LoadAverage": 0.042969,
"TasksCompleted": 0,
"System": 5,
"Enabled": 1
}
,
{
"ID": "J_PROX",
"Class": 1,
"Task": 0,
"CPUCount": 2,
"LoadAverage": 0.240723,
"TasksCompleted": 4530,
"System": 5,
"Enabled": 1
}
,
{
"ID": "J_PROX",
"Class": 1,
"Task": 0,
"CPUCount": 2,
"LoadAverage": 0.240723,
"TasksCompleted": 4524,
"System": 5,
"Enabled": 1
}
,
{
"ID": "PI_KNS",
"Class": 1,
"Task": 0,
"CPUCount": 4,
"LoadAverage": 0.420000,
"TasksCompleted": 56,
"System": 6,
"Enabled": 1
}
,
{
"ID": "PI_KNS",
"Class": 1,
"Task": 0,
"CPUCount": 4,
"LoadAverage": 0.420000,
"TasksCompleted": 56,
"System": 6,
"Enabled": 1
}
]}