{
"CPU": 1.773762,
"Starttime": 1714888439,
"Epoch": 1714909799,
"Version": "0.8",
"Throttled": 0,
"Utilization": 66.666672,
"Connections": 2,
"NodesCount": 9,
"TasksNew": 1,
"TasksCompleted": 22,
"TasksRunning": 6,
"TasksFailed": 0,
"TasksCount": 29,
"Tasks":[
{
"ID": 26612,
"Binary": "BTC_LOTTERY",
"State": 4,
"Progress": 100,
"Start": 1714909289,
"End": 1714909756
}
,
{
"ID": 26615,
"Binary": "BTC_LOTTERY",
"State": 2,
"Progress": 0,
"Start": 1714909289,
"End": 0
}
,
{
"ID": 26616,
"Binary": "BTC_LOTTERY",
"State": 4,
"Progress": 100,
"Start": 1714909289,
"End": 1714909751
}
,
{
"ID": 26655,
"Binary": "DGLTC_LOTTERY",
"State": 4,
"Progress": 100,
"Start": 1714909740,
"End": 1714909742
}
,
{
"ID": 26656,
"Binary": "DGLTC_LOTTERY",
"State": 4,
"Progress": 100,
"Start": 1714909740,
"End": 1714909742
}
,
{
"ID": 26657,
"Binary": "DGLTC_LOTTERY",
"State": 4,
"Progress": 100,
"Start": 1714909738,
"End": 1714909740
}
,
{
"ID": 26658,
"Binary": "DGLTC_LOTTERY",
"State": 4,
"Progress": 100,
"Start": 1714909738,
"End": 1714909740
}
,
{
"ID": 26659,
"Binary": "DGLTC_LOTTERY",
"State": 4,
"Progress": 100,
"Start": 1714909738,
"End": 1714909740
}
,
{
"ID": 26660,
"Binary": "DGLTC_LOTTERY",
"State": 4,
"Progress": 100,
"Start": 1714909738,
"End": 1714909741
}
,
{
"ID": 26661,
"Binary": "DGLTC_LOTTERY",
"State": 4,
"Progress": 100,
"Start": 1714909764,
"End": 1714909767
}
,
{
"ID": 26662,
"Binary": "DGLTC_LOTTERY",
"State": 4,
"Progress": 100,
"Start": 1714909764,
"End": 1714909767
}
,
{
"ID": 26663,
"Binary": "DGLTC_LOTTERY",
"State": 4,
"Progress": 100,
"Start": 1714909764,
"End": 1714909767
}
,
{
"ID": 26664,
"Binary": "DGLTC_LOTTERY",
"State": 4,
"Progress": 100,
"Start": 1714909764,
"End": 1714909767
}
,
{
"ID": 26665,
"Binary": "DGLTC_LOTTERY",
"State": 4,
"Progress": 100,
"Start": 1714909764,
"End": 1714909767
}
,
{
"ID": 26666,
"Binary": "DGLTC_LOTTERY",
"State": 4,
"Progress": 100,
"Start": 1714909767,
"End": 1714909769
}
,
{
"ID": 26667,
"Binary": "DGLTC_LOTTERY",
"State": 4,
"Progress": 100,
"Start": 1714909767,
"End": 1714909770
}
,
{
"ID": 26668,
"Binary": "DGLTC_LOTTERY",
"State": 4,
"Progress": 100,
"Start": 1714909767,
"End": 1714909769
}
,
{
"ID": 26669,
"Binary": "DGLTC_LOTTERY",
"State": 4,
"Progress": 100,
"Start": 1714909767,
"End": 1714909770
}
,
{
"ID": 26670,
"Binary": "DGLTC_LOTTERY",
"State": 4,
"Progress": 100,
"Start": 1714909767,
"End": 1714909769
}
,
{
"ID": 26671,
"Binary": "DGLTC_LOTTERY",
"State": 4,
"Progress": 100,
"Start": 1714909796,
"End": 1714909798
}
,
{
"ID": 26672,
"Binary": "DGLTC_LOTTERY",
"State": 4,
"Progress": 100,
"Start": 1714909796,
"End": 1714909798
}
,
{
"ID": 26673,
"Binary": "DGLTC_LOTTERY",
"State": 4,
"Progress": 100,
"Start": 1714909796,
"End": 1714909798
}
,
{
"ID": 26674,
"Binary": "DGLTC_LOTTERY",
"State": 4,
"Progress": 100,
"Start": 1714909796,
"End": 1714909798
}
,
{
"ID": 26675,
"Binary": "DGLTC_LOTTERY",
"State": 2,
"Progress": 0,
"Start": 1714909796,
"End": 0
}
,
{
"ID": 26676,
"Binary": "DGLTC_LOTTERY",
"State": 2,
"Progress": 0,
"Start": 1714909798,
"End": 0
}
,
{
"ID": 26677,
"Binary": "DGLTC_LOTTERY",
"State": 2,
"Progress": 0,
"Start": 1714909798,
"End": 0
}
,
{
"ID": 26678,
"Binary": "DGLTC_LOTTERY",
"State": 1,
"Progress": 0,
"Start": 0,
"End": 0
}
,
{
"ID": 26679,
"Binary": "DGLTC_LOTTERY",
"State": 2,
"Progress": 0,
"Start": 1714909798,
"End": 0
}
,
{
"ID": 26680,
"Binary": "DGLTC_LOTTERY",
"State": 2,
"Progress": 0,
"Start": 1714909798,
"End": 0
}
],
"Nodes":[
{
"ID": "PI_SOLAR",
"Class": 1,
"Task": 0,
"CPUCount": 4,
"LoadAverage": 1.030273,
"TasksCompleted": 37,
"System": 6,
"Enabled": 1
}
,
{
"ID": "LibClient",
"Class": 2,
"Task": 0,
"CPUCount": 1,
"LoadAverage": 0.102051,
"TasksCompleted": 0,
"System": 5,
"Enabled": 1
}
,
{
"ID": "PI_KNS",
"Class": 1,
"Task": 0,
"CPUCount": 4,
"LoadAverage": 2.540000,
"TasksCompleted": 28,
"System": 6,
"Enabled": 1
}
,
{
"ID": "PI_KNS",
"Class": 1,
"Task": 0,
"CPUCount": 4,
"LoadAverage": 2.540000,
"TasksCompleted": 28,
"System": 6,
"Enabled": 1
}
,
{
"ID": "GS_EXPLORER",
"Class": 1,
"Task": 26676,
"CPUCount": 1,
"LoadAverage": 0.110000,
"TasksCompleted": 720,
"System": 5,
"Enabled": 1
}
,
{
"ID": "GS_WORK",
"Class": 1,
"Task": 26675,
"CPUCount": 1,
"LoadAverage": 0.070000,
"TasksCompleted": 618,
"System": 5,
"Enabled": 1
}
,
{
"ID": "LibClient",
"Class": 2,
"Task": 0,
"CPUCount": 1,
"LoadAverage": 0.102051,
"TasksCompleted": 0,
"System": 5,
"Enabled": 1
}
,
{
"ID": "J_PROX",
"Class": 1,
"Task": 26677,
"CPUCount": 2,
"LoadAverage": 0.269043,
"TasksCompleted": 931,
"System": 5,
"Enabled": 1
}
,
{
"ID": "J_PROX",
"Class": 1,
"Task": 26680,
"CPUCount": 2,
"LoadAverage": 0.269043,
"TasksCompleted": 885,
"System": 5,
"Enabled": 1
}
,
{
"ID": "ABLACK",
"Class": 1,
"Task": 26615,
"CPUCount": 4,
"LoadAverage": 11.580000,
"TasksCompleted": 0,
"System": 6,
"Enabled": 1
}
,
{
"ID": "IMAC1",
"Class": 1,
"Task": 26679,
"CPUCount": 8,
"LoadAverage": 1.227539,
"TasksCompleted": 3,
"System": 3,
"Enabled": 1
}
]}