{
"CPU": 1.640167,
"Starttime": 1715001162,
"Epoch": 1715049582,
"Version": "0.8",
"Throttled": 15,
"Utilization": 20.000000,
"Connections": 2,
"NodesCount": 10,
"TasksNew": 0,
"TasksCompleted": 12,
"TasksRunning": 2,
"TasksFailed": 3,
"TasksCount": 17,
"Tasks":[
{
"ID": 47222,
"Binary": "BTC_LOTTERY",
"State": 2,
"Progress": 0,
"Start": 1715049231,
"End": 0
}
,
{
"ID": 47224,
"Binary": "BTC_LOTTERY",
"State": 2,
"Progress": 0,
"Start": 1715049231,
"End": 0
}
,
{
"ID": 47241,
"Binary": "DGLTC_LOTTERY",
"State": 4,
"Progress": 100,
"Start": 1715049523,
"End": 1715049525
}
,
{
"ID": 47242,
"Binary": "DGLTC_LOTTERY",
"State": 4,
"Progress": 100,
"Start": 1715049523,
"End": 1715049525
}
,
{
"ID": 47243,
"Binary": "DGLTC_LOTTERY",
"State": 3,
"Progress": 100,
"Start": 1715049523,
"End": 1715049524
}
,
{
"ID": 47244,
"Binary": "DGLTC_LOTTERY",
"State": 4,
"Progress": 100,
"Start": 1715049523,
"End": 1715049526
}
,
{
"ID": 47245,
"Binary": "DGLTC_LOTTERY",
"State": 4,
"Progress": 100,
"Start": 1715049523,
"End": 1715049525
}
,
{
"ID": 47246,
"Binary": "DGLTC_LOTTERY",
"State": 4,
"Progress": 100,
"Start": 1715049529,
"End": 1715049531
}
,
{
"ID": 47247,
"Binary": "DGLTC_LOTTERY",
"State": 4,
"Progress": 100,
"Start": 1715049529,
"End": 1715049531
}
,
{
"ID": 47248,
"Binary": "DGLTC_LOTTERY",
"State": 3,
"Progress": 100,
"Start": 1715049529,
"End": 1715049531
}
,
{
"ID": 47249,
"Binary": "DGLTC_LOTTERY",
"State": 4,
"Progress": 100,
"Start": 1715049529,
"End": 1715049532
}
,
{
"ID": 47250,
"Binary": "DGLTC_LOTTERY",
"State": 4,
"Progress": 100,
"Start": 1715049529,
"End": 1715049531
}
,
{
"ID": 47251,
"Binary": "DGLTC_LOTTERY",
"State": 4,
"Progress": 100,
"Start": 1715049541,
"End": 1715049544
}
,
{
"ID": 47252,
"Binary": "DGLTC_LOTTERY",
"State": 4,
"Progress": 100,
"Start": 1715049541,
"End": 1715049543
}
,
{
"ID": 47253,
"Binary": "DGLTC_LOTTERY",
"State": 4,
"Progress": 100,
"Start": 1715049541,
"End": 1715049544
}
,
{
"ID": 47254,
"Binary": "DGLTC_LOTTERY",
"State": 3,
"Progress": 100,
"Start": 1715049541,
"End": 1715049542
}
,
{
"ID": 47255,
"Binary": "DGLTC_LOTTERY",
"State": 4,
"Progress": 100,
"Start": 1715049541,
"End": 1715049543
}
],
"Nodes":[
{
"ID": "GS_WORK",
"Class": 1,
"Task": 0,
"CPUCount": 1,
"LoadAverage": 0.140000,
"TasksCompleted": 715,
"System": 5,
"Enabled": 1
}
,
{
"ID": "GS_EXPLORER",
"Class": 1,
"Task": 0,
"CPUCount": 1,
"LoadAverage": 0.110000,
"TasksCompleted": 715,
"System": 5,
"Enabled": 1
}
,
{
"ID": "J_PROX",
"Class": 1,
"Task": 0,
"CPUCount": 2,
"LoadAverage": 0.151367,
"TasksCompleted": 897,
"System": 5,
"Enabled": 1
}
,
{
"ID": "J_PROX",
"Class": 1,
"Task": 0,
"CPUCount": 2,
"LoadAverage": 0.151367,
"TasksCompleted": 883,
"System": 5,
"Enabled": 1
}
,
{
"ID": "LibClient",
"Class": 2,
"Task": 0,
"CPUCount": 1,
"LoadAverage": 0.024902,
"TasksCompleted": 0,
"System": 5,
"Enabled": 1
}
,
{
"ID": "ABLACK",
"Class": 1,
"Task": 0,
"CPUCount": 1,
"LoadAverage": 9.750000,
"TasksCompleted": 35,
"System": 6,
"Enabled": 1
}
,
{
"ID": "AWHITE",
"Class": 1,
"Task": 0,
"CPUCount": 8,
"LoadAverage": 0.000000,
"TasksCompleted": 34,
"System": 7,
"Enabled": 1
}
,
{
"ID": "GS_API",
"Class": 1,
"Task": 0,
"CPUCount": 1,
"LoadAverage": 0.020000,
"TasksCompleted": 394,
"System": 5,
"Enabled": 1
}
,
{
"ID": "L2_PROD",
"Class": 1,
"Task": 0,
"CPUCount": 2,
"LoadAverage": 0.400000,
"TasksCompleted": 455,
"System": 5,
"Enabled": 1
}
,
{
"ID": "LibClient",
"Class": 2,
"Task": 0,
"CPUCount": 1,
"LoadAverage": 0.024902,
"TasksCompleted": 0,
"System": 5,
"Enabled": 1
}
,
{
"ID": "PI_KNS",
"Class": 1,
"Task": 47224,
"CPUCount": 4,
"LoadAverage": 4.550000,
"TasksCompleted": 0,
"System": 6,
"Enabled": 1
}
,
{
"ID": "PI_KNS",
"Class": 1,
"Task": 47222,
"CPUCount": 4,
"LoadAverage": 4.550000,
"TasksCompleted": 0,
"System": 6,
"Enabled": 1
}
]}