{
"CPU": 0.996108,
"Starttime": 1714648137,
"Epoch": 1714701601,
"Version": "0.8",
"Utilization": 6.250000,
"Connections": 2,
"NodesCount": 16,
"TasksNew": 0,
"TasksCompleted": 19,
"TasksRunning": 1,
"TasksFailed": 0,
"TasksCount": 20,
"Tasks":[
{
"ID": 7711,
"Binary": "DGLTC_LOTTERY",
"State": 4,
"Progress": 100,
"Start": 1714701567,
"End": 1714701573
}
,
{
"ID": 7712,
"Binary": "DGLTC_LOTTERY",
"State": 4,
"Progress": 100,
"Start": 1714701567,
"End": 1714701578
}
,
{
"ID": 7713,
"Binary": "DGLTC_LOTTERY",
"State": 4,
"Progress": 100,
"Start": 1714701567,
"End": 1714701578
}
,
{
"ID": 7714,
"Binary": "DGLTC_LOTTERY",
"State": 4,
"Progress": 100,
"Start": 1714701567,
"End": 1714701573
}
,
{
"ID": 7715,
"Binary": "DGLTC_LOTTERY",
"State": 4,
"Progress": 100,
"Start": 1714701567,
"End": 1714701573
}
,
{
"ID": 7716,
"Binary": "DGLTC_LOTTERY",
"State": 4,
"Progress": 100,
"Start": 1714701567,
"End": 1714701583
}
,
{
"ID": 7717,
"Binary": "DGLTC_LOTTERY",
"State": 4,
"Progress": 100,
"Start": 1714701567,
"End": 1714701579
}
,
{
"ID": 7718,
"Binary": "DGLTC_LOTTERY",
"State": 4,
"Progress": 100,
"Start": 1714701573,
"End": 1714701578
}
,
{
"ID": 7719,
"Binary": "DGLTC_LOTTERY",
"State": 4,
"Progress": 100,
"Start": 1714701573,
"End": 1714701577
}
,
{
"ID": 7720,
"Binary": "DGLTC_LOTTERY",
"State": 4,
"Progress": 100,
"Start": 1714701573,
"End": 1714701577
}
,
{
"ID": 7721,
"Binary": "DGLTC_LOTTERY",
"State": 4,
"Progress": 100,
"Start": 1714701587,
"End": 1714701592
}
,
{
"ID": 7722,
"Binary": "DGLTC_LOTTERY",
"State": 4,
"Progress": 100,
"Start": 1714701587,
"End": 1714701598
}
,
{
"ID": 7723,
"Binary": "DGLTC_LOTTERY",
"State": 4,
"Progress": 100,
"Start": 1714701587,
"End": 1714701598
}
,
{
"ID": 7724,
"Binary": "DGLTC_LOTTERY",
"State": 4,
"Progress": 100,
"Start": 1714701587,
"End": 1714701591
}
,
{
"ID": 7725,
"Binary": "DGLTC_LOTTERY",
"State": 4,
"Progress": 100,
"Start": 1714701587,
"End": 1714701592
}
,
{
"ID": 7726,
"Binary": "DGLTC_LOTTERY",
"State": 2,
"Progress": 0,
"Start": 1714701587,
"End": 0
}
,
{
"ID": 7727,
"Binary": "DGLTC_LOTTERY",
"State": 4,
"Progress": 100,
"Start": 1714701587,
"End": 1714701600
}
,
{
"ID": 7728,
"Binary": "DGLTC_LOTTERY",
"State": 4,
"Progress": 100,
"Start": 1714701591,
"End": 1714701595
}
,
{
"ID": 7729,
"Binary": "DGLTC_LOTTERY",
"State": 4,
"Progress": 100,
"Start": 1714701592,
"End": 1714701597
}
,
{
"ID": 7730,
"Binary": "DGLTC_LOTTERY",
"State": 4,
"Progress": 100,
"Start": 1714701592,
"End": 1714701597
}
],
"Nodes":[
{
"ID": "PI_GRIDMAN",
"Class": 1,
"Task": 0,
"CPUCount": 4,
"LoadAverage": 0.641113,
"TasksCompleted": 153,
"System": 6,
"Enabled": 1
}
,
{
"ID": "DELL2",
"Class": 1,
"Task": 0,
"CPUCount": 8,
"LoadAverage": 0.866699,
"TasksCompleted": 1356,
"System": 5,
"Enabled": 1
}
,
{
"ID": "J_PROX",
"Class": 1,
"Task": 0,
"CPUCount": 2,
"LoadAverage": 0.992188,
"TasksCompleted": 686,
"System": 5,
"Enabled": 1
}
,
{
"ID": "J_PROX",
"Class": 1,
"Task": 0,
"CPUCount": 2,
"LoadAverage": 0.992188,
"TasksCompleted": 683,
"System": 5,
"Enabled": 1
}
,
{
"ID": "PI_SOLAR",
"Class": 1,
"Task": 0,
"CPUCount": 4,
"LoadAverage": 0.149414,
"TasksCompleted": 145,
"System": 6,
"Enabled": 1
}
,
{
"ID": "DELL1",
"Class": 1,
"Task": 0,
"CPUCount": 8,
"LoadAverage": 0.866699,
"TasksCompleted": 1318,
"System": 5,
"Enabled": 1
}
,
{
"ID": "DELL",
"Class": 1,
"Task": 0,
"CPUCount": 8,
"LoadAverage": 0.866699,
"TasksCompleted": 1321,
"System": 5,
"Enabled": 1
}
,
{
"ID": "GS_WORK",
"Class": 1,
"Task": 7726,
"CPUCount": 1,
"LoadAverage": 0.890000,
"TasksCompleted": 634,
"System": 5,
"Enabled": 1
}
,
{
"ID": "GS_EXPLORER",
"Class": 1,
"Task": 0,
"CPUCount": 1,
"LoadAverage": 0.670000,
"TasksCompleted": 666,
"System": 5,
"Enabled": 1
}
,
{
"ID": "PI_KNS",
"Class": 1,
"Task": 0,
"CPUCount": 4,
"LoadAverage": 0.520000,
"TasksCompleted": 151,
"System": 6,
"Enabled": 1
}
,
{
"ID": "PI_KNS",
"Class": 1,
"Task": 0,
"CPUCount": 4,
"LoadAverage": 0.520000,
"TasksCompleted": 50,
"System": 6,
"Enabled": 1
}
,
{
"ID": "PI_WIFI",
"Class": 1,
"Task": 0,
"CPUCount": 4,
"LoadAverage": 0.220000,
"TasksCompleted": 49,
"System": 6,
"Enabled": 1
}
,
{
"ID": "AWHITE",
"Class": 1,
"Task": 0,
"CPUCount": 8,
"LoadAverage": 0.000000,
"TasksCompleted": 44,
"System": 7,
"Enabled": 1
}
,
{
"ID": "PI_WIFI",
"Class": 1,
"Task": 0,
"CPUCount": 4,
"LoadAverage": 0.220000,
"TasksCompleted": 41,
"System": 6,
"Enabled": 1
}
,
{
"ID": "PI_WIFI",
"Class": 1,
"Task": 0,
"CPUCount": 4,
"LoadAverage": 0.220000,
"TasksCompleted": 36,
"System": 6,
"Enabled": 1
}
,
{
"ID": "ABLACK",
"Class": 1,
"Task": 0,
"CPUCount": 1,
"LoadAverage": 9.050000,
"TasksCompleted": 34,
"System": 6,
"Enabled": 1
}
,
{
"ID": "LibClient",
"Class": 2,
"Task": 0,
"CPUCount": 4,
"LoadAverage": 0.641113,
"TasksCompleted": 0,
"System": 6,
"Enabled": 1
}
,
{
"ID": "LibClient",
"Class": 2,
"Task": 0,
"CPUCount": 8,
"LoadAverage": 0.866699,
"TasksCompleted": 0,
"System": 5,
"Enabled": 1
}
]}