{
"CPU": 59.107620,
"Starttime": 1714751364,
"Epoch": 1714768764,
"Version": "0.8",
"Throttled": 3,
"Utilization": 41.666664,
"Connections": 2,
"NodesCount": 12,
"TasksNew": 0,
"TasksCompleted": 15,
"TasksRunning": 5,
"TasksFailed": 0,
"TasksCount": 20,
"Tasks":[
{
"ID": 1811,
"Binary": "BTC_LOTTERY",
"State": 4,
"Progress": 100,
"Start": 1714768659,
"End": 1714768734
}
,
{
"ID": 1812,
"Binary": "BTC_LOTTERY",
"State": 2,
"Progress": 0,
"Start": 1714768659,
"End": 0
}
,
{
"ID": 1813,
"Binary": "BTC_LOTTERY",
"State": 4,
"Progress": 100,
"Start": 1714768659,
"End": 1714768729
}
,
{
"ID": 1814,
"Binary": "BTC_LOTTERY",
"State": 2,
"Progress": 0,
"Start": 1714768659,
"End": 0
}
,
{
"ID": 1815,
"Binary": "BTC_LOTTERY",
"State": 4,
"Progress": 100,
"Start": 1714768659,
"End": 1714768751
}
,
{
"ID": 1816,
"Binary": "BTC_LOTTERY",
"State": 4,
"Progress": 100,
"Start": 1714768659,
"End": 1714768729
}
,
{
"ID": 1817,
"Binary": "BTC_LOTTERY",
"State": 2,
"Progress": 0,
"Start": 1714768659,
"End": 0
}
,
{
"ID": 1818,
"Binary": "BTC_LOTTERY",
"State": 4,
"Progress": 100,
"Start": 1714768659,
"End": 1714768735
}
,
{
"ID": 1819,
"Binary": "BTC_LOTTERY",
"State": 2,
"Progress": 0,
"Start": 1714768659,
"End": 0
}
,
{
"ID": 1820,
"Binary": "BTC_LOTTERY",
"State": 2,
"Progress": 0,
"Start": 1714768659,
"End": 0
}
,
{
"ID": 1821,
"Binary": "DGLTC_LOTTERY",
"State": 4,
"Progress": 100,
"Start": 1714768732,
"End": 1714768735
}
,
{
"ID": 1822,
"Binary": "DGLTC_LOTTERY",
"State": 4,
"Progress": 100,
"Start": 1714768738,
"End": 1714768741
}
,
{
"ID": 1823,
"Binary": "DGLTC_LOTTERY",
"State": 4,
"Progress": 100,
"Start": 1714768732,
"End": 1714768735
}
,
{
"ID": 1824,
"Binary": "DGLTC_LOTTERY",
"State": 4,
"Progress": 100,
"Start": 1714768729,
"End": 1714768732
}
,
{
"ID": 1825,
"Binary": "DGLTC_LOTTERY",
"State": 4,
"Progress": 100,
"Start": 1714768735,
"End": 1714768739
}
,
{
"ID": 1826,
"Binary": "DGLTC_LOTTERY",
"State": 4,
"Progress": 100,
"Start": 1714768738,
"End": 1714768741
}
,
{
"ID": 1827,
"Binary": "DGLTC_LOTTERY",
"State": 4,
"Progress": 100,
"Start": 1714768734,
"End": 1714768738
}
,
{
"ID": 1828,
"Binary": "DGLTC_LOTTERY",
"State": 4,
"Progress": 100,
"Start": 1714768735,
"End": 1714768739
}
,
{
"ID": 1829,
"Binary": "DGLTC_LOTTERY",
"State": 4,
"Progress": 100,
"Start": 1714768729,
"End": 1714768732
}
,
{
"ID": 1830,
"Binary": "DGLTC_LOTTERY",
"State": 4,
"Progress": 100,
"Start": 1714768735,
"End": 1714768738
}
],
"Nodes":[
{
"ID": "P_PROX",
"Class": 1,
"Task": 0,
"CPUCount": 2,
"LoadAverage": 2.131348,
"TasksCompleted": 303,
"System": 5,
"Enabled": 1
}
,
{
"ID": "P_PROX",
"Class": 1,
"Task": 0,
"CPUCount": 2,
"LoadAverage": 2.131348,
"TasksCompleted": 318,
"System": 5,
"Enabled": 1
}
,
{
"ID": "ABLACK",
"Class": 1,
"Task": 1819,
"CPUCount": 3,
"LoadAverage": 10.350000,
"TasksCompleted": 10,
"System": 6,
"Enabled": 1
}
,
{
"ID": "AWHITE",
"Class": 1,
"Task": 1812,
"CPUCount": 8,
"LoadAverage": 0.000000,
"TasksCompleted": 11,
"System": 7,
"Enabled": 1
}
,
{
"ID": "J_PROX",
"Class": 1,
"Task": 0,
"CPUCount": 2,
"LoadAverage": 1.834473,
"TasksCompleted": 167,
"System": 5,
"Enabled": 1
}
,
{
"ID": "J_PROX",
"Class": 1,
"Task": 0,
"CPUCount": 2,
"LoadAverage": 1.834473,
"TasksCompleted": 160,
"System": 5,
"Enabled": 1
}
,
{
"ID": "GS_WORK",
"Class": 1,
"Task": 1814,
"CPUCount": 1,
"LoadAverage": 1.630000,
"TasksCompleted": 90,
"System": 5,
"Enabled": 1
}
,
{
"ID": "GS_EXPLORER",
"Class": 1,
"Task": 0,
"CPUCount": 1,
"LoadAverage": 1.330000,
"TasksCompleted": 91,
"System": 5,
"Enabled": 1
}
,
{
"ID": "PI_KNS",
"Class": 1,
"Task": 1817,
"CPUCount": 4,
"LoadAverage": 2.300000,
"TasksCompleted": 12,
"System": 6,
"Enabled": 1
}
,
{
"ID": "PI_KNS",
"Class": 1,
"Task": 0,
"CPUCount": 4,
"LoadAverage": 2.300000,
"TasksCompleted": 12,
"System": 6,
"Enabled": 1
}
,
{
"ID": "PI_SOLAR",
"Class": 1,
"Task": 1820,
"CPUCount": 4,
"LoadAverage": 1.708496,
"TasksCompleted": 6,
"System": 6,
"Enabled": 1
}
,
{
"ID": "LibClient",
"Class": 2,
"Task": 0,
"CPUCount": 1,
"LoadAverage": 1.960449,
"TasksCompleted": 0,
"System": 5,
"Enabled": 1
}
,
{
"ID": "LibClient",
"Class": 2,
"Task": 0,
"CPUCount": 1,
"LoadAverage": 1.960449,
"TasksCompleted": 0,
"System": 5,
"Enabled": 1
}
,
{
"ID": "IMAC1",
"Class": 1,
"Task": 0,
"CPUCount": 8,
"LoadAverage": 2.216797,
"TasksCompleted": 0,
"System": 3,
"Enabled": 1
}
]}