{
"CPU": 1.873223,
"Starttime": 1714751364,
"Epoch": 1714814364,
"Version": "0.8",
"Throttled": 6,
"Utilization": 60.000004,
"Connections": 2,
"NodesCount": 10,
"TasksNew": 0,
"TasksCompleted": 17,
"TasksRunning": 6,
"TasksFailed": 0,
"TasksCount": 23,
"Tasks":[
{
"ID": 9935,
"Binary": "BTC_LOTTERY",
"State": 2,
"Progress": 0,
"Start": 1714813937,
"End": 0
}
,
{
"ID": 9936,
"Binary": "BTC_LOTTERY",
"State": 2,
"Progress": 0,
"Start": 1714813937,
"End": 0
}
,
{
"ID": 9939,
"Binary": "BTC_LOTTERY",
"State": 2,
"Progress": 0,
"Start": 1714813937,
"End": 0
}
,
{
"ID": 10021,
"Binary": "DGLTC_LOTTERY",
"State": 4,
"Progress": 100,
"Start": 1714814344,
"End": 1714814347
}
,
{
"ID": 10022,
"Binary": "DGLTC_LOTTERY",
"State": 4,
"Progress": 100,
"Start": 1714814344,
"End": 1714814347
}
,
{
"ID": 10023,
"Binary": "DGLTC_LOTTERY",
"State": 4,
"Progress": 100,
"Start": 1714814344,
"End": 1714814346
}
,
{
"ID": 10024,
"Binary": "DGLTC_LOTTERY",
"State": 4,
"Progress": 100,
"Start": 1714814344,
"End": 1714814348
}
,
{
"ID": 10025,
"Binary": "DGLTC_LOTTERY",
"State": 4,
"Progress": 100,
"Start": 1714814344,
"End": 1714814348
}
,
{
"ID": 10026,
"Binary": "DGLTC_LOTTERY",
"State": 4,
"Progress": 100,
"Start": 1714814346,
"End": 1714814348
}
,
{
"ID": 10027,
"Binary": "DGLTC_LOTTERY",
"State": 4,
"Progress": 100,
"Start": 1714814347,
"End": 1714814350
}
,
{
"ID": 10028,
"Binary": "DGLTC_LOTTERY",
"State": 4,
"Progress": 100,
"Start": 1714814347,
"End": 1714814350
}
,
{
"ID": 10029,
"Binary": "DGLTC_LOTTERY",
"State": 4,
"Progress": 100,
"Start": 1714814348,
"End": 1714814350
}
,
{
"ID": 10030,
"Binary": "DGLTC_LOTTERY",
"State": 4,
"Progress": 100,
"Start": 1714814348,
"End": 1714814351
}
,
{
"ID": 10031,
"Binary": "DGLTC_LOTTERY",
"State": 4,
"Progress": 100,
"Start": 1714814357,
"End": 1714814359
}
,
{
"ID": 10032,
"Binary": "DGLTC_LOTTERY",
"State": 4,
"Progress": 100,
"Start": 1714814357,
"End": 1714814361
}
,
{
"ID": 10033,
"Binary": "DGLTC_LOTTERY",
"State": 4,
"Progress": 100,
"Start": 1714814357,
"End": 1714814360
}
,
{
"ID": 10034,
"Binary": "DGLTC_LOTTERY",
"State": 4,
"Progress": 100,
"Start": 1714814357,
"End": 1714814361
}
,
{
"ID": 10035,
"Binary": "DGLTC_LOTTERY",
"State": 4,
"Progress": 100,
"Start": 1714814357,
"End": 1714814360
}
,
{
"ID": 10036,
"Binary": "DGLTC_LOTTERY",
"State": 2,
"Progress": 0,
"Start": 1714814361,
"End": 0
}
,
{
"ID": 10037,
"Binary": "DGLTC_LOTTERY",
"State": 4,
"Progress": 100,
"Start": 1714814359,
"End": 1714814362
}
,
{
"ID": 10038,
"Binary": "DGLTC_LOTTERY",
"State": 2,
"Progress": 0,
"Start": 1714814360,
"End": 0
}
,
{
"ID": 10039,
"Binary": "DGLTC_LOTTERY",
"State": 4,
"Progress": 100,
"Start": 1714814360,
"End": 1714814363
}
,
{
"ID": 10040,
"Binary": "DGLTC_LOTTERY",
"State": 2,
"Progress": 0,
"Start": 1714814361,
"End": 0
}
],
"Nodes":[
{
"ID": "ABLACK",
"Class": 1,
"Task": 0,
"CPUCount": 1,
"LoadAverage": 9.440000,
"TasksCompleted": 71,
"System": 6,
"Enabled": 1
}
,
{
"ID": "AWHITE",
"Class": 1,
"Task": 0,
"CPUCount": 8,
"LoadAverage": 0.000000,
"TasksCompleted": 76,
"System": 7,
"Enabled": 1
}
,
{
"ID": "J_PROX",
"Class": 1,
"Task": 10038,
"CPUCount": 2,
"LoadAverage": 0.029297,
"TasksCompleted": 1258,
"System": 5,
"Enabled": 1
}
,
{
"ID": "J_PROX",
"Class": 1,
"Task": 0,
"CPUCount": 2,
"LoadAverage": 0.029297,
"TasksCompleted": 1261,
"System": 5,
"Enabled": 1
}
,
{
"ID": "GS_WORK",
"Class": 1,
"Task": 10036,
"CPUCount": 1,
"LoadAverage": 0.180000,
"TasksCompleted": 856,
"System": 5,
"Enabled": 1
}
,
{
"ID": "GS_EXPLORER",
"Class": 1,
"Task": 10040,
"CPUCount": 1,
"LoadAverage": 0.290000,
"TasksCompleted": 919,
"System": 5,
"Enabled": 1
}
,
{
"ID": "PI_KNS",
"Class": 1,
"Task": 9935,
"CPUCount": 4,
"LoadAverage": 4.620000,
"TasksCompleted": 76,
"System": 6,
"Enabled": 1
}
,
{
"ID": "PI_KNS",
"Class": 1,
"Task": 9939,
"CPUCount": 4,
"LoadAverage": 4.620000,
"TasksCompleted": 80,
"System": 6,
"Enabled": 1
}
,
{
"ID": "PI_SOLAR",
"Class": 1,
"Task": 9936,
"CPUCount": 4,
"LoadAverage": 2.146973,
"TasksCompleted": 65,
"System": 6,
"Enabled": 1
}
,
{
"ID": "LibClient",
"Class": 2,
"Task": 0,
"CPUCount": 1,
"LoadAverage": 0.005859,
"TasksCompleted": 0,
"System": 5,
"Enabled": 1
}
,
{
"ID": "LibClient",
"Class": 2,
"Task": 0,
"CPUCount": 1,
"LoadAverage": 0.005859,
"TasksCompleted": 0,
"System": 5,
"Enabled": 1
}
,
{
"ID": "DELL1",
"Class": 1,
"Task": 0,
"CPUCount": 8,
"LoadAverage": 1.128906,
"TasksCompleted": 1788,
"System": 5,
"Enabled": 1
}
]}