{
"CPU": 1.640442,
"Starttime": 1715001162,
"Epoch": 1715075382,
"Version": "0.8",
"Throttled": 18,
"Utilization": 20.000000,
"Connections": 2,
"NodesCount": 10,
"TasksNew": 0,
"TasksCompleted": 12,
"TasksRunning": 2,
"TasksFailed": 8,
"TasksCount": 22,
"Tasks":[
{
"ID": 49656,
"Binary": "BTC_LOTTERY",
"State": 2,
"Progress": 0,
"Start": 1715074943,
"End": 0
}
,
{
"ID": 49658,
"Binary": "BTC_LOTTERY",
"State": 2,
"Progress": 0,
"Start": 1715074943,
"End": 0
}
,
{
"ID": 49671,
"Binary": "DGLTC_LOTTERY",
"State": 3,
"Progress": 100,
"Start": 1715075366,
"End": 1715075367
}
,
{
"ID": 49672,
"Binary": "DGLTC_LOTTERY",
"State": 3,
"Progress": 100,
"Start": 1715075366,
"End": 1715075367
}
,
{
"ID": 49673,
"Binary": "DGLTC_LOTTERY",
"State": 3,
"Progress": 100,
"Start": 1715075366,
"End": 1715075367
}
,
{
"ID": 49674,
"Binary": "DGLTC_LOTTERY",
"State": 3,
"Progress": 100,
"Start": 1715075366,
"End": 1715075367
}
,
{
"ID": 49675,
"Binary": "DGLTC_LOTTERY",
"State": 3,
"Progress": 100,
"Start": 1715075366,
"End": 1715075367
}
,
{
"ID": 49676,
"Binary": "DGLTC_LOTTERY",
"State": 4,
"Progress": 100,
"Start": 1715075367,
"End": 1715075369
}
,
{
"ID": 49677,
"Binary": "DGLTC_LOTTERY",
"State": 4,
"Progress": 100,
"Start": 1715075367,
"End": 1715075370
}
,
{
"ID": 49678,
"Binary": "DGLTC_LOTTERY",
"State": 4,
"Progress": 100,
"Start": 1715075367,
"End": 1715075369
}
,
{
"ID": 49679,
"Binary": "DGLTC_LOTTERY",
"State": 4,
"Progress": 100,
"Start": 1715075367,
"End": 1715075369
}
,
{
"ID": 49680,
"Binary": "DGLTC_LOTTERY",
"State": 3,
"Progress": 100,
"Start": 1715075367,
"End": 1715075368
}
,
{
"ID": 49681,
"Binary": "DGLTC_LOTTERY",
"State": 4,
"Progress": 100,
"Start": 1715075372,
"End": 1715075374
}
,
{
"ID": 49682,
"Binary": "DGLTC_LOTTERY",
"State": 4,
"Progress": 100,
"Start": 1715075372,
"End": 1715075374
}
,
{
"ID": 49683,
"Binary": "DGLTC_LOTTERY",
"State": 4,
"Progress": 100,
"Start": 1715075372,
"End": 1715075374
}
,
{
"ID": 49684,
"Binary": "DGLTC_LOTTERY",
"State": 4,
"Progress": 100,
"Start": 1715075372,
"End": 1715075374
}
,
{
"ID": 49685,
"Binary": "DGLTC_LOTTERY",
"State": 3,
"Progress": 100,
"Start": 1715075372,
"End": 1715075373
}
,
{
"ID": 49686,
"Binary": "DGLTC_LOTTERY",
"State": 4,
"Progress": 100,
"Start": 1715075376,
"End": 1715075378
}
,
{
"ID": 49687,
"Binary": "DGLTC_LOTTERY",
"State": 4,
"Progress": 100,
"Start": 1715075376,
"End": 1715075378
}
,
{
"ID": 49688,
"Binary": "DGLTC_LOTTERY",
"State": 4,
"Progress": 100,
"Start": 1715075376,
"End": 1715075378
}
,
{
"ID": 49689,
"Binary": "DGLTC_LOTTERY",
"State": 4,
"Progress": 100,
"Start": 1715075376,
"End": 1715075379
}
,
{
"ID": 49690,
"Binary": "DGLTC_LOTTERY",
"State": 3,
"Progress": 100,
"Start": 1715075376,
"End": 1715075377
}
],
"Nodes":[
{
"ID": "GS_WORK",
"Class": 1,
"Task": 0,
"CPUCount": 1,
"LoadAverage": 0.220000,
"TasksCompleted": 1029,
"System": 5,
"Enabled": 1
}
,
{
"ID": "GS_EXPLORER",
"Class": 1,
"Task": 0,
"CPUCount": 1,
"LoadAverage": 0.140000,
"TasksCompleted": 1043,
"System": 5,
"Enabled": 1
}
,
{
"ID": "J_PROX",
"Class": 1,
"Task": 0,
"CPUCount": 2,
"LoadAverage": 0.003418,
"TasksCompleted": 1258,
"System": 5,
"Enabled": 1
}
,
{
"ID": "J_PROX",
"Class": 1,
"Task": 0,
"CPUCount": 2,
"LoadAverage": 0.003418,
"TasksCompleted": 1232,
"System": 5,
"Enabled": 1
}
,
{
"ID": "LibClient",
"Class": 2,
"Task": 0,
"CPUCount": 1,
"LoadAverage": 0.066895,
"TasksCompleted": 0,
"System": 5,
"Enabled": 1
}
,
{
"ID": "ABLACK",
"Class": 1,
"Task": 0,
"CPUCount": 1,
"LoadAverage": 9.410000,
"TasksCompleted": 74,
"System": 6,
"Enabled": 1
}
,
{
"ID": "AWHITE",
"Class": 1,
"Task": 0,
"CPUCount": 8,
"LoadAverage": 0.000000,
"TasksCompleted": 72,
"System": 7,
"Enabled": 1
}
,
{
"ID": "GS_API",
"Class": 1,
"Task": 0,
"CPUCount": 1,
"LoadAverage": 0.000000,
"TasksCompleted": 723,
"System": 5,
"Enabled": 1
}
,
{
"ID": "L2_PROD",
"Class": 1,
"Task": 0,
"CPUCount": 2,
"LoadAverage": 0.330000,
"TasksCompleted": 935,
"System": 5,
"Enabled": 1
}
,
{
"ID": "LibClient",
"Class": 2,
"Task": 0,
"CPUCount": 1,
"LoadAverage": 0.066895,
"TasksCompleted": 0,
"System": 5,
"Enabled": 1
}
,
{
"ID": "PI_KNS",
"Class": 1,
"Task": 49656,
"CPUCount": 4,
"LoadAverage": 4.620000,
"TasksCompleted": 37,
"System": 6,
"Enabled": 1
}
,
{
"ID": "PI_KNS",
"Class": 1,
"Task": 49658,
"CPUCount": 4,
"LoadAverage": 4.620000,
"TasksCompleted": 39,
"System": 6,
"Enabled": 1
}
]}