{
"CPU": 1.822742,
"Starttime": 1715326553,
"Epoch": 1715629193,
"Version": "0.8",
"Throttled": 26,
"Utilization": 100.000000,
"Connections": 2,
"NodesCount": 10,
"TasksNew": 0,
"TasksCompleted": 8,
"TasksRunning": 10,
"TasksFailed": 0,
"TasksCount": 18,
"Tasks":[
{
"ID": 75776,
"Binary": "BTC_LOTTERY",
"State": 4,
"Progress": 100,
"Start": 1715629061,
"End": 1715629144
}
,
{
"ID": 75777,
"Binary": "BTC_LOTTERY",
"State": 4,
"Progress": 100,
"Start": 1715629061,
"End": 1715629148
}
,
{
"ID": 75778,
"Binary": "BTC_LOTTERY",
"State": 4,
"Progress": 100,
"Start": 1715629062,
"End": 1715629169
}
,
{
"ID": 75779,
"Binary": "BTC_LOTTERY",
"State": 2,
"Progress": 0,
"Start": 1715629148,
"End": 0
}
,
{
"ID": 75780,
"Binary": "BTC_LOTTERY",
"State": 4,
"Progress": 100,
"Start": 1715629062,
"End": 1715629184
}
,
{
"ID": 75781,
"Binary": "BTC_LOTTERY",
"State": 4,
"Progress": 100,
"Start": 1715629062,
"End": 1715629144
}
,
{
"ID": 75782,
"Binary": "BTC_LOTTERY",
"State": 2,
"Progress": 0,
"Start": 1715629169,
"End": 0
}