{
"CPU": 28.024733,
"Starttime": 1714751364,
"Epoch": 1714874364,
"Version": "0.8",
"Throttled": 11,
"Utilization": 9.090909,
"Connections": 2,
"NodesCount": 11,
"TasksNew": 0,
"TasksCompleted": 11,
"TasksRunning": 1,
"TasksFailed": 9,
"TasksCount": 21,
"Tasks":[
{
"ID": 20612,
"Binary": "BTC_LOTTERY",
"State": 4,
"Progress": 100,
"Start": 1714873872,
"End": 1714874314
}
,
{
"ID": 20731,
"Binary": "DGLTC_LOTTERY",
"State": 3,
"Progress": 100,
"Start": 1714874319,
"End": 1714874327
}
,
{
"ID": 20732,
"Binary": "DGLTC_LOTTERY",
"State": 3,
"Progress": 100,
"Start": 1714874319,
"End": 1714874325
}
,
{
"ID": 20733,
"Binary": "DGLTC_LOTTERY",
"State": 3,
"Progress": 100,
"Start": 1714874319,
"End": 1714874326
}
,
{
"ID": 20734,
"Binary": "DGLTC_LOTTERY",
"State": 3,
"Progress": 100,
"Start": 1714874319,
"End": 1714874325
}
,
{
"ID": 20735,
"Binary": "DGLTC_LOTTERY",
"State": 2,
"Progress": 0,
"Start": 1714874364,
"End": 0
}
,
{
"ID": 20736,
"Binary": "DGLTC_LOTTERY",
"State": 3,
"Progress": 100,
"Start": 1714874319,
"End": 1714874325
}
,
{
"ID": 20737,
"Binary": "DGLTC_LOTTERY",
"State": 3,
"Progress": 100,
"Start": 1714874319,
"End": 1714874325
}
,
{
"ID": 20738,
"Binary": "DGLTC_LOTTERY",
"State": 3,
"Progress": 100,
"Start": 1714874325,
"End": 1714874329
}
,
{
"ID": 20739,
"Binary": "DGLTC_LOTTERY",
"State": 3,
"Progress": 100,
"Start": 1714874325,
"End": 1714874331
}
,
{
"ID": 20740,
"Binary": "DGLTC_LOTTERY",
"State": 3,
"Progress": 100,
"Start": 1714874325,
"End": 1714874331
}
,
{
"ID": 20741,
"Binary": "DGLTC_LOTTERY",
"State": 4,
"Progress": 100,
"Start": 1714874334,
"End": 1714874340
}
,
{
"ID": 20742,
"Binary": "DGLTC_LOTTERY",
"State": 4,
"Progress": 100,
"Start": 1714874334,
"End": 1714874338
}
,
{
"ID": 20743,
"Binary": "DGLTC_LOTTERY",
"State": 4,
"Progress": 100,
"Start": 1714874334,
"End": 1714874340
}
,
{
"ID": 20744,
"Binary": "DGLTC_LOTTERY",
"State": 4,
"Progress": 100,
"Start": 1714874334,
"End": 1714874339
}
,
{
"ID": 20745,
"Binary": "DGLTC_LOTTERY",
"State": 4,
"Progress": 100,
"Start": 1714874334,
"End": 1714874341
}
,
{
"ID": 20746,
"Binary": "DGLTC_LOTTERY",
"State": 4,
"Progress": 100,
"Start": 1714874334,
"End": 1714874342
}
,
{
"ID": 20747,
"Binary": "DGLTC_LOTTERY",
"State": 4,
"Progress": 100,
"Start": 1714874340,
"End": 1714874346
}
,
{
"ID": 20748,
"Binary": "DGLTC_LOTTERY",
"State": 4,
"Progress": 100,
"Start": 1714874338,
"End": 1714874342
}
,
{
"ID": 20749,
"Binary": "DGLTC_LOTTERY",
"State": 4,
"Progress": 100,
"Start": 1714874340,
"End": 1714874346
}
,
{
"ID": 20750,
"Binary": "DGLTC_LOTTERY",
"State": 4,
"Progress": 100,
"Start": 1714874339,
"End": 1714874344
}
],
"Nodes":[
{
"ID": "ABLACK",
"Class": 1,
"Task": 0,
"CPUCount": 1,
"LoadAverage": 9.170000,
"TasksCompleted": 177,
"System": 6,
"Enabled": 1
}
,
{
"ID": "AWHITE",
"Class": 1,
"Task": 0,
"CPUCount": 8,
"LoadAverage": 0.000000,
"TasksCompleted": 189,
"System": 7,
"Enabled": 1
}
,
{
"ID": "PI_SOLAR",
"Class": 1,
"Task": 0,
"CPUCount": 4,
"LoadAverage": 1.075684,
"TasksCompleted": 173,
"System": 6,
"Enabled": 1
}
,
{
"ID": "J_PROX",
"Class": 1,
"Task": 0,
"CPUCount": 2,
"LoadAverage": 1.030762,
"TasksCompleted": 948,
"System": 5,
"Enabled": 1
}
,
{
"ID": "J_PROX",
"Class": 1,
"Task": 0,
"CPUCount": 2,
"LoadAverage": 1.030762,
"TasksCompleted": 904,
"System": 5,
"Enabled": 1
}
,
{
"ID": "GS_EXPLORER",
"Class": 1,
"Task": 0,
"CPUCount": 1,
"LoadAverage": 0.290000,
"TasksCompleted": 670,
"System": 5,
"Enabled": 1
}
,
{
"ID": "PI_KNS",
"Class": 1,
"Task": 0,
"CPUCount": 4,
"LoadAverage": 1.230000,
"TasksCompleted": 74,
"System": 6,
"Enabled": 1
}
,
{
"ID": "PI_KNS",
"Class": 1,
"Task": 0,
"CPUCount": 4,
"LoadAverage": 1.230000,
"TasksCompleted": 73,
"System": 6,
"Enabled": 1
}
,
{
"ID": "LibClient",
"Class": 2,
"Task": 0,
"CPUCount": 1,
"LoadAverage": 0.671387,
"TasksCompleted": 0,
"System": 5,
"Enabled": 1
}
,
{
"ID": "P_PROX",
"Class": 1,
"Task": 0,
"CPUCount": 2,
"LoadAverage": 0.617188,
"TasksCompleted": 891,
"System": 5,
"Enabled": 1
}
,
{
"ID": "P_PROX",
"Class": 1,
"Task": 20735,
"CPUCount": 2,
"LoadAverage": 0.617188,
"TasksCompleted": 908,
"System": 5,
"Enabled": 1
}
,
{
"ID": "GS_WORK",
"Class": 1,
"Task": 0,
"CPUCount": 1,
"LoadAverage": 0.570000,
"TasksCompleted": 538,
"System": 5,
"Enabled": 1
}
,
{
"ID": "LibClient",
"Class": 2,
"Task": 0,
"CPUCount": 1,
"LoadAverage": 0.671387,
"TasksCompleted": 0,
"System": 5,
"Enabled": 1
}
]}