{
"CPU": 1.538976,
"Starttime": 1714888439,
"Epoch": 1714989599,
"Version": "0.8",
"Throttled": 22,
"Utilization": 0.000000,
"Connections": 2,
"NodesCount": 7,
"TasksNew": 0,
"TasksCompleted": 20,
"TasksRunning": 0,
"TasksFailed": 0,
"TasksCount": 20,
"Tasks":[
{
"ID": 40941,
"Binary": "DGLTC_LOTTERY",
"State": 4,
"Progress": 100,
"Start": 1714989544,
"End": 1714989546
}
,
{
"ID": 40942,
"Binary": "DGLTC_LOTTERY",
"State": 4,
"Progress": 100,
"Start": 1714989544,
"End": 1714989546
}
,
{
"ID": 40943,
"Binary": "DGLTC_LOTTERY",
"State": 4,
"Progress": 100,
"Start": 1714989544,
"End": 1714989546
}
,
{
"ID": 40944,
"Binary": "DGLTC_LOTTERY",
"State": 4,
"Progress": 100,
"Start": 1714989544,
"End": 1714989546
}
,
{
"ID": 40945,
"Binary": "DGLTC_LOTTERY",
"State": 4,
"Progress": 100,
"Start": 1714989546,
"End": 1714989549
}
,
{
"ID": 40946,
"Binary": "DGLTC_LOTTERY",
"State": 4,
"Progress": 100,
"Start": 1714989548,
"End": 1714989550
}
,
{
"ID": 40947,
"Binary": "DGLTC_LOTTERY",
"State": 4,
"Progress": 100,
"Start": 1714989546,
"End": 1714989548
}
,
{
"ID": 40948,
"Binary": "DGLTC_LOTTERY",
"State": 4,
"Progress": 100,
"Start": 1714989546,
"End": 1714989548
}
,
{
"ID": 40949,
"Binary": "DGLTC_LOTTERY",
"State": 4,
"Progress": 100,
"Start": 1714989546,
"End": 1714989548
}
,
{
"ID": 40950,
"Binary": "DGLTC_LOTTERY",
"State": 4,
"Progress": 100,
"Start": 1714989548,
"End": 1714989550
}
,
{
"ID": 40951,
"Binary": "DGLTC_LOTTERY",
"State": 4,
"Progress": 100,
"Start": 1714989566,
"End": 1714989568
}
,
{
"ID": 40952,
"Binary": "DGLTC_LOTTERY",
"State": 4,
"Progress": 100,
"Start": 1714989566,
"End": 1714989569
}
,
{
"ID": 40953,
"Binary": "DGLTC_LOTTERY",
"State": 4,
"Progress": 100,
"Start": 1714989566,
"End": 1714989569
}
,
{
"ID": 40954,
"Binary": "DGLTC_LOTTERY",
"State": 4,
"Progress": 100,
"Start": 1714989566,
"End": 1714989569
}
,
{
"ID": 40955,
"Binary": "DGLTC_LOTTERY",
"State": 4,
"Progress": 100,
"Start": 1714989569,
"End": 1714989571
}
,
{
"ID": 40956,
"Binary": "DGLTC_LOTTERY",
"State": 4,
"Progress": 100,
"Start": 1714989571,
"End": 1714989573
}
,
{
"ID": 40957,
"Binary": "DGLTC_LOTTERY",
"State": 4,
"Progress": 100,
"Start": 1714989569,
"End": 1714989571
}
,
{
"ID": 40958,
"Binary": "DGLTC_LOTTERY",
"State": 4,
"Progress": 100,
"Start": 1714989571,
"End": 1714989573
}
,
{
"ID": 40959,
"Binary": "DGLTC_LOTTERY",
"State": 4,
"Progress": 100,
"Start": 1714989569,
"End": 1714989571
}
,
{
"ID": 40960,
"Binary": "DGLTC_LOTTERY",
"State": 4,
"Progress": 100,
"Start": 1714989568,
"End": 1714989571
}
],
"Nodes":[
{
"ID": "PI_SOLAR",
"Class": 1,
"Task": 0,
"CPUCount": 4,
"LoadAverage": 0.125488,
"TasksCompleted": 242,
"System": 6,
"Enabled": 1
}
,
{
"ID": "LibClient",
"Class": 2,
"Task": 0,
"CPUCount": 1,
"LoadAverage": 0.015137,
"TasksCompleted": 0,
"System": 5,
"Enabled": 1
}
,
{
"ID": "GS_EXPLORER",
"Class": 1,
"Task": 0,
"CPUCount": 1,
"LoadAverage": 0.180000,
"TasksCompleted": 3400,
"System": 5,
"Enabled": 1
}
,
{
"ID": "GS_WORK",
"Class": 1,
"Task": 0,
"CPUCount": 1,
"LoadAverage": 0.040000,
"TasksCompleted": 3015,
"System": 5,
"Enabled": 1
}
,
{
"ID": "LibClient",
"Class": 2,
"Task": 0,
"CPUCount": 1,
"LoadAverage": 0.015137,
"TasksCompleted": 0,
"System": 5,
"Enabled": 1
}
,
{
"ID": "J_PROX",
"Class": 1,
"Task": 0,
"CPUCount": 2,
"LoadAverage": 0.386719,
"TasksCompleted": 4356,
"System": 5,
"Enabled": 1
}
,
{
"ID": "J_PROX",
"Class": 1,
"Task": 0,
"CPUCount": 2,
"LoadAverage": 0.386719,
"TasksCompleted": 4353,
"System": 5,
"Enabled": 1
}
,
{
"ID": "PI_KNS",
"Class": 1,
"Task": 0,
"CPUCount": 4,
"LoadAverage": 0.880000,
"TasksCompleted": 53,
"System": 6,
"Enabled": 1
}
,
{
"ID": "PI_KNS",
"Class": 1,
"Task": 0,
"CPUCount": 4,
"LoadAverage": 0.880000,
"TasksCompleted": 53,
"System": 6,
"Enabled": 1
}
]}