{
"CPU": 1.522758,
"Starttime": 1715326553,
"Epoch": 1715503193,
"Version": "0.8",
"Throttled": 13,
"Utilization": 10.000000,
"Connections": 2,
"NodesCount": 10,
"TasksNew": 0,
"TasksCompleted": 6,
"TasksRunning": 1,
"TasksFailed": 0,
"TasksCount": 7,
"Tasks":[
{
"ID": 70178,
"Binary": "HELIUM_MNEMONICS",
"State": 2,
"Progress": 0,
"Start": 1715502444,
"End": 0
}
,
{
"ID": 70197,
"Binary": "BTC_LOTTERY",
"State": 4,
"Progress": 100,
"Start": 1715503034,
"End": 1715503143
}
,
{
"ID": 70198,
"Binary": "BTC_LOTTERY",
"State": 4,
"Progress": 100,
"Start": 1715503034,
"End": 1715503147
}
,
{
"ID": 70199,
"Binary": "BTC_LOTTERY",
"State": 4,
"Progress": 100,
"Start": 1715503034,
"End": 1715503186
}
,
{
"ID": 70202,
"Binary": "BTC_LOTTERY",
"State": 4,
"Progress": 100,
"Start": 1715503093,
"End": 1715503176
}
,
{
"ID": 70203,
"Binary": "BTC_LOTTERY",
"State": 4,
"Progress": 100,
"Start": 1715503093,
"End": 1715503151
}
,
{
"ID": 70205,
"Binary": "BTC_LOTTERY",
"State": 4,
"Progress": 100,
"Start": 1715503093,
"End":