{
"CPU": 1.388656,
"Starttime": 1715001162,
"Epoch": 1715096982,
"Version": "0.8",
"Throttled": 18,
"Utilization": 0.000000,
"Connections": 2,
"NodesCount": 10,
"TasksNew": 0,
"TasksCompleted": 12,
"TasksRunning": 0,
"TasksFailed": 3,
"TasksCount": 15,
"Tasks":[
{
"ID": 51691,
"Binary": "DGLTC_LOTTERY",
"State": 4,
"Progress": 100,
"Start": 1715096934,
"End": 1715096936
}
,
{
"ID": 51692,
"Binary": "DGLTC_LOTTERY",
"State": 4,
"Progress": 100,
"Start": 1715096934,
"End": 1715096936
}
,
{
"ID": 51693,
"Binary": "DGLTC_LOTTERY",
"State": 4,
"Progress": 100,
"Start": 1715096934,
"End": 1715096936
}
,
{
"ID": 51694,
"Binary": "DGLTC_LOTTERY",
"State": 3,
"Progress": 100,
"Start": 1715096934,
"End": 1715096935
}
,
{
"ID": 51695,
"Binary": "DGLTC_LOTTERY",
"State": 4,
"Progress": 100,
"Start": 1715096934,
"End": 1715096937
}
,
{
"ID": 51696,
"Binary": "DGLTC_LOTTERY",
"State": 4,
"Progress": 100,
"Start": 1715096939,
"End": 1715096942
}
,
{
"ID": 51697,
"Binary": "DGLTC_LOTTERY",
"State": 4,
"Progress": 100,
"Start": 1715096939,
"End": 1715096942
}
,
{
"ID": 51698,
"Binary": "DGLTC_LOTTERY",
"State": 3,
"Progress": 100,
"Start": 1715096939,
"End": 1715096941
}
,
{
"ID": 51699,
"Binary": "DGLTC_LOTTERY",
"State": 4,
"Progress": 100,
"Start": 1715096939,
"End": 1715096941
}
,
{
"ID": 51700,
"Binary": "DGLTC_LOTTERY",
"State": 4,
"Progress": 100,
"Start": 1715096939,
"End": 1715096941
}
,
{
"ID": 51701,
"Binary": "DGLTC_LOTTERY",
"State": 3,
"Progress": 100,
"Start": 1715096952,
"End": 1715096953
}
,
{
"ID": 51702,
"Binary": "DGLTC_LOTTERY",
"State": 4,
"Progress": 100,
"Start": 1715096952,
"End": 1715096955
}
,
{
"ID": 51703,
"Binary": "DGLTC_LOTTERY",
"State": 4,
"Progress": 100,
"Start": 1715096952,
"End": 1715096954
}
,
{
"ID": 51704,
"Binary": "DGLTC_LOTTERY",
"State": 4,
"Progress": 100,
"Start": 1715096952,
"End": 1715096954
}
,
{
"ID": 51705,
"Binary": "DGLTC_LOTTERY",
"State": 4,
"Progress": 100,
"Start": 1715096952,
"End": 1715096955
}
],
"Nodes":[
{
"ID": "GS_WORK",
"Class": 1,
"Task": 0,
"CPUCount": 1,
"LoadAverage": 0.150000,
"TasksCompleted": 1303,
"System": 5,
"Enabled": 1
}
,
{
"ID": "GS_EXPLORER",
"Class": 1,
"Task": 0,
"CPUCount": 1,
"LoadAverage": 0.090000,
"TasksCompleted": 1331,
"System": 5,
"Enabled": 1
}
,
{
"ID": "J_PROX",
"Class": 1,
"Task": 0,
"CPUCount": 2,
"LoadAverage": 0.000000,
"TasksCompleted": 1559,
"System": 5,
"Enabled": 1
}
,
{
"ID": "J_PROX",
"Class": 1,
"Task": 0,
"CPUCount": 2,
"LoadAverage": 0.000000,
"TasksCompleted": 1547,
"System": 5,
"Enabled": 1
}
,
{
"ID": "LibClient",
"Class": 2,
"Task": 0,
"CPUCount": 1,
"LoadAverage": 0.035645,
"TasksCompleted": 0,
"System": 5,
"Enabled": 1
}
,
{
"ID": "ABLACK",
"Class": 1,
"Task": 0,
"CPUCount": 1,
"LoadAverage": 9.510000,
"TasksCompleted": 103,
"System": 6,
"Enabled": 1
}
,
{
"ID": "AWHITE",
"Class": 1,
"Task": 0,
"CPUCount": 8,
"LoadAverage": 0.000000,
"TasksCompleted": 100,
"System": 7,
"Enabled": 1
}
,
{
"ID": "GS_API",
"Class": 1,
"Task": 0,
"CPUCount": 1,
"LoadAverage": 0.000000,
"TasksCompleted": 1011,
"System": 5,
"Enabled": 1
}
,
{
"ID": "L2_PROD",
"Class": 1,
"Task": 0,
"CPUCount": 2,
"LoadAverage": 0.230000,
"TasksCompleted": 1316,
"System": 5,
"Enabled": 1
}
,
{
"ID": "LibClient",
"Class": 2,
"Task": 0,
"CPUCount": 1,
"LoadAverage": 0.035645,
"TasksCompleted": 0,
"System": 5,
"Enabled": 1
}
,
{
"ID": "PI_KNS",
"Class": 1,
"Task": 0,
"CPUCount": 4,
"LoadAverage": 0.780000,
"TasksCompleted": 67,
"System": 6,
"Enabled": 1
}
,
{
"ID": "PI_KNS",
"Class": 1,
"Task": 0,
"CPUCount": 4,
"LoadAverage": 0.780000,
"TasksCompleted": 69,
"System": 6,
"Enabled": 1
}
]}