{
"CPU": 1.872910,
"Starttime": 1714888439,
"Epoch": 1714942799,
"Version": "0.8",
"Throttled": 4,
"Utilization": 0.000000,
"Connections": 2,
"NodesCount": 8,
"TasksNew": 0,
"TasksCompleted": 22,
"TasksRunning": 0,
"TasksFailed": 0,
"TasksCount": 22,
"Tasks":[
{
"ID": 32546,
"Binary": "DGLTC_LOTTERY",
"State": 4,
"Progress": 100,
"Start": 1714942737,
"End": 1714942739
}
,
{
"ID": 32548,
"Binary": "DGLTC_LOTTERY",
"State": 4,
"Progress": 100,
"Start": 1714942737,
"End": 1714942739
}
,
{
"ID": 32551,
"Binary": "DGLTC_LOTTERY",
"State": 4,
"Progress": 100,
"Start": 1714942751,
"End": 1714942753
}
,
{
"ID": 32552,
"Binary": "DGLTC_LOTTERY",
"State": 4,
"Progress": 100,
"Start": 1714942751,
"End": 1714942753
}
,
{
"ID": 32553,
"Binary": "DGLTC_LOTTERY",
"State": 4,
"Progress": 100,
"Start": 1714942751,
"End": 1714942753
}
,
{
"ID": 32554,
"Binary": "DGLTC_LOTTERY",
"State": 4,
"Progress": 100,
"Start": 1714942751,
"End": 1714942753
}
,
{
"ID": 32555,
"Binary": "DGLTC_LOTTERY",
"State": 4,
"Progress": 100,
"Start": 1714942755,
"End": 1714942757
}
,
{
"ID": 32556,
"Binary": "DGLTC_LOTTERY",
"State": 4,
"Progress": 100,
"Start": 1714942753,
"End": 1714942755
}
,
{
"ID": 32557,
"Binary": "DGLTC_LOTTERY",
"State": 4,
"Progress": 100,
"Start": 1714942753,
"End": 1714942756
}
,
{
"ID": 32558,
"Binary": "DGLTC_LOTTERY",
"State": 4,
"Progress": 100,
"Start": 1714942753,
"End": 1714942755
}
,
{
"ID": 32559,
"Binary": "DGLTC_LOTTERY",
"State": 4,
"Progress": 100,
"Start": 1714942755,
"End": 1714942757
}
,
{
"ID": 32560,
"Binary": "DGLTC_LOTTERY",
"State": 4,
"Progress": 100,
"Start": 1714942753,
"End": 1714942755
}
,
{
"ID": 32561,
"Binary": "DGLTC_LOTTERY",
"State": 4,
"Progress": 100,
"Start": 1714942772,
"End": 1714942775
}
,
{
"ID": 32562,
"Binary": "DGLTC_LOTTERY",
"State": 4,
"Progress": 100,
"Start": 1714942772,
"End": 1714942775
}
,
{
"ID": 32563,
"Binary": "DGLTC_LOTTERY",
"State": 4,
"Progress": 100,
"Start": 1714942773,
"End": 1714942775
}
,
{
"ID": 32564,
"Binary": "DGLTC_LOTTERY",
"State": 4,
"Progress": 100,
"Start": 1714942773,
"End": 1714942775
}
,
{
"ID": 32565,
"Binary": "DGLTC_LOTTERY",
"State": 4,
"Progress": 100,
"Start": 1714942777,
"End": 1714942779
}
,
{
"ID": 32566,
"Binary": "DGLTC_LOTTERY",
"State": 4,
"Progress": 100,
"Start": 1714942777,
"End": 1714942779
}
,
{
"ID": 32567,
"Binary": "DGLTC_LOTTERY",
"State": 4,
"Progress": 100,
"Start": 1714942775,
"End": 1714942777
}
,
{
"ID": 32568,
"Binary": "DGLTC_LOTTERY",
"State": 4,
"Progress": 100,
"Start": 1714942775,
"End": 1714942777
}
,
{
"ID": 32569,
"Binary": "DGLTC_LOTTERY",
"State": 4,
"Progress": 100,
"Start": 1714942775,
"End": 1714942777
}
,
{
"ID": 32570,
"Binary": "DGLTC_LOTTERY",
"State": 4,
"Progress": 100,
"Start": 1714942775,
"End": 1714942778
}
],
"Nodes":[
{
"ID": "PI_SOLAR",
"Class": 1,
"Task": 0,
"CPUCount": 4,
"LoadAverage": 0.170898,
"TasksCompleted": 91,
"System": 6,
"Enabled": 1
}
,
{
"ID": "LibClient",
"Class": 2,
"Task": 0,
"CPUCount": 1,
"LoadAverage": 0.077148,
"TasksCompleted": 0,
"System": 5,
"Enabled": 1
}
,
{
"ID": "PI_KNS",
"Class": 1,
"Task": 0,
"CPUCount": 4,
"LoadAverage": 0.930000,
"TasksCompleted": 83,
"System": 6,
"Enabled": 1
}
,
{
"ID": "PI_KNS",
"Class": 1,
"Task": 0,
"CPUCount": 4,
"LoadAverage": 0.930000,
"TasksCompleted": 82,
"System": 6,
"Enabled": 1
}
,
{
"ID": "GS_EXPLORER",
"Class": 1,
"Task": 0,
"CPUCount": 1,
"LoadAverage": 0.060000,
"TasksCompleted": 1881,
"System": 5,
"Enabled": 1
}
,
{
"ID": "GS_WORK",
"Class": 1,
"Task": 0,
"CPUCount": 1,
"LoadAverage": 0.220000,
"TasksCompleted": 1566,
"System": 5,
"Enabled": 1
}
,
{
"ID": "LibClient",
"Class": 2,
"Task": 0,
"CPUCount": 1,
"LoadAverage": 0.083984,
"TasksCompleted": 0,
"System": 5,
"Enabled": 1
}
,
{
"ID": "J_PROX",
"Class": 1,
"Task": 0,
"CPUCount": 2,
"LoadAverage": 0.243652,
"TasksCompleted": 2307,
"System": 5,
"Enabled": 1
}
,
{
"ID": "J_PROX",
"Class": 1,
"Task": 0,
"CPUCount": 2,
"LoadAverage": 0.243652,
"TasksCompleted": 2271,
"System": 5,
"Enabled": 1
}
,
{
"ID": "ABLACK",
"Class": 1,
"Task": 0,
"CPUCount": 4,
"LoadAverage": 10.110000,
"TasksCompleted": 0,
"System": 6,
"Enabled": 1
}
]}