{
"CPU": 1.773762,
"Starttime": 1714888439,
"Epoch": 1714888799,
"Version": "0.8",
"Throttled": 0,
"Utilization": 0.000000,
"Connections": 2,
"NodesCount": 8,
"TasksNew": 0,
"TasksCompleted": 30,
"TasksRunning": 0,
"TasksFailed": 0,
"TasksCount": 30,
"Tasks":[
{
"ID": 23041,
"Binary": "DGLTC_LOTTERY",
"State": 4,
"Progress": 100,
"Start": 1714888738,
"End": 1714888741
}
,
{
"ID": 23042,
"Binary": "DGLTC_LOTTERY",
"State": 4,
"Progress": 100,
"Start": 1714888738,
"End": 1714888740
}
,
{
"ID": 23043,
"Binary": "DGLTC_LOTTERY",
"State": 4,
"Progress": 100,
"Start": 1714888738,
"End": 1714888740
}
,
{
"ID": 23044,
"Binary": "DGLTC_LOTTERY",
"State": 4,
"Progress": 100,
"Start": 1714888738,
"End": 1714888740
}
,
{
"ID": 23045,
"Binary": "DGLTC_LOTTERY",
"State": 4,
"Progress": 100,
"Start": 1714888741,
"End": 1714888744
}
,
{
"ID": 23046,
"Binary": "DGLTC_LOTTERY",
"State": 4,
"Progress": 100,
"Start": 1714888740,
"End": 1714888742
}
,
{
"ID": 23047,
"Binary": "DGLTC_LOTTERY",
"State": 4,
"Progress": 100,
"Start": 1714888740,
"End": 1714888742
}
,
{
"ID": 23048,
"Binary": "DGLTC_LOTTERY",
"State": 4,
"Progress": 100,
"Start": 1714888740,
"End": 1714888743
}
,
{
"ID": 23049,
"Binary": "DGLTC_LOTTERY",
"State": 4,
"Progress": 100,
"Start": 1714888742,
"End": 1714888744
}
,
{
"ID": 23050,
"Binary": "DGLTC_LOTTERY",
"State": 4,
"Progress": 100,
"Start": 1714888742,
"End": 1714888744
}
,
{
"ID": 23051,
"Binary": "DGLTC_LOTTERY",
"State": 4,
"Progress": 100,
"Start": 1714888775,
"End": 1714888778
}
,
{
"ID": 23052,
"Binary": "DGLTC_LOTTERY",
"State": 4,
"Progress": 100,
"Start": 1714888775,
"End": 1714888777
}
,
{
"ID": 23053,
"Binary": "DGLTC_LOTTERY",
"State": 4,
"Progress": 100,
"Start": 1714888775,
"End": 1714888777
}
,
{
"ID": 23054,
"Binary": "DGLTC_LOTTERY",
"State": 4,
"Progress": 100,
"Start": 1714888775,
"End": 1714888778
}
,
{
"ID": 23055,
"Binary": "DGLTC_LOTTERY",
"State": 4,
"Progress": 100,
"Start": 1714888775,
"End": 1714888777
}
,
{
"ID": 23056,
"Binary": "DGLTC_LOTTERY",
"State": 4,
"Progress": 100,
"Start": 1714888778,
"End": 1714888781
}
,
{
"ID": 23057,
"Binary": "DGLTC_LOTTERY",
"State": 4,
"Progress": 100,
"Start": 1714888777,
"End": 1714888779
}
,
{
"ID": 23058,
"Binary": "DGLTC_LOTTERY",
"State": 4,
"Progress": 100,
"Start": 1714888778,
"End": 1714888781
}
,
{
"ID": 23059,
"Binary": "DGLTC_LOTTERY",
"State": 4,
"Progress": 100,
"Start": 1714888777,
"End": 1714888780
}
,
{
"ID": 23060,
"Binary": "DGLTC_LOTTERY",
"State": 4,
"Progress": 100,
"Start": 1714888777,
"End": 1714888779
}
,
{
"ID": 23061,
"Binary": "DGLTC_LOTTERY",
"State": 4,
"Progress": 100,
"Start": 1714888788,
"End": 1714888790
}
,
{
"ID": 23062,
"Binary": "DGLTC_LOTTERY",
"State": 4,
"Progress": 100,
"Start": 1714888788,
"End": 1714888790
}
,
{
"ID": 23063,
"Binary": "DGLTC_LOTTERY",
"State": 4,
"Progress": 100,
"Start": 1714888788,
"End": 1714888790
}
,
{
"ID": 23064,
"Binary": "DGLTC_LOTTERY",
"State": 4,
"Progress": 100,
"Start": 1714888788,
"End": 1714888790
}
,
{
"ID": 23065,
"Binary": "DGLTC_LOTTERY",
"State": 4,
"Progress": 100,
"Start": 1714888788,
"End": 1714888790
}
,
{
"ID": 23066,
"Binary": "DGLTC_LOTTERY",
"State": 4,
"Progress": 100,
"Start": 1714888790,
"End": 1714888793
}
,
{
"ID": 23067,
"Binary": "DGLTC_LOTTERY",
"State": 4,
"Progress": 100,
"Start": 1714888790,
"End": 1714888792
}
,
{
"ID": 23068,
"Binary": "DGLTC_LOTTERY",
"State": 4,
"Progress": 100,
"Start": 1714888790,
"End": 1714888792
}
,
{
"ID": 23069,
"Binary": "DGLTC_LOTTERY",
"State": 4,
"Progress": 100,
"Start": 1714888790,
"End": 1714888792
}
,
{
"ID": 23070,
"Binary": "DGLTC_LOTTERY",
"State": 4,
"Progress": 100,
"Start": 1714888790,
"End": 1714888793
}
],
"Nodes":[
{
"ID": "PI_SOLAR",
"Class": 1,
"Task": 0,
"CPUCount": 4,
"LoadAverage": 0.173828,
"TasksCompleted": 10,
"System": 6,
"Enabled": 1
}
,
{
"ID": "LibClient",
"Class": 2,
"Task": 0,
"CPUCount": 1,
"LoadAverage": 0.062988,
"TasksCompleted": 0,
"System": 5,
"Enabled": 1
}
,
{
"ID": "PI_KNS",
"Class": 1,
"Task": 0,
"CPUCount": 4,
"LoadAverage": 0.460000,
"TasksCompleted": 0,
"System": 6,
"Enabled": 1
}
,
{
"ID": "PI_KNS",
"Class": 1,
"Task": 0,
"CPUCount": 4,
"LoadAverage": 0.460000,
"TasksCompleted": 0,
"System": 6,
"Enabled": 1
}
,
{
"ID": "GS_EXPLORER",
"Class": 1,
"Task": 0,
"CPUCount": 1,
"LoadAverage": 0.390000,
"TasksCompleted": 16,
"System": 5,
"Enabled": 1
}
,
{
"ID": "GS_WORK",
"Class": 1,
"Task": 0,
"CPUCount": 1,
"LoadAverage": 0.190000,
"TasksCompleted": 15,
"System": 5,
"Enabled": 1
}
,
{
"ID": "LibClient",
"Class": 2,
"Task": 0,
"CPUCount": 1,
"LoadAverage": 0.062988,
"TasksCompleted": 0,
"System": 5,
"Enabled": 1
}
,
{
"ID": "J_PROX",
"Class": 1,
"Task": 0,
"CPUCount": 2,
"LoadAverage": 0.753418,
"TasksCompleted": 15,
"System": 5,
"Enabled": 1
}
,
{
"ID": "J_PROX",
"Class": 1,
"Task": 0,
"CPUCount": 2,
"LoadAverage": 0.753418,
"TasksCompleted": 14,
"System": 5,
"Enabled": 1
}
,
{
"ID": "IMAC1",
"Class": 1,
"Task": 0,
"CPUCount": 8,
"LoadAverage": 1.568848,
"TasksCompleted": 4,
"System": 3,
"Enabled": 1
}
]}