{
"CPU": 1.372155,
"Starttime": 1715001162,
"Epoch": 1715081382,
"Version": "0.8",
"Throttled": 18,
"Utilization": 0.000000,
"Connections": 2,
"NodesCount": 10,
"TasksNew": 0,
"TasksCompleted": 12,
"TasksRunning": 0,
"TasksFailed": 3,
"TasksCount": 15,
"Tasks":[
{
"ID": 50256,
"Binary": "DGLTC_LOTTERY",
"State": 3,
"Progress": 100,
"Start": 1715081337,
"End": 1715081338
}
,
{
"ID": 50257,
"Binary": "DGLTC_LOTTERY",
"State": 4,
"Progress": 100,
"Start": 1715081337,
"End": 1715081339
}
,
{
"ID": 50258,
"Binary": "DGLTC_LOTTERY",
"State": 4,
"Progress": 100,
"Start": 1715081337,
"End": 1715081339
}
,
{
"ID": 50259,
"Binary": "DGLTC_LOTTERY",
"State": 4,
"Progress": 100,
"Start": 1715081337,
"End": 1715081339
}
,
{
"ID": 50260,
"Binary": "DGLTC_LOTTERY",
"State": 4,
"Progress": 100,
"Start": 1715081337,
"End": 1715081339
}
,
{
"ID": 50261,
"Binary": "DGLTC_LOTTERY",
"State": 4,
"Progress": 100,
"Start": 1715081361,
"End": 1715081363
}
,
{
"ID": 50262,
"Binary": "DGLTC_LOTTERY",
"State": 3,
"Progress": 100,
"Start": 1715081361,
"End": 1715081362
}
,
{
"ID": 50263,
"Binary": "DGLTC_LOTTERY",
"State": 4,
"Progress": 100,
"Start": 1715081361,
"End": 1715081363
}
,
{
"ID": 50264,
"Binary": "DGLTC_LOTTERY",
"State": 4,
"Progress": 100,
"Start": 1715081361,
"End": 1715081364
}
,
{
"ID": 50265,
"Binary": "DGLTC_LOTTERY",
"State": 4,
"Progress": 100,
"Start": 1715081361,
"End": 1715081364
}
,
{
"ID": 50266,
"Binary": "DGLTC_LOTTERY",
"State": 4,
"Progress": 100,
"Start": 1715081366,
"End": 1715081367
}
,
{
"ID": 50267,
"Binary": "DGLTC_LOTTERY",
"State": 4,
"Progress": 100,
"Start": 1715081366,
"End": 1715081368
}
,
{
"ID": 50268,
"Binary": "DGLTC_LOTTERY",
"State": 3,
"Progress": 100,
"Start": 1715081366,
"End": 1715081367
}
,
{
"ID": 50269,
"Binary": "DGLTC_LOTTERY",
"State": 4,
"Progress": 100,
"Start": 1715081366,
"End": 1715081368
}
,
{
"ID": 50270,
"Binary": "DGLTC_LOTTERY",
"State": 4,
"Progress": 100,
"Start": 1715081366,
"End": 1715081368
}
],
"Nodes":[
{
"ID": "GS_WORK",
"Class": 1,
"Task": 0,
"CPUCount": 1,
"LoadAverage": 0.180000,
"TasksCompleted": 1110,
"System": 5,
"Enabled": 1
}
,
{
"ID": "GS_EXPLORER",
"Class": 1,
"Task": 0,
"CPUCount": 1,
"LoadAverage": 0.080000,
"TasksCompleted": 1125,
"System": 5,
"Enabled": 1
}
,
{
"ID": "J_PROX",
"Class": 1,
"Task": 0,
"CPUCount": 2,
"LoadAverage": 0.000000,
"TasksCompleted": 1349,
"System": 5,
"Enabled": 1
}
,
{
"ID": "J_PROX",
"Class": 1,
"Task": 0,
"CPUCount": 2,
"LoadAverage": 0.000000,
"TasksCompleted": 1322,
"System": 5,
"Enabled": 1
}
,
{
"ID": "LibClient",
"Class": 2,
"Task": 0,
"CPUCount": 1,
"LoadAverage": 0.052734,
"TasksCompleted": 0,
"System": 5,
"Enabled": 1
}
,
{
"ID": "ABLACK",
"Class": 1,
"Task": 0,
"CPUCount": 1,
"LoadAverage": 9.040000,
"TasksCompleted": 82,
"System": 6,
"Enabled": 1
}
,
{
"ID": "AWHITE",
"Class": 1,
"Task": 0,
"CPUCount": 8,
"LoadAverage": 0.000000,
"TasksCompleted": 79,
"System": 7,
"Enabled": 1
}
,
{
"ID": "GS_API",
"Class": 1,
"Task": 0,
"CPUCount": 1,
"LoadAverage": 0.000000,
"TasksCompleted": 806,
"System": 5,
"Enabled": 1
}
,
{
"ID": "L2_PROD",
"Class": 1,
"Task": 0,
"CPUCount": 2,
"LoadAverage": 0.200000,
"TasksCompleted": 1036,
"System": 5,
"Enabled": 1
}
,
{
"ID": "LibClient",
"Class": 2,
"Task": 0,
"CPUCount": 1,
"LoadAverage": 0.048340,
"TasksCompleted": 0,
"System": 5,
"Enabled": 1
}
,
{
"ID": "PI_KNS",
"Class": 1,
"Task": 0,
"CPUCount": 4,
"LoadAverage": 0.340000,
"TasksCompleted": 46,
"System": 6,
"Enabled": 1
}
,
{
"ID": "PI_KNS",
"Class": 1,
"Task": 0,
"CPUCount": 4,
"LoadAverage": 0.340000,
"TasksCompleted": 48,
"System": 6,
"Enabled": 1
}
]}