{
"CPU": 1.472803,
"Starttime": 1715001162,
"Epoch": 1715089782,
"Version": "0.8",
"Throttled": 18,
"Utilization": 0.000000,
"Connections": 2,
"NodesCount": 10,
"TasksNew": 0,
"TasksCompleted": 8,
"TasksRunning": 0,
"TasksFailed": 7,
"TasksCount": 15,
"Tasks":[
{
"ID": 51051,
"Binary": "DGLTC_LOTTERY",
"State": 3,
"Progress": 100,
"Start": 1715089741,
"End": 1715089743
}
,
{
"ID": 51052,
"Binary": "DGLTC_LOTTERY",
"State": 3,
"Progress": 100,
"Start": 1715089741,
"End": 1715089743
}
,
{
"ID": 51053,
"Binary": "DGLTC_LOTTERY",
"State": 3,
"Progress": 100,
"Start": 1715089741,
"End": 1715089743
}
,
{
"ID": 51054,
"Binary": "DGLTC_LOTTERY",
"State": 3,
"Progress": 100,
"Start": 1715089741,
"End": 1715089744
}
,
{
"ID": 51055,
"Binary": "DGLTC_LOTTERY",
"State": 3,
"Progress": 100,
"Start": 1715089741,
"End": 1715089744
}
,
{
"ID": 51056,
"Binary": "DGLTC_LOTTERY",
"State": 4,
"Progress": 100,
"Start": 1715089744,
"End": 1715089746
}
,
{
"ID": 51057,
"Binary": "DGLTC_LOTTERY",
"State": 4,
"Progress": 100,
"Start": 1715089744,
"End": 1715089746
}
,
{
"ID": 51058,
"Binary": "DGLTC_LOTTERY",
"State": 4,
"Progress": 100,
"Start": 1715089744,
"End": 1715089747
}
,
{
"ID": 51059,
"Binary": "DGLTC_LOTTERY",
"State": 4,
"Progress": 100,
"Start": 1715089744,
"End": 1715089746
}
,
{
"ID": 51060,
"Binary": "DGLTC_LOTTERY",
"State": 3,
"Progress": 100,
"Start": 1715089744,
"End": 1715089746
}
,
{
"ID": 51061,
"Binary": "DGLTC_LOTTERY",
"State": 4,
"Progress": 100,
"Start": 1715089754,
"End": 1715089756
}
,
{
"ID": 51062,
"Binary": "DGLTC_LOTTERY",
"State": 3,
"Progress": 100,
"Start": 1715089754,
"End": 1715089755
}
,
{
"ID": 51063,
"Binary": "DGLTC_LOTTERY",
"State": 4,
"Progress": 100,
"Start": 1715089754,
"End": 1715089756
}
,
{
"ID": 51064,
"Binary": "DGLTC_LOTTERY",
"State": 4,
"Progress": 100,
"Start": 1715089754,
"End": 1715089757
}
,
{
"ID": 51065,
"Binary": "DGLTC_LOTTERY",
"State": 4,
"Progress": 100,
"Start": 1715089754,
"End": 1715089757
}
],
"Nodes":[
{
"ID": "GS_WORK",
"Class": 1,
"Task": 0,
"CPUCount": 1,
"LoadAverage": 0.050000,
"TasksCompleted": 1212,
"System": 5,
"Enabled": 1
}
,
{
"ID": "GS_EXPLORER",
"Class": 1,
"Task": 0,
"CPUCount": 1,
"LoadAverage": 0.110000,
"TasksCompleted": 1240,
"System": 5,
"Enabled": 1
}
,
{
"ID": "J_PROX",
"Class": 1,
"Task": 0,
"CPUCount": 2,
"LoadAverage": 0.027832,
"TasksCompleted": 1466,
"System": 5,
"Enabled": 1
}
,
{
"ID": "J_PROX",
"Class": 1,
"Task": 0,
"CPUCount": 2,
"LoadAverage": 0.027832,
"TasksCompleted": 1441,
"System": 5,
"Enabled": 1
}
,
{
"ID": "LibClient",
"Class": 2,
"Task": 0,
"CPUCount": 1,
"LoadAverage": 0.077637,
"TasksCompleted": 0,
"System": 5,
"Enabled": 1
}
,
{
"ID": "ABLACK",
"Class": 1,
"Task": 0,
"CPUCount": 1,
"LoadAverage": 9.160000,
"TasksCompleted": 94,
"System": 6,
"Enabled": 1
}
,
{
"ID": "AWHITE",
"Class": 1,
"Task": 0,
"CPUCount": 8,
"LoadAverage": 0.000000,
"TasksCompleted": 91,
"System": 7,
"Enabled": 1
}
,
{
"ID": "GS_API",
"Class": 1,
"Task": 0,
"CPUCount": 1,
"LoadAverage": 0.000000,
"TasksCompleted": 913,
"System": 5,
"Enabled": 1
}
,
{
"ID": "L2_PROD",
"Class": 1,
"Task": 0,
"CPUCount": 2,
"LoadAverage": 0.030000,
"TasksCompleted": 1196,
"System": 5,
"Enabled": 1
}
,
{
"ID": "LibClient",
"Class": 2,
"Task": 0,
"CPUCount": 1,
"LoadAverage": 0.071289,
"TasksCompleted": 0,
"System": 5,
"Enabled": 1
}
,
{
"ID": "PI_KNS",
"Class": 1,
"Task": 0,
"CPUCount": 4,
"LoadAverage": 0.450000,
"TasksCompleted": 58,
"System": 6,
"Enabled": 1
}
,
{
"ID": "PI_KNS",
"Class": 1,
"Task": 0,
"CPUCount": 4,
"LoadAverage": 0.400000,
"TasksCompleted": 60,
"System": 6,
"Enabled": 1
}
]}