{
"CPU": 25.167112,
"Starttime": 1714751364,
"Epoch": 1714861164,
"Version": "0.8",
"Throttled": 10,
"Utilization": 0.000000,
"Connections": 2,
"NodesCount": 11,
"TasksNew": 0,
"TasksCompleted": 10,
"TasksRunning": 0,
"TasksFailed": 10,
"TasksCount": 20,
"Tasks":[
{
"ID": 18401,
"Binary": "DGLTC_LOTTERY",
"State": 3,
"Progress": 100,
"Start": 1714861138,
"End": 1714861145
}
,
{
"ID": 18402,
"Binary": "DGLTC_LOTTERY",
"State": 3,
"Progress": 100,
"Start": 1714861138,
"End": 1714861144
}
,
{
"ID": 18403,
"Binary": "DGLTC_LOTTERY",
"State": 3,
"Progress": 100,
"Start": 1714861138,
"End": 1714861144
}
,
{
"ID": 18404,
"Binary": "DGLTC_LOTTERY",
"State": 3,
"Progress": 100,
"Start": 1714861138,
"End": 1714861144
}
,
{
"ID": 18405,
"Binary": "DGLTC_LOTTERY",
"State": 3,
"Progress": 100,
"Start": 1714861138,
"End": 1714861147
}
,
{
"ID": 18406,
"Binary": "DGLTC_LOTTERY",
"State": 3,
"Progress": 100,
"Start": 1714861138,
"End": 1714861144
}
,
{
"ID": 18407,
"Binary": "DGLTC_LOTTERY",
"State": 3,
"Progress": 100,
"Start": 1714861144,
"End": 1714861147
}
,
{
"ID": 18408,
"Binary": "DGLTC_LOTTERY",
"State": 3,
"Progress": 100,
"Start": 1714861144,
"End": 1714861147
}
,
{
"ID": 18409,
"Binary": "DGLTC_LOTTERY",
"State": 3,
"Progress": 100,
"Start": 1714861144,
"End": 1714861147
}
,
{
"ID": 18410,
"Binary": "DGLTC_LOTTERY",
"State": 3,
"Progress": 100,
"Start": 1714861144,
"End": 1714861147
}
,
{
"ID": 18411,
"Binary": "DGLTC_LOTTERY",
"State": 4,
"Progress": 100,
"Start": 1714861147,
"End": 1714861153
}
,
{
"ID": 18412,
"Binary": "DGLTC_LOTTERY",
"State": 4,
"Progress": 100,
"Start": 1714861147,
"End": 1714861150
}
,
{
"ID": 18413,
"Binary": "DGLTC_LOTTERY",
"State": 4,
"Progress": 100,
"Start": 1714861147,
"End": 1714861153
}
,
{
"ID": 18414,
"Binary": "DGLTC_LOTTERY",
"State": 4,
"Progress": 100,
"Start": 1714861147,
"End": 1714861152
}
,
{
"ID": 18415,
"Binary": "DGLTC_LOTTERY",
"State": 4,
"Progress": 100,
"Start": 1714861147,
"End": 1714861156
}
,
{
"ID": 18416,
"Binary": "DGLTC_LOTTERY",
"State": 4,
"Progress": 100,
"Start": 1714861147,
"End": 1714861153
}
,
{
"ID": 18417,
"Binary": "DGLTC_LOTTERY",
"State": 4,
"Progress": 100,
"Start": 1714861153,
"End": 1714861159
}
,
{
"ID": 18418,
"Binary": "DGLTC_LOTTERY",
"State": 4,
"Progress": 100,
"Start": 1714861153,
"End": 1714861159
}
,
{
"ID": 18419,
"Binary": "DGLTC_LOTTERY",
"State": 4,
"Progress": 100,
"Start": 1714861150,
"End": 1714861155
}
,
{
"ID": 18420,
"Binary": "DGLTC_LOTTERY",
"State": 4,
"Progress": 100,
"Start": 1714861152,
"End": 1714861157
}
],
"Nodes":[
{
"ID": "ABLACK",
"Class": 1,
"Task": 0,
"CPUCount": 1,
"LoadAverage": 9.500000,
"TasksCompleted": 163,
"System": 6,
"Enabled": 1
}
,
{
"ID": "AWHITE",
"Class": 1,
"Task": 0,
"CPUCount": 8,
"LoadAverage": 0.000000,
"TasksCompleted": 172,
"System": 7,
"Enabled": 1
}
,
{
"ID": "PI_SOLAR",
"Class": 1,
"Task": 0,
"CPUCount": 4,
"LoadAverage": 0.086426,
"TasksCompleted": 156,
"System": 6,
"Enabled": 1
}
,
{
"ID": "J_PROX",
"Class": 1,
"Task": 0,
"CPUCount": 2,
"LoadAverage": 0.925293,
"TasksCompleted": 542,
"System": 5,
"Enabled": 1
}
,
{
"ID": "J_PROX",
"Class": 1,
"Task": 0,
"CPUCount": 2,
"LoadAverage": 0.925293,
"TasksCompleted": 514,
"System": 5,
"Enabled": 1
}
,
{
"ID": "GS_EXPLORER",
"Class": 1,
"Task": 0,
"CPUCount": 1,
"LoadAverage": 0.290000,
"TasksCompleted": 429,
"System": 5,
"Enabled": 1
}
,
{
"ID": "PI_KNS",
"Class": 1,
"Task": 0,
"CPUCount": 4,
"LoadAverage": 0.390000,
"TasksCompleted": 56,
"System": 6,
"Enabled": 1
}
,
{
"ID": "PI_KNS",
"Class": 1,
"Task": 0,
"CPUCount": 4,
"LoadAverage": 0.390000,
"TasksCompleted": 57,
"System": 6,
"Enabled": 1
}
,
{
"ID": "LibClient",
"Class": 2,
"Task": 0,
"CPUCount": 1,
"LoadAverage": 0.560547,
"TasksCompleted": 0,
"System": 5,
"Enabled": 1
}
,
{
"ID": "P_PROX",
"Class": 1,
"Task": 0,
"CPUCount": 2,
"LoadAverage": 0.560547,
"TasksCompleted": 496,
"System": 5,
"Enabled": 1
}
,
{
"ID": "P_PROX",
"Class": 1,
"Task": 0,
"CPUCount": 2,
"LoadAverage": 0.560547,
"TasksCompleted": 493,
"System": 5,
"Enabled": 1
}
,
{
"ID": "GS_WORK",
"Class": 1,
"Task": 0,
"CPUCount": 1,
"LoadAverage": 0.430000,
"TasksCompleted": 335,
"System": 5,
"Enabled": 1
}
,
{
"ID": "LibClient",
"Class": 2,
"Task": 0,
"CPUCount": 1,
"LoadAverage": 0.560547,
"TasksCompleted": 0,
"System": 5,
"Enabled": 1
}
]}