{
"CPU": 8.883675,
"Starttime": 1714751364,
"Epoch": 1714772964,
"Version": "0.8",
"Throttled": 2,
"Utilization": 0.000000,
"Connections": 2,
"NodesCount": 14,
"TasksNew": 0,
"TasksCompleted": 20,
"TasksRunning": 0,
"TasksFailed": 10,
"TasksCount": 30,
"Tasks":[
{
"ID": 2531,
"Binary": "DGLTC_LOTTERY",
"State": 4,
"Progress": 100,
"Start": 1714772917,
"End": 1714772920
}
,
{
"ID": 2532,
"Binary": "DGLTC_LOTTERY",
"State": 4,
"Progress": 100,
"Start": 1714772917,
"End": 1714772920
}
,
{
"ID": 2533,
"Binary": "DGLTC_LOTTERY",
"State": 4,
"Progress": 100,
"Start": 1714772917,
"End": 1714772919
}
,
{
"ID": 2534,
"Binary": "DGLTC_LOTTERY",
"State": 4,
"Progress": 100,
"Start": 1714772917,
"End": 1714772920
}
,
{
"ID": 2535,
"Binary": "DGLTC_LOTTERY",
"State": 4,
"Progress": 100,
"Start": 1714772917,
"End": 1714772919
}
,
{
"ID": 2536,
"Binary": "DGLTC_LOTTERY",
"State": 4,
"Progress": 100,
"Start": 1714772917,
"End": 1714772920
}
,
{
"ID": 2537,
"Binary": "DGLTC_LOTTERY",
"State": 4,
"Progress": 100,
"Start": 1714772917,
"End": 1714772920
}
,
{
"ID": 2538,
"Binary": "DGLTC_LOTTERY",
"State": 4,
"Progress": 100,
"Start": 1714772917,
"End": 1714772920
}
,
{
"ID": 2539,
"Binary": "DGLTC_LOTTERY",
"State": 4,
"Progress": 100,
"Start": 1714772919,
"End": 1714772921
}
,
{
"ID": 2540,
"Binary": "DGLTC_LOTTERY",
"State": 4,
"Progress": 100,
"Start": 1714772919,
"End": 1714772922
}
,
{
"ID": 2541,
"Binary": "DGLTC_LOTTERY",
"State": 3,
"Progress": 100,
"Start": 1714772923,
"End": 1714772925
}
,
{
"ID": 2542,
"Binary": "DGLTC_LOTTERY",
"State": 3,
"Progress": 100,
"Start": 1714772923,
"End": 1714772925
}
,
{
"ID": 2543,
"Binary": "DGLTC_LOTTERY",
"State": 3,
"Progress": 100,
"Start": 1714772923,
"End": 1714772925
}
,
{
"ID": 2544,
"Binary": "DGLTC_LOTTERY",
"State": 3,
"Progress": 100,
"Start": 1714772923,
"End": 1714772925
}
,
{
"ID": 2545,
"Binary": "DGLTC_LOTTERY",
"State": 3,
"Progress": 100,
"Start": 1714772924,
"End": 1714772925
}
,
{
"ID": 2546,
"Binary": "DGLTC_LOTTERY",
"State": 3,
"Progress": 100,
"Start": 1714772924,
"End": 1714772925
}
,
{
"ID": 2547,
"Binary": "DGLTC_LOTTERY",
"State": 3,
"Progress": 100,
"Start": 1714772924,
"End": 1714772925
}
,
{
"ID": 2548,
"Binary": "DGLTC_LOTTERY",
"State": 3,
"Progress": 100,
"Start": 1714772924,
"End": 1714772925
}
,
{
"ID": 2549,
"Binary": "DGLTC_LOTTERY",
"State": 3,
"Progress": 0,
"Start": 0,
"End": 0
}
,
{
"ID": 2550,
"Binary": "DGLTC_LOTTERY",
"State": 3,
"Progress": 0,
"Start": 0,
"End": 0
}
,
{
"ID": 2551,
"Binary": "DGLTC_LOTTERY",
"State": 4,
"Progress": 100,
"Start": 1714772925,
"End": 1714772928
}
,
{
"ID": 2552,
"Binary": "DGLTC_LOTTERY",
"State": 4,
"Progress": 100,
"Start": 1714772925,
"End": 1714772928
}
,
{
"ID": 2553,
"Binary": "DGLTC_LOTTERY",
"State": 4,
"Progress": 100,
"Start": 1714772928,
"End": 1714772930
}
,
{
"ID": 2554,
"Binary": "DGLTC_LOTTERY",
"State": 4,
"Progress": 100,
"Start": 1714772925,
"End": 1714772928
}
,
{
"ID": 2555,
"Binary": "DGLTC_LOTTERY",
"State": 4,
"Progress": 100,
"Start": 1714772927,
"End": 1714772929
}
,
{
"ID": 2556,
"Binary": "DGLTC_LOTTERY",
"State": 4,
"Progress": 100,
"Start": 1714772925,
"End": 1714772927
}
,
{
"ID": 2557,
"Binary": "DGLTC_LOTTERY",
"State": 4,
"Progress": 100,
"Start": 1714772925,
"End": 1714772928
}
,
{
"ID": 2558,
"Binary": "DGLTC_LOTTERY",
"State": 4,
"Progress": 100,
"Start": 1714772925,
"End": 1714772928
}
,
{
"ID": 2559,
"Binary": "DGLTC_LOTTERY",
"State": 4,
"Progress": 100,
"Start": 1714772925,
"End": 1714772928
}
,
{
"ID": 2560,
"Binary": "DGLTC_LOTTERY",
"State": 4,
"Progress": 100,
"Start": 1714772925,
"End": 1714772929
}
],
"Nodes":[
{
"ID": "ABLACK",
"Class": 1,
"Task": 0,
"CPUCount": 1,
"LoadAverage": 9.090000,
"TasksCompleted": 19,
"System": 6,
"Enabled": 1
}
,
{
"ID": "AWHITE",
"Class": 1,
"Task": 0,
"CPUCount": 8,
"LoadAverage": 0.000000,
"TasksCompleted": 19,
"System": 7,
"Enabled": 1
}
,
{
"ID": "J_PROX",
"Class": 1,
"Task": 0,
"CPUCount": 2,
"LoadAverage": 0.272461,
"TasksCompleted": 274,
"System": 5,
"Enabled": 1
}
,
{
"ID": "J_PROX",
"Class": 1,
"Task": 0,
"CPUCount": 2,
"LoadAverage": 0.272461,
"TasksCompleted": 268,
"System": 5,
"Enabled": 1
}
,
{
"ID": "GS_WORK",
"Class": 1,
"Task": 0,
"CPUCount": 1,
"LoadAverage": 0.050000,
"TasksCompleted": 150,
"System": 5,
"Enabled": 1
}
,
{
"ID": "GS_EXPLORER",
"Class": 1,
"Task": 0,
"CPUCount": 1,
"LoadAverage": 0.120000,
"TasksCompleted": 158,
"System": 5,
"Enabled": 1
}
,
{
"ID": "PI_KNS",
"Class": 1,
"Task": 0,
"CPUCount": 4,
"LoadAverage": 0.550000,
"TasksCompleted": 22,
"System": 6,
"Enabled": 1
}
,
{
"ID": "PI_KNS",
"Class": 1,
"Task": 0,
"CPUCount": 4,
"LoadAverage": 0.550000,
"TasksCompleted": 20,
"System": 6,
"Enabled": 1
}
,
{
"ID": "PI_SOLAR",
"Class": 1,
"Task": 0,
"CPUCount": 4,
"LoadAverage": 0.281738,
"TasksCompleted": 13,
"System": 6,
"Enabled": 1
}
,
{
"ID": "LibClient",
"Class": 2,
"Task": 0,
"CPUCount": 1,
"LoadAverage": 0.432617,
"TasksCompleted": 0,
"System": 5,
"Enabled": 1
}
,
{
"ID": "LibClient",
"Class": 2,
"Task": 0,
"CPUCount": 1,
"LoadAverage": 0.470703,
"TasksCompleted": 0,
"System": 5,
"Enabled": 1
}
,
{
"ID": "DELL1",
"Class": 1,
"Task": 0,
"CPUCount": 8,
"LoadAverage": 1.682617,
"TasksCompleted": 85,
"System": 5,
"Enabled": 1
}
,
{
"ID": "P_PROX",
"Class": 1,
"Task": 0,
"CPUCount": 2,
"LoadAverage": 0.432617,
"TasksCompleted": 11,
"System": 5,
"Enabled": 1
}
,
{
"ID": "P_PROX",
"Class": 1,
"Task": 0,
"CPUCount": 1,
"LoadAverage": 0.432617,
"TasksCompleted": 7,
"System": 5,
"Enabled": 1
}
,
{
"ID": "P_PROX",
"Class": 1,
"Task": 0,
"CPUCount": 2,
"LoadAverage": 0.432617,
"TasksCompleted": 9,
"System": 5,
"Enabled": 1
}
,
{
"ID": "IMAC1",
"Class": 1,
"Task": 0,
"CPUCount": 8,
"LoadAverage": 3.290039,
"TasksCompleted": 0,
"System": 3,
"Enabled": 1
}
]}