{
"CPU": 2.146570,
"Starttime": 1714751364,
"Epoch": 1714793964,
"Version": "0.8",
"Throttled": 3,
"Utilization": 15.384616,
"Connections": 2,
"NodesCount": 13,
"TasksNew": 0,
"TasksCompleted": 10,
"TasksRunning": 2,
"TasksFailed": 10,
"TasksCount": 22,
"Tasks":[
{
"ID": 6425,
"Binary": "BTC_LOTTERY",
"State": 2,
"Progress": 0,
"Start": 1714793581,
"End": 0
}
,
{
"ID": 6429,
"Binary": "BTC_LOTTERY",
"State": 2,
"Progress": 0,
"Start": 1714793581,
"End": 0
}
,
{
"ID": 6451,
"Binary": "DGLTC_LOTTERY",
"State": 3,
"Progress": 100,
"Start": 1714793949,
"End": 1714793952
}
,
{
"ID": 6452,
"Binary": "DGLTC_LOTTERY",
"State": 3,
"Progress": 100,
"Start": 1714793949,
"End": 1714793952
}
,
{
"ID": 6453,
"Binary": "DGLTC_LOTTERY",
"State": 3,
"Progress": 100,
"Start": 1714793949,
"End": 1714793952
}
,
{
"ID": 6454,
"Binary": "DGLTC_LOTTERY",
"State": 3,
"Progress": 100,
"Start": 1714793949,
"End": 1714793952
}
,
{
"ID": 6455,
"Binary": "DGLTC_LOTTERY",
"State": 3,
"Progress": 100,
"Start": 1714793949,
"End": 1714793952
}
,
{
"ID": 6456,
"Binary": "DGLTC_LOTTERY",
"State": 3,
"Progress": 100,
"Start": 1714793949,
"End": 1714793951
}
,
{
"ID": 6457,
"Binary": "DGLTC_LOTTERY",
"State": 3,
"Progress": 100,
"Start": 1714793949,
"End": 1714793952
}
,
{
"ID": 6458,
"Binary": "DGLTC_LOTTERY",
"State": 3,
"Progress": 100,
"Start": 1714793952,
"End": 1714793953
}
,
{
"ID": 6459,
"Binary": "DGLTC_LOTTERY",
"State": 3,
"Progress": 100,
"Start": 1714793952,
"End": 1714793953
}
,
{
"ID": 6460,
"Binary": "DGLTC_LOTTERY",
"State": 3,
"Progress": 100,
"Start": 1714793951,
"End": 1714793953
}
,
{
"ID": 6461,
"Binary": "DGLTC_LOTTERY",
"State": 4,
"Progress": 100,
"Start": 1714793953,
"End": 1714793955
}
,
{
"ID": 6462,
"Binary": "DGLTC_LOTTERY",
"State": 4,
"Progress": 100,
"Start": 1714793953,
"End": 1714793955
}
,
{
"ID": 6463,
"Binary": "DGLTC_LOTTERY",
"State": 4,
"Progress": 100,
"Start": 1714793953,
"End": 1714793957
}
,
{
"ID": 6464,
"Binary": "DGLTC_LOTTERY",
"State": 4,
"Progress": 100,
"Start": 1714793953,
"End": 1714793954
}
,
{
"ID": 6465,
"Binary": "DGLTC_LOTTERY",
"State": 4,
"Progress": 100,
"Start": 1714793953,
"End": 1714793956
}
,
{
"ID": 6466,
"Binary": "DGLTC_LOTTERY",
"State": 4,
"Progress": 100,
"Start": 1714793955,
"End": 1714793957
}
,
{
"ID": 6467,
"Binary": "DGLTC_LOTTERY",
"State": 4,
"Progress": 100,
"Start": 1714793953,
"End": 1714793956
}
,
{
"ID": 6468,
"Binary": "DGLTC_LOTTERY",
"State": 4,
"Progress": 100,
"Start": 1714793955,
"End": 1714793956
}
,
{
"ID": 6469,
"Binary": "DGLTC_LOTTERY",
"State": 4,
"Progress": 100,
"Start": 1714793953,
"End": 1714793956
}
,
{
"ID": 6470,
"Binary": "DGLTC_LOTTERY",
"State": 4,
"Progress": 100,
"Start": 1714793955,
"End": 1714793958
}
],
"Nodes":[
{
"ID": "ABLACK",
"Class": 1,
"Task": 0,
"CPUCount": 1,
"LoadAverage": 9.370000,
"TasksCompleted": 43,
"System": 6,
"Enabled": 1
}
,
{
"ID": "AWHITE",
"Class": 1,
"Task": 0,
"CPUCount": 8,
"LoadAverage": 0.000000,
"TasksCompleted": 50,
"System": 7,
"Enabled": 1
}
,
{
"ID": "J_PROX",
"Class": 1,
"Task": 0,
"CPUCount": 2,
"LoadAverage": 0.335938,
"TasksCompleted": 742,
"System": 5,
"Enabled": 1
}
,
{
"ID": "J_PROX",
"Class": 1,
"Task": 0,
"CPUCount": 2,
"LoadAverage": 0.335938,
"TasksCompleted": 740,
"System": 5,
"Enabled": 1
}
,
{
"ID": "GS_WORK",
"Class": 1,
"Task": 0,
"CPUCount": 1,
"LoadAverage": 0.000000,
"TasksCompleted": 510,
"System": 5,
"Enabled": 1
}
,
{
"ID": "GS_EXPLORER",
"Class": 1,
"Task": 0,
"CPUCount": 1,
"LoadAverage": 0.160000,
"TasksCompleted": 506,
"System": 5,
"Enabled": 1
}
,
{
"ID": "PI_KNS",
"Class": 1,
"Task": 0,
"CPUCount": 4,
"LoadAverage": 2.580000,
"TasksCompleted": 50,
"System": 6,
"Enabled": 1
}
,
{
"ID": "PI_KNS",
"Class": 1,
"Task": 6425,
"CPUCount": 4,
"LoadAverage": 2.580000,
"TasksCompleted": 49,
"System": 6,
"Enabled": 1
}
,
{
"ID": "PI_SOLAR",
"Class": 1,
"Task": 6429,
"CPUCount": 4,
"LoadAverage": 2.103027,
"TasksCompleted": 38,
"System": 6,
"Enabled": 1
}
,
{
"ID": "LibClient",
"Class": 2,
"Task": 0,
"CPUCount": 1,
"LoadAverage": 0.154297,
"TasksCompleted": 0,
"System": 5,
"Enabled": 1
}
,
{
"ID": "LibClient",
"Class": 2,
"Task": 0,
"CPUCount": 1,
"LoadAverage": 0.154297,
"TasksCompleted": 0,
"System": 5,
"Enabled": 1
}
,
{
"ID": "DELL1",
"Class": 1,
"Task": 0,
"CPUCount": 8,
"LoadAverage": 1.155273,
"TasksCompleted": 894,
"System": 5,
"Enabled": 1
}
,
{
"ID": "P_PROX",
"Class": 1,
"Task": 0,
"CPUCount": 2,
"LoadAverage": 0.154297,
"TasksCompleted": 554,
"System": 5,
"Enabled": 1
}
,
{
"ID": "P_PROX",
"Class": 1,
"Task": 0,
"CPUCount": 2,
"LoadAverage": 0.154297,
"TasksCompleted": 571,
"System": 5,
"Enabled": 1
}
,
{
"ID": "IMAC1",
"Class": 1,
"Task": 0,
"CPUCount": 8,
"LoadAverage": 3.012695,
"TasksCompleted": 0,
"System": 3,
"Enabled": 1
}
]}