{
"CPU": 23.709272,
"Starttime": 1714751364,
"Epoch": 1714862364,
"Version": "0.8",
"Throttled": 10,
"Utilization": 45.454548,
"Connections": 2,
"NodesCount": 11,
"TasksNew": 0,
"TasksCompleted": 15,
"TasksRunning": 5,
"TasksFailed": 0,
"TasksCount": 20,
"Tasks":[
{
"ID": 18641,
"Binary": "DGLTC_LOTTERY",
"State": 4,
"Progress": 100,
"Start": 1714862302,
"End": 1714862307
}
,
{
"ID": 18642,
"Binary": "DGLTC_LOTTERY",
"State": 4,
"Progress": 100,
"Start": 1714862302,
"End": 1714862305
}
,
{
"ID": 18643,
"Binary": "DGLTC_LOTTERY",
"State": 4,
"Progress": 100,
"Start": 1714862302,
"End": 1714862307
}
,
{
"ID": 18644,
"Binary": "DGLTC_LOTTERY",
"State": 4,
"Progress": 100,
"Start": 1714862302,
"End": 1714862308
}
,
{
"ID": 18645,
"Binary": "DGLTC_LOTTERY",
"State": 4,
"Progress": 100,
"Start": 1714862302,
"End": 1714862308
}
,
{
"ID": 18646,
"Binary": "DGLTC_LOTTERY",
"State": 4,
"Progress": 100,
"Start": 1714862302,
"End": 1714862310
}
,
{
"ID": 18647,
"Binary": "DGLTC_LOTTERY",
"State": 4,
"Progress": 100,
"Start": 1714862307,
"End": 1714862311
}
,
{
"ID": 18648,
"Binary": "DGLTC_LOTTERY",
"State": 4,
"Progress": 100,
"Start": 1714862305,
"End": 1714862310
}
,
{
"ID": 18649,
"Binary": "DGLTC_LOTTERY",
"State": 4,
"Progress": 100,
"Start": 1714862308,
"End": 1714862313
}
,
{
"ID": 18650,
"Binary": "DGLTC_LOTTERY",
"State": 4,
"Progress": 100,
"Start": 1714862307,
"End": 1714862313
}
,
{
"ID": 18651,
"Binary": "DGLTC_LOTTERY",
"State": 2,
"Progress": 0,
"Start": 1714862355,
"End": 0
}
,
{
"ID": 18652,
"Binary": "DGLTC_LOTTERY",
"State": 4,
"Progress": 100,
"Start": 1714862355,
"End": 1714862361
}
,
{
"ID": 18653,
"Binary": "DGLTC_LOTTERY",
"State": 4,
"Progress": 100,
"Start": 1714862356,
"End": 1714862362
}
,
{
"ID": 18654,
"Binary": "DGLTC_LOTTERY",
"State": 4,
"Progress": 100,
"Start": 1714862356,
"End": 1714862362
}
,
{
"ID": 18655,
"Binary": "DGLTC_LOTTERY",
"State": 4,
"Progress": 100,
"Start": 1714862356,
"End": 1714862362
}
,
{
"ID": 18656,
"Binary": "DGLTC_LOTTERY",
"State": 4,
"Progress": 100,
"Start": 1714862356,
"End": 1714862361
}
,
{
"ID": 18657,
"Binary": "DGLTC_LOTTERY",
"State": 2,
"Progress": 0,
"Start": 1714862362,
"End": 0
}
,
{
"ID": 18658,
"Binary": "DGLTC_LOTTERY",
"State": 2,
"Progress": 0,
"Start": 1714862362,
"End": 0
}
,
{
"ID": 18659,
"Binary": "DGLTC_LOTTERY",
"State": 2,
"Progress": 0,
"Start": 1714862361,
"End": 0
}
,
{
"ID": 18660,
"Binary": "DGLTC_LOTTERY",
"State": 2,
"Progress": 0,
"Start": 1714862361,
"End": 0
}
],
"Nodes":[
{
"ID": "ABLACK",
"Class": 1,
"Task": 0,
"CPUCount": 1,
"LoadAverage": 9.070000,
"TasksCompleted": 165,
"System": 6,
"Enabled": 1
}
,
{
"ID": "AWHITE",
"Class": 1,
"Task": 0,
"CPUCount": 8,
"LoadAverage": 0.000000,
"TasksCompleted": 174,
"System": 7,
"Enabled": 1
}
,
{
"ID": "PI_SOLAR",
"Class": 1,
"Task": 0,
"CPUCount": 4,
"LoadAverage": 0.198242,
"TasksCompleted": 157,
"System": 6,
"Enabled": 1
}
,
{
"ID": "J_PROX",
"Class": 1,
"Task": 18659,
"CPUCount": 2,
"LoadAverage": 0.556641,
"TasksCompleted": 584,
"System": 5,
"Enabled": 1
}
,
{
"ID": "J_PROX",
"Class": 1,
"Task": 18660,
"CPUCount": 2,
"LoadAverage": 0.556641,
"TasksCompleted": 556,
"System": 5,
"Enabled": 1
}
,
{
"ID": "GS_EXPLORER",
"Class": 1,
"Task": 0,
"CPUCount": 1,
"LoadAverage": 0.280000,
"TasksCompleted": 458,
"System": 5,
"Enabled": 1
}
,
{
"ID": "PI_KNS",
"Class": 1,
"Task": 0,
"CPUCount": 4,
"LoadAverage": 0.500000,
"TasksCompleted": 58,
"System": 6,
"Enabled": 1
}
,
{
"ID": "PI_KNS",
"Class": 1,
"Task": 0,
"CPUCount": 4,
"LoadAverage": 0.500000,
"TasksCompleted": 59,
"System": 6,
"Enabled": 1
}
,
{
"ID": "LibClient",
"Class": 2,
"Task": 0,
"CPUCount": 1,
"LoadAverage": 0.708496,
"TasksCompleted": 0,
"System": 5,
"Enabled": 1
}
,
{
"ID": "P_PROX",
"Class": 1,
"Task": 18657,
"CPUCount": 2,
"LoadAverage": 0.708496,
"TasksCompleted": 537,
"System": 5,
"Enabled": 1
}
,
{
"ID": "P_PROX",
"Class": 1,
"Task": 18658,
"CPUCount": 2,
"LoadAverage": 0.708496,
"TasksCompleted": 533,
"System": 5,
"Enabled": 1
}
,
{
"ID": "GS_WORK",
"Class": 1,
"Task": 18651,
"CPUCount": 1,
"LoadAverage": 0.350000,
"TasksCompleted": 354,
"System": 5,
"Enabled": 1
}
,
{
"ID": "LibClient",
"Class": 2,
"Task": 0,
"CPUCount": 1,
"LoadAverage": 0.708496,
"TasksCompleted": 0,
"System": 5,
"Enabled": 1
}
]}