{
"CPU": 1.522758,
"Starttime": 1714888439,
"Epoch": 1714941599,
"Version": "0.8",
"Throttled": 4,
"Utilization": 12.500000,
"Connections": 2,
"NodesCount": 8,
"TasksNew": 0,
"TasksCompleted": 23,
"TasksRunning": 1,
"TasksFailed": 10,
"TasksCount": 34,
"Tasks":[
{
"ID": 32191,
"Binary": "BTC_LOTTERY",
"State": 2,
"Progress": 0,
"Start": 1714941129,
"End": 0
}
,
{
"ID": 32193,
"Binary": "BTC_LOTTERY",
"State": 4,
"Progress": 100,
"Start": 1714941129,
"End": 1714941596
}
,
{
"ID": 32197,
"Binary": "BTC_LOTTERY",
"State": 4,
"Progress": 100,
"Start": 1714941129,
"End": 1714941576
}
,
{
"ID": 32198,
"Binary": "BTC_LOTTERY",
"State": 4,
"Progress": 100,
"Start": 1714941129,
"End": 1714941595
}
,
{
"ID": 32291,
"Binary": "DGLTC_LOTTERY",
"State": 4,
"Progress": 100,
"Start": 1714941557,
"End": 1714941559
}
,
{
"ID": 32292,
"Binary": "DGLTC_LOTTERY",
"State": 4,
"Progress": 100,
"Start": 1714941557,
"End": 1714941559
}
,
{
"ID": 32293,
"Binary": "DGLTC_LOTTERY",
"State": 4,
"Progress": 100,
"Start": 1714941557,
"End": 1714941559
}
,
{
"ID": 32294,
"Binary": "DGLTC_LOTTERY",
"State": 4,
"Progress": 100,
"Start": 1714941557,
"End": 1714941559
}
,
{
"ID": 32295,
"Binary": "DGLTC_LOTTERY",
"State": 4,
"Progress": 100,
"Start": 1714941559,
"End": 1714941562
}
,
{
"ID": 32296,
"Binary": "DGLTC_LOTTERY",
"State": 4,
"Progress": 100,
"Start": 1714941559,
"End": 1714941561
}
,
{
"ID": 32297,
"Binary": "DGLTC_LOTTERY",
"State": 4,
"Progress": 100,
"Start": 1714941561,
"End": 1714941564
}
,
{
"ID": 32298,
"Binary": "DGLTC_LOTTERY",
"State": 4,
"Progress": 100,
"Start": 1714941559,
"End": 1714941561
}
,
{
"ID": 32299,
"Binary": "DGLTC_LOTTERY",
"State": 4,
"Progress": 100,
"Start": 1714941559,
"End": 1714941562
}
,
{
"ID": 32300,
"Binary": "DGLTC_LOTTERY",
"State": 4,
"Progress": 100,
"Start": 1714941561,
"End": 1714941564
}
,
{
"ID": 32301,
"Binary": "DGLTC_LOTTERY",
"State": 3,
"Progress": 100,
"Start": 1714941586,
"End": 1714941587
}
,
{
"ID": 32302,
"Binary": "DGLTC_LOTTERY",
"State": 3,
"Progress": 100,
"Start": 1714941586,
"End": 1714941587
}
,
{
"ID": 32303,
"Binary": "DGLTC_LOTTERY",
"State": 3,
"Progress": 100,
"Start": 1714941586,
"End": 1714941588
}
,
{
"ID": 32304,
"Binary": "DGLTC_LOTTERY",
"State": 3,
"Progress": 100,
"Start": 1714941586,
"End": 1714941587
}
,
{
"ID": 32305,
"Binary": "DGLTC_LOTTERY",
"State": 3,
"Progress": 0,
"Start": 0,
"End": 0
}
,
{
"ID": 32306,
"Binary": "DGLTC_LOTTERY",
"State": 3,
"Progress": 0,
"Start": 0,
"End": 0
}
,
{
"ID": 32307,
"Binary": "DGLTC_LOTTERY",
"State": 3,
"Progress": 0,
"Start": 0,
"End": 0
}
,
{
"ID": 32308,
"Binary": "DGLTC_LOTTERY",
"State": 3,
"Progress": 0,
"Start": 0,
"End": 0
}
,
{
"ID": 32309,
"Binary": "DGLTC_LOTTERY",
"State": 3,
"Progress": 0,
"Start": 0,
"End": 0
}
,
{
"ID": 32310,
"Binary": "DGLTC_LOTTERY",
"State": 3,
"Progress": 0,
"Start": 0,
"End": 0
}
,
{
"ID": 32311,
"Binary": "DGLTC_LOTTERY",
"State": 4,
"Progress": 100,
"Start": 1714941590,
"End": 1714941593
}
,
{
"ID": 32312,
"Binary": "DGLTC_LOTTERY",
"State": 4,
"Progress": 100,
"Start": 1714941587,
"End": 1714941590
}
,
{
"ID": 32313,
"Binary": "DGLTC_LOTTERY",
"State": 4,
"Progress": 100,
"Start": 1714941587,
"End": 1714941590
}
,
{
"ID": 32314,
"Binary": "DGLTC_LOTTERY",
"State": 4,
"Progress": 100,
"Start": 1714941590,
"End": 1714941592
}
,
{
"ID": 32315,
"Binary": "DGLTC_LOTTERY",
"State": 4,
"Progress": 100,
"Start": 1714941590,
"End": 1714941592
}
,
{
"ID": 32316,
"Binary": "DGLTC_LOTTERY",
"State": 4,
"Progress": 100,
"Start": 1714941592,
"End": 1714941594
}
,
{
"ID": 32317,
"Binary": "DGLTC_LOTTERY",
"State": 4,
"Progress": 100,
"Start": 1714941592,
"End": 1714941594
}
,
{
"ID": 32318,
"Binary": "DGLTC_LOTTERY",
"State": 4,
"Progress": 100,
"Start": 1714941590,
"End": 1714941592
}
,
{
"ID": 32319,
"Binary": "DGLTC_LOTTERY",
"State": 4,
"Progress": 100,
"Start": 1714941588,
"End": 1714941590
}
,
{
"ID": 32320,
"Binary": "DGLTC_LOTTERY",
"State": 4,
"Progress": 100,
"Start": 1714941587,
"End": 1714941590
}
],
"Nodes":[
{
"ID": "PI_SOLAR",
"Class": 1,
"Task": 0,
"CPUCount": 4,
"LoadAverage": 1.800781,
"TasksCompleted": 91,
"System": 6,
"Enabled": 1
}
,
{
"ID": "LibClient",
"Class": 2,
"Task": 0,
"CPUCount": 1,
"LoadAverage": 0.064941,
"TasksCompleted": 0,
"System": 5,
"Enabled": 1
}
,
{
"ID": "PI_KNS",
"Class": 1,
"Task": 0,
"CPUCount": 4,
"LoadAverage": 4.590000,
"TasksCompleted": 82,
"System": 6,
"Enabled": 1
}
,
{
"ID": "PI_KNS",
"Class": 1,
"Task": 0,
"CPUCount": 4,
"LoadAverage": 4.590000,
"TasksCompleted": 82,
"System": 6,
"Enabled": 1
}
,
{
"ID": "GS_EXPLORER",
"Class": 1,
"Task": 0,
"CPUCount": 1,
"LoadAverage": 0.190000,
"TasksCompleted": 1833,
"System": 5,
"Enabled": 1
}
,
{
"ID": "GS_WORK",
"Class": 1,
"Task": 0,
"CPUCount": 1,
"LoadAverage": 0.050000,
"TasksCompleted": 1518,
"System": 5,
"Enabled": 1
}
,
{
"ID": "LibClient",
"Class": 2,
"Task": 0,
"CPUCount": 1,
"LoadAverage": 0.064941,
"TasksCompleted": 0,
"System": 5,
"Enabled": 1
}
,
{
"ID": "J_PROX",
"Class": 1,
"Task": 0,
"CPUCount": 2,
"LoadAverage": 0.814453,
"TasksCompleted": 2238,
"System": 5,
"Enabled": 1
}
,
{
"ID": "J_PROX",
"Class": 1,
"Task": 0,
"CPUCount": 2,
"LoadAverage": 0.814453,
"TasksCompleted": 2202,
"System": 5,
"Enabled": 1
}
,
{
"ID": "ABLACK",
"Class": 1,
"Task": 32191,
"CPUCount": 4,
"LoadAverage": 11.070000,
"TasksCompleted": 12,
"System": 6,
"Enabled": 1
}
]}